idx	protein
0	A0A024R1R8
1	A0A024RBG1
2	A0A075B6H7
3	A0A075B6H8
4	A0A075B6H9
5	A0A075B6I0
6	A0A075B6I1
7	A0A075B6I3
8	A0A075B6I4
9	A0A075B6I6
10	A0A075B6I7
11	A0A075B6I9
12	A0A075B6J1
13	A0A075B6J2
14	A0A075B6J6
15	A0A075B6J9
16	A0A075B6K0
17	A0A075B6K2
18	A0A075B6K4
19	A0A075B6K5
20	A0A075B6K6
21	A0A075B6L2
22	A0A075B6L6
23	A0A075B6N1
24	A0A075B6N2
25	A0A075B6N3
26	A0A075B6N4
27	A0A075B6P5
28	A0A075B6Q5
29	A0A075B6R0
30	A0A075B6R2
31	A0A075B6R9
32	A0A075B6S0
33	A0A075B6S2
34	A0A075B6S4
35	A0A075B6S5
36	A0A075B6S6
37	A0A075B6S9
38	A0A075B6T6
39	A0A075B6T7
40	A0A075B6T8
41	A0A075B6U4
42	A0A075B6V5
43	A0A075B6W5
44	A0A075B6X5
45	A0A075B6Y3
46	A0A075B6Y9
47	A0A075B700
48	A0A075B706
49	A0A075B734
50	A0A075B759
51	A0A075B767
52	A0A087WSX0
53	A0A087WSY4
54	A0A087WSY6
55	A0A087WSZ0
56	A0A087WSZ9
57	A0A087WT01
58	A0A087WT02
59	A0A087WT03
60	A0A087WTH1
61	A0A087WUL8
62	A0A087WUV0
63	A0A087WV53
64	A0A087WV62
65	A0A087WVF3
66	A0A087WW87
67	A0A087WWA1
68	A0A087WWS6
69	A0A087WXM9
70	A0A087WXS9
71	A0A087X0K7
72	A0A087X0M5
73	A0A087X179
74	A0A087X1C5
75	A0A087X1G2
76	A0A096LNP1
77	A0A096LNW5
78	A0A096LP01
79	A0A096LP49
80	A0A096LP55
81	A0A096LPI5
82	A0A096LPK9
83	A0A0A0MRZ7
84	A0A0A0MRZ8
85	A0A0A0MRZ9
86	A0A0A0MS00
87	A0A0A0MS01
88	A0A0A0MS02
89	A0A0A0MS03
90	A0A0A0MS04
91	A0A0A0MS05
92	A0A0A0MS06
93	A0A0A0MS14
94	A0A0A0MS15
95	A0A0A0MT36
96	A0A0A0MT70
97	A0A0A0MT76
98	A0A0A0MT78
99	A0A0A0MT87
100	A0A0A0MT89
101	A0A0A0MT94
102	A0A0A0MTA4
103	A0A0A0MTA7
104	A0A0A6YYC5
105	A0A0A6YYD4
106	A0A0A6YYG2
107	A0A0A6YYG3
108	A0A0A6YYJ7
109	A0A0A6YYK1
110	A0A0A6YYK4
111	A0A0A6YYK6
112	A0A0A6YYK7
113	A0A0A6YYL3
114	A0A0B4J1U3
115	A0A0B4J1U4
116	A0A0B4J1U6
117	A0A0B4J1U7
118	A0A0B4J1V0
119	A0A0B4J1V1
120	A0A0B4J1V2
121	A0A0B4J1V6
122	A0A0B4J1V7
123	A0A0B4J1W7
124	A0A0B4J1X5
125	A0A0B4J1X8
126	A0A0B4J1Y8
127	A0A0B4J1Y9
128	A0A0B4J1Z2
129	A0A0B4J200
130	A0A0B4J234
131	A0A0B4J235
132	A0A0B4J237
133	A0A0B4J238
134	A0A0B4J240
135	A0A0B4J241
136	A0A0B4J244
137	A0A0B4J245
138	A0A0B4J248
139	A0A0B4J249
140	A0A0B4J262
141	A0A0B4J263
142	A0A0B4J264
143	A0A0B4J265
144	A0A0B4J266
145	A0A0B4J268
146	A0A0B4J271
147	A0A0B4J272
148	A0A0B4J273
149	A0A0B4J274
150	A0A0B4J275
151	A0A0B4J276
152	A0A0B4J277
153	A0A0B4J279
154	A0A0B4J280
155	A0A0B4J2A2
156	A0A0B4J2D9
157	A0A0B4J2E0
158	A0A0B4J2F0
159	A0A0B4J2H0
160	A0A0C4DGP1
161	A0A0C4DH24
162	A0A0C4DH25
163	A0A0C4DH26
164	A0A0C4DH27
165	A0A0C4DH28
166	A0A0C4DH29
167	A0A0C4DH30
168	A0A0C4DH31
169	A0A0C4DH32
170	A0A0C4DH33
171	A0A0C4DH34
172	A0A0C4DH35
173	A0A0C4DH36
174	A0A0C4DH38
175	A0A0C4DH39
176	A0A0C4DH41
177	A0A0C4DH42
178	A0A0C4DH43
179	A0A0C4DH55
180	A0A0C4DH59
181	A0A0C4DH62
182	A0A0C4DH67
183	A0A0C4DH68
184	A0A0C4DH69
185	A0A0C4DH72
186	A0A0C4DH73
187	A0A0C5B5G6
188	A0A0D9SF12
189	A0A0G2JMD5
190	A0A0G2JMI3
191	A0A0G2JS06
192	A0A0J9YVY3
193	A0A0J9YWL9
194	A0A0J9YWP8
195	A0A0J9YWX3
196	A0A0J9YX06
197	A0A0J9YX35
198	A0A0J9YX57
199	A0A0J9YX75
200	A0A0J9YX94
201	A0A0J9YXA8
202	A0A0J9YXG5
203	A0A0J9YXM7
204	A0A0J9YXQ4
205	A0A0J9YXV3
206	A0A0J9YXX1
207	A0A0J9YXY3
208	A0A0J9YY54
209	A0A0K0K1A3
210	A0A0K0K1A5
211	A0A0K0K1B3
212	A0A0K0K1C0
213	A0A0K0K1C4
214	A0A0K0K1D8
215	A0A0K0K1E9
216	A0A0K0K1G6
217	A0A0K0K1G8
218	A0A0K2S4Q6
219	A0A0U1RQE8
220	A0A0U1RQF7
221	A0A0U1RQG5
222	A0A0U1RQI7
223	A0A0U1RQS6
224	A0A0U1RR11
225	A0A0U1RR37
226	A0A0U1RRA0
227	A0A0U1RRE5
228	A0A0U1RRI6
229	A0A0U1RRK4
230	A0A0U1RRL7
231	A0A0U1RRN3
232	A0A0X1KG70
233	A0A183
234	A0A1B0GTB2
235	A0A1B0GTC6
236	A0A1B0GTD5
237	A0A1B0GTH6
238	A0A1B0GTH9
239	A0A1B0GTI1
240	A0A1B0GTI8
241	A0A1B0GTJ6
242	A0A1B0GTK4
243	A0A1B0GTK5
244	A0A1B0GTL2
245	A0A1B0GTQ4
246	A0A1B0GTR0
247	A0A1B0GTR3
248	A0A1B0GTR4
249	A0A1B0GTS1
250	A0A1B0GTU1
251	A0A1B0GTU2
252	A0A1B0GTW7
253	A0A1B0GTY4
254	A0A1B0GTZ2
255	A0A1B0GU29
256	A0A1B0GU33
257	A0A1B0GU71
258	A0A1B0GUA5
259	A0A1B0GUA6
260	A0A1B0GUA7
261	A0A1B0GUA9
262	A0A1B0GUC4
263	A0A1B0GUI7
264	A0A1B0GUJ8
265	A0A1B0GUQ0
266	A0A1B0GUS0
267	A0A1B0GUS4
268	A0A1B0GUT2
269	A0A1B0GUU1
270	A0A1B0GUV1
271	A0A1B0GUV7
272	A0A1B0GUW6
273	A0A1B0GUW7
274	A0A1B0GUX0
275	A0A1B0GUY1
276	A0A1B0GV03
277	A0A1B0GV22
278	A0A1B0GV85
279	A0A1B0GV90
280	A0A1B0GV96
281	A0A1B0GVB3
282	A0A1B0GVD1
283	A0A1B0GVG4
284	A0A1B0GVG6
285	A0A1B0GVH4
286	A0A1B0GVH6
287	A0A1B0GVH7
288	A0A1B0GVK7
289	A0A1B0GVM5
290	A0A1B0GVM6
291	A0A1B0GVN3
292	A0A1B0GVQ0
293	A0A1B0GVQ3
294	A0A1B0GVR7
295	A0A1B0GVS7
296	A0A1B0GVT2
297	A0A1B0GVV1
298	A0A1B0GVX0
299	A0A1B0GVY4
300	A0A1B0GVZ2
301	A0A1B0GVZ6
302	A0A1B0GVZ9
303	A0A1B0GW35
304	A0A1B0GW54
305	A0A1B0GW64
306	A0A1B0GWB2
307	A0A1B0GWG4
308	A0A1B0GWH4
309	A0A1B0GWH6
310	A0A1B0GWI6
311	A0A1B0GWK0
312	A0A1B0GX31
313	A0A1B0GX49
314	A0A1B0GX51
315	A0A1B0GX56
316	A0A1B0GX68
317	A0A1B0GX78
318	A0A1B0GX95
319	A0A1B0GXF2
320	A0A1W2PP81
321	A0A1W2PP97
322	A0A1W2PPD8
323	A0A1W2PPE2
324	A0A1W2PPE3
325	A0A1W2PPF3
326	A0A1W2PPG7
327	A0A1W2PPH5
328	A0A1W2PPK0
329	A0A1W2PPL8
330	A0A1W2PPM1
331	A0A1W2PPW3
332	A0A1W2PQ09
333	A0A1W2PQ27
334	A0A1W2PQ64
335	A0A1W2PQ72
336	A0A1W2PQ73
337	A0A1W2PQC6
338	A0A1W2PQD8
339	A0A1W2PQJ5
340	A0A1W2PQL4
341	A0A1W2PQU2
342	A0A1W2PR19
343	A0A1W2PR48
344	A0A1W2PR64
345	A0A1W2PR75
346	A0A1W2PR82
347	A0A1W2PR95
348	A0A1W2PRP0
349	A0A1W2PRV1
350	A0A1W2PS18
351	A0A286YEU6
352	A0A286YEV6
353	A0A286YEX9
354	A0A286YEY9
355	A0A286YF01
356	A0A286YF18
357	A0A286YF46
358	A0A286YF58
359	A0A286YF60
360	A0A286YF77
361	A0A286YFB4
362	A0A286YFG1
363	A0A286YFK9
364	A0A2R8Y2Y2
365	A0A2R8Y4L2
366	A0A2R8Y4L6
367	A0A2R8Y4Y8
368	A0A2R8Y619
369	A0A2R8Y7D0
370	A0A2R8Y7Y5
371	A0A2R8YCJ5
372	A0A2R8YED5
373	A0A2R8YFL7
374	A0A2R8YFM6
375	A0A2Z4LIS9
376	A0A3B3IRV3
377	A0A3B3IS91
378	A0A3B3IT33
379	A0A3B3IT45
380	A0A3B3IT52
381	A0A3B3IU46
382	A0A3B3IU63
383	A0A3G1DIU6
384	A0A3G1DJK2
385	A0A3G1DJL1
386	A0A3G1DJL7
387	A0A3G1DJN1
388	A0A3G1DJQ2
389	A0A411D538
390	A0A455ZAR2
391	A0A494BZU4
392	A0A494C071
393	A0A494C086
394	A0A494C0N9
395	A0A494C0Y3
396	A0A494C0Z2
397	A0A494C103
398	A0A494C191
399	A0A494C1I1
400	A0A494C1R9
401	A0A539
402	A0A576
403	A0A577
404	A0A578
405	A0A584
406	A0A589
407	A0A590UK83
408	A0A597
409	A0A599
410	A0A5A2
411	A0A5A6
412	A0A5B0
413	A0A5B6
414	A0A5B7
415	A0A5B9
416	A0A5F9ZH02
417	A0A5F9ZHS7
418	A0A6I8PU40
419	A0A7I2V3R4
420	A0A7L8Y648
421	A0A7P0TBJ1
422	A0A804HLA8
423	A0A8I5KQE6
424	A0A8I5KY20
425	A0A8V8TMC4
426	A0A8V8TNH8
427	A0A8V8TPE2
428	A0AUZ9
429	A0AV02
430	A0AV96
431	A0AVF1
432	A0AVI2
433	A0AVI4
434	A0AVK6
435	A0AVT1
436	A0FGR8
437	A0FGR9
438	A0JD32
439	A0JD36
440	A0JD37
441	A0JLT2
442	A0JNW5
443	A0JP26
444	A0M8Q6
445	A0MZ66
446	A0PG75
447	A0PJE2
448	A0PJK1
449	A0PJW6
450	A0PJW8
451	A0PJX0
452	A0PJX2
453	A0PJX4
454	A0PJX8
455	A0PJY2
456	A0PJZ0
457	A0PJZ3
458	A0PK00
459	A0PK05
460	A0PK11
461	A0ZSE6
462	A1A4F0
463	A1A4G5
464	A1A4S6
465	A1A4V9
466	A1A4Y4
467	A1A519
468	A1A580
469	A1A5B4
470	A1A5C7
471	A1A5D9
472	A1E959
473	A1IGU5
474	A1KXE4
475	A1KZ92
476	A1L020
477	A1L0T0
478	A1L157
479	A1L162
480	A1L167
481	A1L168
482	A1L170
483	A1L188
484	A1L190
485	A1L1A6
486	A1L390
487	A1L3X0
488	A1L3X4
489	A1L429
490	A1L443
491	A1L453
492	A1L4H1
493	A1L4K1
494	A1L4L8
495	A1L4Q6
496	A1X283
497	A1XBS5
498	A1YPR0
499	A1Z1Q3
500	A2A288
501	A2A2V5
502	A2A2Y4
503	A2A2Z9
504	A2A368
505	A2A3K4
506	A2A3L6
507	A2A3N6
508	A2AJT9
509	A2CJ06
510	A2IDD5
511	A2JGV3
512	A2NJV5
513	A2PYH4
514	A2RRD8
515	A2RRH5
516	A2RRL7
517	A2RRP1
518	A2RTX5
519	A2RTY3
520	A2RU14
521	A2RU30
522	A2RU37
523	A2RU48
524	A2RU49
525	A2RU54
526	A2RU67
527	A2RUB1
528	A2RUB6
529	A2RUC4
530	A2RUH7
531	A2RUQ5
532	A2RUR9
533	A2RUS2
534	A2RUT3
535	A2RUU4
536	A2VCK2
537	A2VDF0
538	A2VDJ0
539	A2VEC9
540	A3KFT3
541	A3KMH1
542	A3KN83
543	A3QJZ6
544	A3QJZ7
545	A4D0S4
546	A4D0T7
547	A4D0V7
548	A4D0Y5
549	A4D126
550	A4D161
551	A4D1B5
552	A4D1E1
553	A4D1E9
554	A4D1F6
555	A4D1N5
556	A4D1P6
557	A4D1S0
558	A4D1S5
559	A4D1T9
560	A4D1U4
561	A4D1Z8
562	A4D250
563	A4D256
564	A4D263
565	A4D2B0
566	A4D2B8
567	A4D2G3
568	A4D2H0
569	A4D2P6
570	A4FU01
571	A4FU28
572	A4FU49
573	A4FU69
574	A4GXA9
575	A4IF30
576	A4QMS7
577	A4QN01
578	A4QPB2
579	A4QPH2
580	A4UGR9
581	A5A3E0
582	A5D6W6
583	A5D8T8
584	A5D8V6
585	A5D8V7
586	A5D8W1
587	A5LHX3
588	A5PKW4
589	A5PL33
590	A5PLK6
591	A5PLL1
592	A5PLL7
593	A5PLN7
594	A5PLN9
595	A5X5Y0
596	A5YKK6
597	A5YM69
598	A5YM72
599	A6BM72
600	A6H8M9
601	A6H8Y1
602	A6H8Z2
603	A6NC05
604	A6NC42
605	A6NC51
606	A6NC57
607	A6NC62
608	A6NC78
609	A6NC86
610	A6NC97
611	A6NC98
612	A6NCC3
613	A6NCE7
614	A6NCF5
615	A6NCF6
616	A6NCI4
617	A6NCI5
618	A6NCI8
619	A6NCJ1
620	A6NCK2
621	A6NCL1
622	A6NCL2
623	A6NCL7
624	A6NCM1
625	A6NCN2
626	A6NCN8
627	A6NCQ9
628	A6NCS4
629	A6NCS6
630	A6NCV1
631	A6NCW0
632	A6NCW7
633	A6ND01
634	A6ND36
635	A6ND48
636	A6ND91
637	A6NDA9
638	A6NDB9
639	A6NDD5
640	A6NDE4
641	A6NDE8
642	A6NDG6
643	A6NDH6
644	A6NDI0
645	A6NDK9
646	A6NDL7
647	A6NDL8
648	A6NDN3
649	A6NDN8
650	A6NDP7
651	A6NDR6
652	A6NDS4
653	A6NDU8
654	A6NDV4
655	A6NDX4
656	A6NDX5
657	A6NDY0
658	A6NDY2
659	A6NDZ8
660	A6NE01
661	A6NE02
662	A6NE52
663	A6NE82
664	A6NEC2
665	A6NED2
666	A6NEE1
667	A6NEF3
668	A6NEH6
669	A6NEH8
670	A6NEK1
671	A6NEL2
672	A6NEL3
673	A6NEM1
674	A6NEN9
675	A6NEQ0
676	A6NEQ2
677	A6NER0
678	A6NER3
679	A6NES4
680	A6NET4
681	A6NEV1
682	A6NEY8
683	A6NF01
684	A6NF34
685	A6NF36
686	A6NF83
687	A6NF89
688	A6NFA0
689	A6NFA1
690	A6NFC5
691	A6NFC9
692	A6NFD8
693	A6NFE2
694	A6NFE3
695	A6NFF2
696	A6NFH5
697	A6NFI3
698	A6NFK2
699	A6NFN3
700	A6NFN9
701	A6NFQ2
702	A6NFQ7
703	A6NFR6
704	A6NFT4
705	A6NFU0
706	A6NFU8
707	A6NFX1
708	A6NFY4
709	A6NFY7
710	A6NFZ4
711	A6NG13
712	A6NGA9
713	A6NGB0
714	A6NGB7
715	A6NGB9
716	A6NGC4
717	A6NGD5
718	A6NGE4
719	A6NGE7
720	A6NGG3
721	A6NGG8
722	A6NGH7
723	A6NGH8
724	A6NGJ6
725	A6NGK3
726	A6NGN4
727	A6NGN9
728	A6NGQ2
729	A6NGR9
730	A6NGS2
731	A6NGU5
732	A6NGU7
733	A6NGW2
734	A6NGY1
735	A6NGY3
736	A6NGY5
737	A6NGZ8
738	A6NH00
739	A6NH11
740	A6NH13
741	A6NH21
742	A6NH52
743	A6NH57
744	A6NHA9
745	A6NHC0
746	A6NHG4
747	A6NHG9
748	A6NHJ4
749	A6NHL2
750	A6NHM9
751	A6NHN0
752	A6NHN6
753	A6NHP3
754	A6NHQ2
755	A6NHQ4
756	A6NHR8
757	A6NHR9
758	A6NHS1
759	A6NHS7
760	A6NHT5
761	A6NHX0
762	A6NHY2
763	A6NHZ5
764	A6NI03
765	A6NI15
766	A6NI28
767	A6NI47
768	A6NI56
769	A6NI61
770	A6NI72
771	A6NI73
772	A6NI79
773	A6NI86
774	A6NI87
775	A6NIE6
776	A6NIE9
777	A6NIH7
778	A6NIJ5
779	A6NIJ9
780	A6NIK2
781	A6NIM6
782	A6NIN4
783	A6NIR3
784	A6NIU2
785	A6NIV6
786	A6NIX2
787	A6NIY4
788	A6NIZ1
789	A6NJ08
790	A6NJ46
791	A6NJ64
792	A6NJ69
793	A6NJ78
794	A6NJ88
795	A6NJB7
796	A6NJG2
797	A6NJG6
798	A6NJI1
799	A6NJI9
800	A6NJJ6
801	A6NJL1
802	A6NJQ4
803	A6NJR5
804	A6NJT0
805	A6NJU9
806	A6NJV1
807	A6NJW4
808	A6NJW9
809	A6NJY1
810	A6NJY4
811	A6NJZ3
812	A6NJZ7
813	A6NK02
814	A6NK06
815	A6NK44
816	A6NK53
817	A6NK58
818	A6NK59
819	A6NK75
820	A6NK89
821	A6NK97
822	A6NKB5
823	A6NKC0
824	A6NKC9
825	A6NKD2
826	A6NKD9
827	A6NKF1
828	A6NKF2
829	A6NKF7
830	A6NKG5
831	A6NKH3
832	A6NKK0
833	A6NKL6
834	A6NKN8
835	A6NKP2
836	A6NKQ9
837	A6NKT7
838	A6NKU9
839	A6NKW6
840	A6NKX1
841	A6NKX4
842	A6NL08
843	A6NL26
844	A6NL46
845	A6NL82
846	A6NL88
847	A6NLC5
848	A6NLC8
849	A6NLE4
850	A6NLI5
851	A6NLJ0
852	A6NLP5
853	A6NLU0
854	A6NLU5
855	A6NLW8
856	A6NLX3
857	A6NLX4
858	A6NM03
859	A6NM10
860	A6NM11
861	A6NM28
862	A6NM36
863	A6NM43
864	A6NM45
865	A6NM62
866	A6NM66
867	A6NM76
868	A6NMA1
869	A6NMB1
870	A6NMB9
871	A6NMD0
872	A6NMD2
873	A6NMK7
874	A6NMK8
875	A6NML5
876	A6NMN3
877	A6NMS3
878	A6NMS7
879	A6NMT0
880	A6NMU1
881	A6NMX2
882	A6NMY6
883	A6NMZ2
884	A6NMZ5
885	A6NMZ7
886	A6NN14
887	A6NN73
888	A6NN90
889	A6NN92
890	A6NNA2
891	A6NNA5
892	A6NNB3
893	A6NNC1
894	A6NND4
895	A6NNE9
896	A6NNF4
897	A6NNH2
898	A6NNJ1
899	A6NNL0
900	A6NNL5
901	A6NNM3
902	A6NNM8
903	A6NNN8
904	A6NNP5
905	A6NNS2
906	A6NNT2
907	A6NNV3
908	A6NNW6
909	A6NNX1
910	A6NNY8
911	A6NNZ2
912	A6NP11
913	A6NP61
914	A6PVC2
915	A6PVI3
916	A6PVL3
917	A6PVS8
918	A6PVY3
919	A6QL63
920	A6QL64
921	A6XGL0
922	A6ZKI3
923	A7E2F4
924	A7E2S9
925	A7E2U8
926	A7E2V4
927	A7E2Y1
928	A7KAX9
929	A7MBM2
930	A7MCY6
931	A7MD48
932	A7XYQ1
933	A8CG34
934	A8K010
935	A8K0R7
936	A8K0S8
937	A8K0Z3
938	A8K2U0
939	A8K4G0
940	A8K554
941	A8K5M9
942	A8K7I4
943	A8K830
944	A8K855
945	A8K8P3
946	A8K8V0
947	A8K979
948	A8MPP1
949	A8MPS7
950	A8MPX8
951	A8MPY1
952	A8MQ03
953	A8MQ11
954	A8MQ14
955	A8MQ27
956	A8MQB3
957	A8MQT2
958	A8MRT5
959	A8MSI8
960	A8MT19
961	A8MT33
962	A8MT65
963	A8MT66
964	A8MT69
965	A8MT70
966	A8MTA8
967	A8MTB9
968	A8MTI9
969	A8MTJ3
970	A8MTJ6
971	A8MTL0
972	A8MTL3
973	A8MTL9
974	A8MTQ0
975	A8MTT3
976	A8MTW9
977	A8MTY0
978	A8MTY7
979	A8MTZ0
980	A8MTZ7
981	A8MU10
982	A8MU46
983	A8MU93
984	A8MUA0
985	A8MUH7
986	A8MUI8
987	A8MUK1
988	A8MUL3
989	A8MUM7
990	A8MUN3
991	A8MUP2
992	A8MUP6
993	A8MUU1
994	A8MUU9
995	A8MUV8
996	A8MUX0
997	A8MUZ8
998	A8MV23
999	A8MV24
1000	A8MV57
1001	A8MV65
1002	A8MV72
1003	A8MV81
1004	A8MVA2
1005	A8MVJ9
1006	A8MVM7
1007	A8MVS5
1008	A8MVU1
1009	A8MVW0
1010	A8MVW5
1011	A8MVX0
1012	A8MVZ5
1013	A8MW92
1014	A8MW95
1015	A8MW99
1016	A8MWA4
1017	A8MWA6
1018	A8MWD9
1019	A8MWE9
1020	A8MWK0
1021	A8MWL6
1022	A8MWL7
1023	A8MWP4
1024	A8MWV9
1025	A8MWX3
1026	A8MWY0
1027	A8MX19
1028	A8MX34
1029	A8MX76
1030	A8MX80
1031	A8MXD5
1032	A8MXE2
1033	A8MXJ8
1034	A8MXK1
1035	A8MXQ7
1036	A8MXT2
1037	A8MXU0
1038	A8MXV4
1039	A8MXV6
1040	A8MXY4
1041	A8MXZ1
1042	A8MXZ3
1043	A8MY62
1044	A8MYA2
1045	A8MYB1
1046	A8MYJ7
1047	A8MYP8
1048	A8MYU2
1049	A8MYV0
1050	A8MYZ0
1051	A8MYZ5
1052	A8MYZ6
1053	A8MZ25
1054	A8MZ26
1055	A8MZ36
1056	A8MZ59
1057	A8MZ97
1058	A8MZA4
1059	A8MZF0
1060	A8MZG2
1061	A8MZH6
1062	A8TX70
1063	A9QM74
1064	A9UHW6
1065	A9YTQ3
1066	B0FP48
1067	B0I1T2
1068	B0L3A2
1069	B0YJ81
1070	B1AH88
1071	B1AJZ9
1072	B1AK53
1073	B1AK76
1074	B1AKI9
1075	B1AL46
1076	B1AL88
1077	B1AMM8
1078	B1ANH7
1079	B1ANS9
1080	B1ANY3
1081	B1APH4
1082	B1ATL7
1083	B2CW77
1084	B2RBV5
1085	B2RC85
1086	B2RD01
1087	B2RN74
1088	B2RNN3
1089	B2RPK0
1090	B2RTY4
1091	B2RU33
1092	B2RUY7
1093	B2RUZ4
1094	B2RV13
1095	B2RXF0
1096	B2RXF5
1097	B2RXH2
1098	B2RXH4
1099	B2RXH8
1100	B3EWF7
1101	B3EWG3
1102	B3EWG5
1103	B3EWG6
1104	B3GLJ2
1105	B3KS81
1106	B3KU38
1107	B3SHH9
1108	B4DH59
1109	B4DJY2
1110	B4DS77
1111	B4DU55
1112	B4DX44
1113	B4DXR9
1114	B4DYI2
1115	B4DZS4
1116	B4E2M5
1117	B5MCN3
1118	B5MCY1
1119	B5MD39
1120	B5ME19
1121	B6A8C7
1122	B6SEH8
1123	B6SEH9
1124	B7U540
1125	B7Z1M9
1126	B7Z368
1127	B7Z6K7
1128	B7Z8K6
1129	B7ZAP0
1130	B7ZAQ6
1131	B7ZBB8
1132	B7ZC32
1133	B7ZW38
1134	B8ZZ34
1135	B9A014
1136	B9A064
1137	B9A6J9
1138	B9EJG8
1139	C0HLS1
1140	C0HLU2
1141	C0HLV8
1142	C0HLZ6
1143	C0HM01
1144	C0HM02
1145	C0HM83
1146	C0HM98
1147	C0HMA1
1148	C0HMD6
1149	C0HMD7
1150	C0HME5
1151	C0HME6
1152	C4AMC7
1153	C9J069
1154	C9J1S8
1155	C9J202
1156	C9J2P7
1157	C9J302
1158	C9J3I9
1159	C9J3V5
1160	C9J6K1
1161	C9J798
1162	C9J7I0
1163	C9JBD0
1164	C9JC47
1165	C9JCN9
1166	C9JDP6
1167	C9JE40
1168	C9JFL3
1169	C9JG80
1170	C9JH25
1171	C9JI98
1172	C9JJ37
1173	C9JJH3
1174	C9JL84
1175	C9JLJ4
1176	C9JLR9
1177	C9JLW8
1178	C9JN71
1179	C9JPN9
1180	C9JQI7
1181	C9JQL5
1182	C9JR72
1183	C9JRZ8
1184	C9JSJ3
1185	C9JTQ0
1186	C9JUS6
1187	C9JVI0
1188	C9JVW0
1189	C9JXX5
1190	D0EPY3
1191	D3DTV9
1192	D3W0D1
1193	D6R901
1194	D6R9N7
1195	D6RA61
1196	D6RBM5
1197	D6RBQ6
1198	D6RCP7
1199	D6REC4
1200	D6RF30
1201	D6RGH6
1202	D6RGX4
1203	D6RIA3
1204	D6RJB6
1205	E0CX11
1206	E2RYF6
1207	E2RYF7
1208	E5RG02
1209	E5RHQ5
1210	E5RIL1
1211	E5RJ46
1212	E5RJM6
1213	E5RQL4
1214	E7ERA6
1215	E7ETH6
1216	E7EW31
1217	E9PAV3
1218	E9PB15
1219	E9PGG2
1220	E9PI22
1221	E9PIF3
1222	E9PJ23
1223	E9PJI5
1224	E9PKD4
1225	E9PQ53
1226	E9PQR5
1227	E9PQX1
1228	E9PRG8
1229	F2Z333
1230	F2Z398
1231	F2Z3F1
1232	F5GYI3
1233	F5H094
1234	F5H284
1235	F5H4A9
1236	F5H4B4
1237	F7VJQ1
1238	F8VTS6
1239	F8W0I5
1240	F8W1W9
1241	F8WBI6
1242	F8WCM5
1243	F8WFD2
1244	G2XKQ0
1245	G3V0H7
1246	G3V211
1247	G5E9R7
1248	G9CGD6
1249	H0UI37
1250	H0Y354
1251	H0Y7S4
1252	H0YKK7
1253	H0YL14
1254	H0YM25
1255	H3BMG3
1256	H3BNL1
1257	H3BNL8
1258	H3BPF8
1259	H3BPM6
1260	H3BQB6
1261	H3BQJ8
1262	H3BQL2
1263	H3BQW9
1264	H3BR10
1265	H3BRN8
1266	H3BS89
1267	H3BSY2
1268	H3BTG2
1269	H3BU77
1270	H3BUK9
1271	H3BV12
1272	H3BV60
1273	H7BZ55
1274	H7C241
1275	H7C350
1276	I0J062
1277	I1YAP6
1278	I3L0S3
1279	I3L1E1
1280	I3L273
1281	I3L3L1
1282	I3L3R5
1283	I6L899
1284	J3KSC0
1285	K7EIQ3
1286	K7EJ46
1287	K9M1U5
1288	L0R6Q1
1289	L0R819
1290	L0R8F8
1291	M0QZC1
1292	M0R2J8
1293	M5A8F1
1294	O00110
1295	O00115
1296	O00116
1297	O00124
1298	O00139
1299	O00141
1300	O00142
1301	O00144
1302	O00148
1303	O00151
1304	O00154
1305	O00155
1306	O00159
1307	O00160
1308	O00161
1309	O00165
1310	O00167
1311	O00168
1312	O00170
1313	O00175
1314	O00178
1315	O00180
1316	O00182
1317	O00186
1318	O00187
1319	O00189
1320	O00192
1321	O00193
1322	O00194
1323	O00198
1324	O00203
1325	O00204
1326	O00206
1327	O00212
1328	O00213
1329	O00214
1330	O00217
1331	O00219
1332	O00220
1333	O00221
1334	O00222
1335	O00230
1336	O00231
1337	O00232
1338	O00233
1339	O00237
1340	O00238
1341	O00241
1342	O00244
1343	O00253
1344	O00254
1345	O00255
1346	O00257
1347	O00258
1348	O00264
1349	O00267
1350	O00268
1351	O00270
1352	O00273
1353	O00287
1354	O00291
1355	O00292
1356	O00294
1357	O00295
1358	O00299
1359	O00300
1360	O00303
1361	O00305
1362	O00308
1363	O00311
1364	O00321
1365	O00322
1366	O00327
1367	O00329
1368	O00330
1369	O00337
1370	O00338
1371	O00339
1372	O00341
1373	O00358
1374	O00370
1375	O00391
1376	O00398
1377	O00399
1378	O00400
1379	O00401
1380	O00408
1381	O00409
1382	O00410
1383	O00411
1384	O00418
1385	O00421
1386	O00422
1387	O00423
1388	O00425
1389	O00429
1390	O00442
1391	O00443
1392	O00444
1393	O00445
1394	O00451
1395	O00453
1396	O00458
1397	O00459
1398	O00461
1399	O00462
1400	O00463
1401	O00468
1402	O00469
1403	O00470
1404	O00471
1405	O00472
1406	O00476
1407	O00478
1408	O00479
1409	O00481
1410	O00482
1411	O00483
1412	O00487
1413	O00488
1414	O00499
1415	O00501
1416	O00505
1417	O00506
1418	O00507
1419	O00512
1420	O00515
1421	O00519
1422	O00522
1423	O00526
1424	O00533
1425	O00534
1426	O00541
1427	O00548
1428	O00555
1429	O00559
1430	O00560
1431	O00562
1432	O00566
1433	O00567
1434	O00570
1435	O00571
1436	O00574
1437	O00584
1438	O00585
1439	O00587
1440	O00590
1441	O00591
1442	O00592
1443	O00602
1444	O00622
1445	O00623
1446	O00624
1447	O00625
1448	O00626
1449	O00628
1450	O00629
1451	O00631
1452	O00634
1453	O00635
1454	O00712
1455	O00716
1456	O00743
1457	O00744
1458	O00746
1459	O00748
1460	O00750
1461	O00754
1462	O00755
1463	O00757
1464	O00762
1465	O00763
1466	O00764
1467	O00767
1468	O14490
1469	O14492
1470	O14493
1471	O14494
1472	O14495
1473	O14497
1474	O14498
1475	O14503
1476	O14508
1477	O14511
1478	O14512
1479	O14513
1480	O14514
1481	O14519
1482	O14520
1483	O14521
1484	O14522
1485	O14523
1486	O14524
1487	O14525
1488	O14526
1489	O14529
1490	O14530
1491	O14531
1492	O14543
1493	O14544
1494	O14545
1495	O14548
1496	O14556
1497	O14558
1498	O14559
1499	O14561
1500	O14562
1501	O14569
1502	O14576
1503	O14578
1504	O14579
1505	O14581
1506	O14593
1507	O14594
1508	O14595
1509	O14598
1510	O14599
1511	O14602
1512	O14603
1513	O14604
1514	O14607
1515	O14609
1516	O14610
1517	O14613
1518	O14617
1519	O14618
1520	O14625
1521	O14626
1522	O14627
1523	O14628
1524	O14633
1525	O14638
1526	O14639
1527	O14640
1528	O14641
1529	O14645
1530	O14646
1531	O14647
1532	O14649
1533	O14653
1534	O14654
1535	O14656
1536	O14657
1537	O14662
1538	O14668
1539	O14669
1540	O14672
1541	O14678
1542	O14681
1543	O14682
1544	O14683
1545	O14684
1546	O14686
1547	O14709
1548	O14713
1549	O14715
1550	O14717
1551	O14718
1552	O14727
1553	O14730
1554	O14732
1555	O14733
1556	O14734
1557	O14735
1558	O14737
1559	O14744
1560	O14745
1561	O14746
1562	O14753
1563	O14756
1564	O14757
1565	O14763
1566	O14764
1567	O14770
1568	O14771
1569	O14772
1570	O14773
1571	O14775
1572	O14776
1573	O14777
1574	O14782
1575	O14786
1576	O14787
1577	O14788
1578	O14791
1579	O14792
1580	O14793
1581	O14795
1582	O14796
1583	O14798
1584	O14802
1585	O14804
1586	O14807
1587	O14810
1588	O14813
1589	O14815
1590	O14817
1591	O14818
1592	O14827
1593	O14828
1594	O14829
1595	O14830
1596	O14832
1597	O14836
1598	O14841
1599	O14842
1600	O14843
1601	O14862
1602	O14863
1603	O14867
1604	O14874
1605	O14879
1606	O14880
1607	O14893
1608	O14894
1609	O14896
1610	O14901
1611	O14904
1612	O14905
1613	O14907
1614	O14908
1615	O14910
1616	O14917
1617	O14920
1618	O14921
1619	O14924
1620	O14925
1621	O14926
1622	O14929
1623	O14931
1624	O14933
1625	O14936
1626	O14939
1627	O14944
1628	O14948
1629	O14949
1630	O14950
1631	O14957
1632	O14958
1633	O14960
1634	O14964
1635	O14965
1636	O14966
1637	O14967
1638	O14972
1639	O14974
1640	O14975
1641	O14976
1642	O14977
1643	O14978
1644	O14979
1645	O14980
1646	O14981
1647	O14983
1648	O14986
1649	O14990
1650	O14994
1651	O15013
1652	O15014
1653	O15015
1654	O15016
1655	O15018
1656	O15020
1657	O15021
1658	O15027
1659	O15031
1660	O15033
1661	O15034
1662	O15037
1663	O15040
1664	O15041
1665	O15042
1666	O15047
1667	O15049
1668	O15050
1669	O15054
1670	O15055
1671	O15056
1672	O15060
1673	O15061
1674	O15062
1675	O15063
1676	O15066
1677	O15067
1678	O15068
1679	O15069
1680	O15072
1681	O15075
1682	O15078
1683	O15079
1684	O15083
1685	O15084
1686	O15085
1687	O15090
1688	O15091
1689	O15105
1690	O15111
1691	O15116
1692	O15117
1693	O15118
1694	O15119
1695	O15120
1696	O15121
1697	O15123
1698	O15126
1699	O15127
1700	O15130
1701	O15131
1702	O15143
1703	O15144
1704	O15145
1705	O15146
1706	O15151
1707	O15155
1708	O15156
1709	O15160
1710	O15162
1711	O15164
1712	O15165
1713	O15169
1714	O15172
1715	O15173
1716	O15178
1717	O15182
1718	O15194
1719	O15195
1720	O15197
1721	O15198
1722	O15204
1723	O15205
1724	O15209
1725	O15211
1726	O15212
1727	O15213
1728	O15217
1729	O15218
1730	O15225
1731	O15226
1732	O15228
1733	O15229
1734	O15230
1735	O15231
1736	O15232
1737	O15234
1738	O15235
1739	O15239
1740	O15240
1741	O15243
1742	O15244
1743	O15245
1744	O15247
1745	O15254
1746	O15255
1747	O15258
1748	O15259
1749	O15260
1750	O15263
1751	O15264
1752	O15265
1753	O15266
1754	O15269
1755	O15270
1756	O15273
1757	O15287
1758	O15294
1759	O15296
1760	O15297
1761	O15303
1762	O15304
1763	O15305
1764	O15315
1765	O15318
1766	O15321
1767	O15327
1768	O15335
1769	O15342
1770	O15344
1771	O15347
1772	O15350
1773	O15353
1774	O15354
1775	O15355
1776	O15357
1777	O15360
1778	O15370
1779	O15371
1780	O15372
1781	O15374
1782	O15375
1783	O15379
1784	O15381
1785	O15382
1786	O15389
1787	O15391
1788	O15392
1789	O15393
1790	O15394
1791	O15397
1792	O15399
1793	O15400
1794	O15403
1795	O15405
1796	O15409
1797	O15417
1798	O15427
1799	O15428
1800	O15431
1801	O15432
1802	O15438
1803	O15439
1804	O15440
1805	O15442
1806	O15444
1807	O15446
1808	O15455
1809	O15457
1810	O15460
1811	O15466
1812	O15467
1813	O15479
1814	O15480
1815	O15481
1816	O15482
1817	O15484
1818	O15488
1819	O15492
1820	O15496
1821	O15498
1822	O15499
1823	O15503
1824	O15504
1825	O15511
1826	O15514
1827	O15516
1828	O15519
1829	O15520
1830	O15522
1831	O15523
1832	O15524
1833	O15525
1834	O15527
1835	O15528
1836	O15529
1837	O15530
1838	O15533
1839	O15534
1840	O15535
1841	O15537
1842	O15539
1843	O15540
1844	O15541
1845	O15544
1846	O15547
1847	O15550
1848	O15551
1849	O15552
1850	O15553
1851	O15554
1852	O42043
1853	O43143
1854	O43147
1855	O43148
1856	O43149
1857	O43150
1858	O43151
1859	O43155
1860	O43156
1861	O43157
1862	O43159
1863	O43164
1864	O43166
1865	O43167
1866	O43169
1867	O43172
1868	O43173
1869	O43174
1870	O43175
1871	O43181
1872	O43182
1873	O43184
1874	O43186
1875	O43187
1876	O43189
1877	O43193
1878	O43194
1879	O43196
1880	O43236
1881	O43237
1882	O43240
1883	O43242
1884	O43246
1885	O43247
1886	O43248
1887	O43251
1888	O43252
1889	O43255
1890	O43257
1891	O43261
1892	O43264
1893	O43272
1894	O43278
1895	O43280
1896	O43281
1897	O43283
1898	O43286
1899	O43290
1900	O43291
1901	O43292
1902	O43293
1903	O43294
1904	O43295
1905	O43296
1906	O43298
1907	O43299
1908	O43300
1909	O43301
1910	O43303
1911	O43304
1912	O43306
1913	O43307
1914	O43309
1915	O43310
1916	O43312
1917	O43313
1918	O43314
1919	O43315
1920	O43316
1921	O43318
1922	O43320
1923	O43323
1924	O43324
1925	O43325
1926	O43345
1927	O43347
1928	O43353
1929	O43361
1930	O43364
1931	O43365
1932	O43374
1933	O43379
1934	O43390
1935	O43395
1936	O43396
1937	O43399
1938	O43402
1939	O43405
1940	O43414
1941	O43422
1942	O43423
1943	O43424
1944	O43426
1945	O43427
1946	O43432
1947	O43435
1948	O43439
1949	O43447
1950	O43448
1951	O43451
1952	O43462
1953	O43463
1954	O43464
1955	O43474
1956	O43482
1957	O43488
1958	O43490
1959	O43491
1960	O43493
1961	O43497
1962	O43502
1963	O43504
1964	O43505
1965	O43506
1966	O43508
1967	O43511
1968	O43513
1969	O43516
1970	O43520
1971	O43521
1972	O43524
1973	O43525
1974	O43526
1975	O43529
1976	O43541
1977	O43542
1978	O43543
1979	O43548
1980	O43555
1981	O43556
1982	O43557
1983	O43559
1984	O43561
1985	O43566
1986	O43567
1987	O43570
1988	O43572
1989	O43581
1990	O43583
1991	O43586
1992	O43592
1993	O43593
1994	O43597
1995	O43598
1996	O43602
1997	O43603
1998	O43609
1999	O43610
2000	O43612
2001	O43613
2002	O43614
2003	O43615
2004	O43617
2005	O43623
2006	O43633
2007	O43638
2008	O43639
2009	O43653
2010	O43657
2011	O43660
2012	O43663
2013	O43665
2014	O43670
2015	O43674
2016	O43676
2017	O43677
2018	O43678
2019	O43679
2020	O43680
2021	O43681
2022	O43683
2023	O43684
2024	O43687
2025	O43688
2026	O43692
2027	O43699
2028	O43704
2029	O43707
2030	O43708
2031	O43709
2032	O43711
2033	O43715
2034	O43716
2035	O43719
2036	O43731
2037	O43734
2038	O43736
2039	O43739
2040	O43741
2041	O43745
2042	O43747
2043	O43749
2044	O43752
2045	O43759
2046	O43760
2047	O43761
2048	O43763
2049	O43765
2050	O43766
2051	O43768
2052	O43772
2053	O43776
2054	O43781
2055	O43790
2056	O43791
2057	O43795
2058	O43805
2059	O43808
2060	O43809
2061	O43812
2062	O43813
2063	O43815
2064	O43818
2065	O43819
2066	O43820
2067	O43822
2068	O43823
2069	O43824
2070	O43825
2071	O43826
2072	O43827
2073	O43829
2074	O43837
2075	O43847
2076	O43852
2077	O43854
2078	O43861
2079	O43865
2080	O43866
2081	O43868
2082	O43869
2083	O43889
2084	O43895
2085	O43896
2086	O43897
2087	O43900
2088	O43903
2089	O43908
2090	O43909
2091	O43913
2092	O43914
2093	O43915
2094	O43916
2095	O43918
2096	O43920
2097	O43921
2098	O43924
2099	O43927
2100	O43929
2101	O43930
2102	O43933
2103	O43934
2104	O60216
2105	O60218
2106	O60220
2107	O60224
2108	O60225
2109	O60229
2110	O60231
2111	O60232
2112	O60234
2113	O60235
2114	O60237
2115	O60238
2116	O60239
2117	O60240
2118	O60241
2119	O60242
2120	O60243
2121	O60244
2122	O60245
2123	O60248
2124	O60256
2125	O60258
2126	O60259
2127	O60260
2128	O60262
2129	O60264
2130	O60266
2131	O60268
2132	O60269
2133	O60271
2134	O60279
2135	O60281
2136	O60282
2137	O60284
2138	O60285
2139	O60287
2140	O60290
2141	O60291
2142	O60292
2143	O60293
2144	O60294
2145	O60296
2146	O60299
2147	O60303
2148	O60304
2149	O60306
2150	O60307
2151	O60308
2152	O60309
2153	O60312
2154	O60313
2155	O60315
2156	O60318
2157	O60320
2158	O60330
2159	O60331
2160	O60333
2161	O60336
2162	O60337
2163	O60341
2164	O60343
2165	O60346
2166	O60347
2167	O60353
2168	O60356
2169	O60359
2170	O60381
2171	O60383
2172	O60384
2173	O60391
2174	O60393
2175	O60397
2176	O60403
2177	O60404
2178	O60412
2179	O60422
2180	O60423
2181	O60427
2182	O60431
2183	O60437
2184	O60443
2185	O60447
2186	O60449
2187	O60462
2188	O60469
2189	O60476
2190	O60477
2191	O60478
2192	O60479
2193	O60481
2194	O60486
2195	O60487
2196	O60488
2197	O60493
2198	O60494
2199	O60496
2200	O60499
2201	O60500
2202	O60502
2203	O60503
2204	O60504
2205	O60506
2206	O60507
2207	O60508
2208	O60512
2209	O60513
2210	O60516
2211	O60518
2212	O60519
2213	O60522
2214	O60524
2215	O60542
2216	O60543
2217	O60547
2218	O60548
2219	O60551
2220	O60563
2221	O60565
2222	O60566
2223	O60568
2224	O60573
2225	O60575
2226	O60583
2227	O60602
2228	O60603
2229	O60609
2230	O60610
2231	O60613
2232	O60635
2233	O60636
2234	O60637
2235	O60641
2236	O60645
2237	O60656
2238	O60658
2239	O60662
2240	O60663
2241	O60664
2242	O60667
2243	O60669
2244	O60671
2245	O60673
2246	O60674
2247	O60675
2248	O60676
2249	O60678
2250	O60682
2251	O60683
2252	O60684
2253	O60687
2254	O60688
2255	O60701
2256	O60704
2257	O60706
2258	O60711
2259	O60716
2260	O60721
2261	O60725
2262	O60729
2263	O60732
2264	O60733
2265	O60739
2266	O60741
2267	O60749
2268	O60755
2269	O60756
2270	O60759
2271	O60760
2272	O60762
2273	O60763
2274	O60765
2275	O60774
2276	O60779
2277	O60783
2278	O60784
2279	O60806
2280	O60809
2281	O60810
2282	O60811
2283	O60812
2284	O60813
2285	O60814
2286	O60825
2287	O60826
2288	O60828
2289	O60829
2290	O60830
2291	O60831
2292	O60832
2293	O60840
2294	O60841
2295	O60844
2296	O60858
2297	O60861
2298	O60869
2299	O60870
2300	O60879
2301	O60880
2302	O60882
2303	O60883
2304	O60884
2305	O60885
2306	O60888
2307	O60890
2308	O60894
2309	O60895
2310	O60896
2311	O60902
2312	O60906
2313	O60907
2314	O60909
2315	O60911
2316	O60921
2317	O60925
2318	O60927
2319	O60928
2320	O60930
2321	O60931
2322	O60934
2323	O60936
2324	O60938
2325	O60939
2326	O60941
2327	O60942
2328	O71037
2329	O75015
2330	O75019
2331	O75022
2332	O75023
2333	O75027
2334	O75030
2335	O75031
2336	O75037
2337	O75038
2338	O75044
2339	O75051
2340	O75052
2341	O75054
2342	O75056
2343	O75061
2344	O75063
2345	O75064
2346	O75069
2347	O75071
2348	O75072
2349	O75074
2350	O75077
2351	O75078
2352	O75081
2353	O75083
2354	O75084
2355	O75093
2356	O75094
2357	O75095
2358	O75096
2359	O75106
2360	O75110
2361	O75112
2362	O75113
2363	O75116
2364	O75121
2365	O75122
2366	O75123
2367	O75127
2368	O75128
2369	O75129
2370	O75131
2371	O75132
2372	O75140
2373	O75143
2374	O75144
2375	O75145
2376	O75146
2377	O75147
2378	O75150
2379	O75151
2380	O75152
2381	O75153
2382	O75154
2383	O75155
2384	O75157
2385	O75159
2386	O75161
2387	O75164
2388	O75165
2389	O75167
2390	O75170
2391	O75173
2392	O75175
2393	O75177
2394	O75179
2395	O75182
2396	O75185
2397	O75190
2398	O75191
2399	O75192
2400	O75197
2401	O75200
2402	O75204
2403	O75208
2404	O75223
2405	O75251
2406	O75264
2407	O75290
2408	O75293
2409	O75298
2410	O75306
2411	O75309
2412	O75310
2413	O75311
2414	O75312
2415	O75317
2416	O75319
2417	O75323
2418	O75324
2419	O75325
2420	O75326
2421	O75330
2422	O75333
2423	O75334
2424	O75335
2425	O75339
2426	O75340
2427	O75342
2428	O75343
2429	O75344
2430	O75346
2431	O75347
2432	O75348
2433	O75351
2434	O75352
2435	O75354
2436	O75355
2437	O75356
2438	O75360
2439	O75362
2440	O75363
2441	O75364
2442	O75365
2443	O75366
2444	O75367
2445	O75368
2446	O75369
2447	O75373
2448	O75376
2449	O75379
2450	O75380
2451	O75381
2452	O75382
2453	O75385
2454	O75386
2455	O75387
2456	O75388
2457	O75390
2458	O75391
2459	O75394
2460	O75396
2461	O75398
2462	O75400
2463	O75409
2464	O75410
2465	O75414
2466	O75417
2467	O75419
2468	O75420
2469	O75425
2470	O75426
2471	O75427
2472	O75431
2473	O75436
2474	O75437
2475	O75438
2476	O75439
2477	O75443
2478	O75444
2479	O75445
2480	O75446
2481	O75448
2482	O75449
2483	O75452
2484	O75459
2485	O75460
2486	O75461
2487	O75462
2488	O75467
2489	O75469
2490	O75473
2491	O75474
2492	O75475
2493	O75477
2494	O75478
2495	O75486
2496	O75487
2497	O75489
2498	O75493
2499	O75494
2500	O75496
2501	O75503
2502	O75506
2503	O75508
2504	O75509
2505	O75521
2506	O75525
2507	O75526
2508	O75528
2509	O75529
2510	O75530
2511	O75531
2512	O75533
2513	O75534
2514	O75541
2515	O75553
2516	O75554
2517	O75556
2518	O75558
2519	O75563
2520	O75564
2521	O75569
2522	O75570
2523	O75575
2524	O75578
2525	O75581
2526	O75582
2527	O75586
2528	O75592
2529	O75593
2530	O75594
2531	O75596
2532	O75600
2533	O75602
2534	O75603
2535	O75604
2536	O75607
2537	O75608
2538	O75610
2539	O75616
2540	O75618
2541	O75626
2542	O75628
2543	O75629
2544	O75631
2545	O75635
2546	O75636
2547	O75638
2548	O75643
2549	O75648
2550	O75663
2551	O75665
2552	O75674
2553	O75676
2554	O75677
2555	O75678
2556	O75679
2557	O75683
2558	O75688
2559	O75689
2560	O75690
2561	O75691
2562	O75694
2563	O75695
2564	O75711
2565	O75712
2566	O75715
2567	O75716
2568	O75717
2569	O75718
2570	O75746
2571	O75747
2572	O75751
2573	O75752
2574	O75762
2575	O75764
2576	O75771
2577	O75781
2578	O75783
2579	O75787
2580	O75791
2581	O75792
2582	O75794
2583	O75795
2584	O75800
2585	O75807
2586	O75808
2587	O75815
2588	O75817
2589	O75818
2590	O75820
2591	O75821
2592	O75822
2593	O75828
2594	O75829
2595	O75830
2596	O75832
2597	O75838
2598	O75840
2599	O75841
2600	O75843
2601	O75844
2602	O75845
2603	O75864
2604	O75865
2605	O75871
2606	O75874
2607	O75879
2608	O75880
2609	O75881
2610	O75882
2611	O75884
2612	O75886
2613	O75888
2614	O75891
2615	O75896
2616	O75897
2617	O75899
2618	O75900
2619	O75901
2620	O75907
2621	O75908
2622	O75909
2623	O75911
2624	O75912
2625	O75914
2626	O75915
2627	O75916
2628	O75920
2629	O75923
2630	O75925
2631	O75928
2632	O75934
2633	O75935
2634	O75936
2635	O75937
2636	O75940
2637	O75943
2638	O75947
2639	O75949
2640	O75951
2641	O75952
2642	O75953
2643	O75954
2644	O75955
2645	O75956
2646	O75962
2647	O75964
2648	O75969
2649	O75970
2650	O75971
2651	O75973
2652	O75976
2653	O75995
2654	O76000
2655	O76001
2656	O76002
2657	O76003
2658	O76009
2659	O76011
2660	O76013
2661	O76014
2662	O76015
2663	O76021
2664	O76024
2665	O76027
2666	O76031
2667	O76036
2668	O76038
2669	O76039
2670	O76041
2671	O76042
2672	O76050
2673	O76054
2674	O76061
2675	O76062
2676	O76064
2677	O76070
2678	O76071
2679	O76074
2680	O76075
2681	O76076
2682	O76080
2683	O76081
2684	O76082
2685	O76083
2686	O76087
2687	O76090
2688	O76093
2689	O76094
2690	O76095
2691	O76096
2692	O76099
2693	O76100
2694	O77932
2695	O94759
2696	O94760
2697	O94761
2698	O94762
2699	O94763
2700	O94766
2701	O94768
2702	O94769
2703	O94772
2704	O94776
2705	O94777
2706	O94778
2707	O94779
2708	O94782
2709	O94788
2710	O94804
2711	O94805
2712	O94806
2713	O94808
2714	O94810
2715	O94811
2716	O94812
2717	O94813
2718	O94817
2719	O94818
2720	O94819
2721	O94822
2722	O94823
2723	O94826
2724	O94827
2725	O94829
2726	O94830
2727	O94832
2728	O94842
2729	O94844
2730	O94850
2731	O94851
2732	O94854
2733	O94855
2734	O94856
2735	O94864
2736	O94868
2737	O94874
2738	O94875
2739	O94876
2740	O94880
2741	O94885
2742	O94886
2743	O94887
2744	O94888
2745	O94889
2746	O94892
2747	O94898
2748	O94900
2749	O94901
2750	O94903
2751	O94905
2752	O94906
2753	O94907
2754	O94910
2755	O94911
2756	O94913
2757	O94915
2758	O94916
2759	O94919
2760	O94921
2761	O94923
2762	O94925
2763	O94927
2764	O94929
2765	O94933
2766	O94941
2767	O94952
2768	O94953
2769	O94955
2770	O94956
2771	O94964
2772	O94966
2773	O94967
2774	O94972
2775	O94973
2776	O94979
2777	O94983
2778	O94985
2779	O94986
2780	O94988
2781	O94989
2782	O94991
2783	O94992
2784	O94993
2785	O95006
2786	O95007
2787	O95013
2788	O95025
2789	O95045
2790	O95047
2791	O95049
2792	O95050
2793	O95057
2794	O95059
2795	O95067
2796	O95069
2797	O95070
2798	O95071
2799	O95072
2800	O95073
2801	O95076
2802	O95081
2803	O95084
2804	O95096
2805	O95104
2806	O95125
2807	O95136
2808	O95139
2809	O95140
2810	O95147
2811	O95149
2812	O95150
2813	O95153
2814	O95154
2815	O95155
2816	O95156
2817	O95157
2818	O95158
2819	O95159
2820	O95163
2821	O95164
2822	O95166
2823	O95167
2824	O95168
2825	O95169
2826	O95170
2827	O95171
2828	O95177
2829	O95178
2830	O95180
2831	O95182
2832	O95183
2833	O95185
2834	O95190
2835	O95196
2836	O95197
2837	O95198
2838	O95199
2839	O95201
2840	O95202
2841	O95206
2842	O95208
2843	O95210
2844	O95214
2845	O95218
2846	O95219
2847	O95221
2848	O95222
2849	O95229
2850	O95231
2851	O95232
2852	O95235
2853	O95236
2854	O95237
2855	O95238
2856	O95239
2857	O95243
2858	O95248
2859	O95249
2860	O95251
2861	O95255
2862	O95256
2863	O95257
2864	O95258
2865	O95259
2866	O95260
2867	O95263
2868	O95264
2869	O95267
2870	O95271
2871	O95273
2872	O95274
2873	O95278
2874	O95279
2875	O95292
2876	O95294
2877	O95295
2878	O95297
2879	O95298
2880	O95299
2881	O95302
2882	O95319
2883	O95336
2884	O95340
2885	O95342
2886	O95343
2887	O95347
2888	O95352
2889	O95359
2890	O95361
2891	O95363
2892	O95365
2893	O95371
2894	O95372
2895	O95373
2896	O95376
2897	O95377
2898	O95379
2899	O95382
2900	O95388
2901	O95389
2902	O95390
2903	O95391
2904	O95393
2905	O95394
2906	O95395
2907	O95396
2908	O95397
2909	O95398
2910	O95399
2911	O95400
2912	O95402
2913	O95405
2914	O95406
2915	O95407
2916	O95409
2917	O95411
2918	O95415
2919	O95416
2920	O95424
2921	O95425
2922	O95427
2923	O95428
2924	O95429
2925	O95433
2926	O95436
2927	O95445
2928	O95447
2929	O95450
2930	O95452
2931	O95453
2932	O95455
2933	O95456
2934	O95460
2935	O95461
2936	O95466
2937	O95467
2938	O95470
2939	O95471
2940	O95473
2941	O95475
2942	O95476
2943	O95477
2944	O95478
2945	O95479
2946	O95484
2947	O95486
2948	O95487
2949	O95490
2950	O95497
2951	O95498
2952	O95500
2953	O95502
2954	O95503
2955	O95521
2956	O95522
2957	O95528
2958	O95544
2959	O95551
2960	O95561
2961	O95562
2962	O95563
2963	O95567
2964	O95568
2965	O95571
2966	O95573
2967	O95600
2968	O95602
2969	O95613
2970	O95619
2971	O95620
2972	O95622
2973	O95625
2974	O95626
2975	O95628
2976	O95630
2977	O95631
2978	O95633
2979	O95639
2980	O95644
2981	O95661
2982	O95665
2983	O95670
2984	O95671
2985	O95672
2986	O95674
2987	O95677
2988	O95678
2989	O95684
2990	O95685
2991	O95696
2992	O95704
2993	O95707
2994	O95711
2995	O95714
2996	O95715
2997	O95716
2998	O95718
2999	O95721
3000	O95727
3001	O95741
3002	O95744
3003	O95747
3004	O95749
3005	O95750
3006	O95751
3007	O95754
3008	O95755
3009	O95757
3010	O95758
3011	O95759
3012	O95760
3013	O95772
3014	O95777
3015	O95780
3016	O95782
3017	O95785
3018	O95786
3019	O95789
3020	O95793
3021	O95800
3022	O95801
3023	O95803
3024	O95807
3025	O95810
3026	O95813
3027	O95816
3028	O95817
3029	O95819
3030	O95822
3031	O95825
3032	O95831
3033	O95832
3034	O95833
3035	O95834
3036	O95835
3037	O95837
3038	O95838
3039	O95841
3040	O95843
3041	O95847
3042	O95848
3043	O95857
3044	O95858
3045	O95859
3046	O95861
3047	O95863
3048	O95864
3049	O95865
3050	O95866
3051	O95867
3052	O95868
3053	O95870
3054	O95872
3055	O95873
3056	O95876
3057	O95881
3058	O95886
3059	O95897
3060	O95900
3061	O95905
3062	O95907
3063	O95918
3064	O95922
3065	O95925
3066	O95926
3067	O95931
3068	O95932
3069	O95935
3070	O95936
3071	O95944
3072	O95947
3073	O95948
3074	O95954
3075	O95965
3076	O95967
3077	O95968
3078	O95969
3079	O95970
3080	O95971
3081	O95972
3082	O95976
3083	O95977
3084	O95980
3085	O95983
3086	O95985
3087	O95988
3088	O95989
3089	O95990
3090	O95992
3091	O95994
3092	O95995
3093	O95996
3094	O95997
3095	O95998
3096	O95999
3097	O96000
3098	O96001
3099	O96002
3100	O96004
3101	O96005
3102	O96006
3103	O96007
3104	O96008
3105	O96009
3106	O96011
3107	O96013
3108	O96014
3109	O96015
3110	O96017
3111	O96018
3112	O96019
3113	O96020
3114	O96024
3115	O96028
3116	O96033
3117	O97980
3118	P00156
3119	P00167
3120	P00325
3121	P00326
3122	P00338
3123	P00352
3124	P00367
3125	P00374
3126	P00387
3127	P00390
3128	P00395
3129	P00403
3130	P00414
3131	P00439
3132	P00441
3133	P00450
3134	P00451
3135	P00480
3136	P00488
3137	P00491
3138	P00492
3139	P00505
3140	P00519
3141	P00533
3142	P00540
3143	P00558
3144	P00568
3145	P00709
3146	P00734
3147	P00736
3148	P00738
3149	P00739
3150	P00740
3151	P00742
3152	P00746
3153	P00747
3154	P00748
3155	P00749
3156	P00750
3157	P00751
3158	P00797
3159	P00813
3160	P00846
3161	P00915
3162	P00918
3163	P00966
3164	P00973
3165	P00995
3166	P01008
3167	P01009
3168	P01011
3169	P01019
3170	P01023
3171	P01024
3172	P01031
3173	P01033
3174	P01034
3175	P01036
3176	P01037
3177	P01040
3178	P01042
3179	P01100
3180	P01106
3181	P01111
3182	P01112
3183	P01116
3184	P01127
3185	P01130
3186	P01133
3187	P01135
3188	P01137
3189	P01138
3190	P01148
3191	P01160
3192	P01178
3193	P01185
3194	P01189
3195	P01210
3196	P01213
3197	P01215
3198	P01222
3199	P01225
3200	P01229
3201	P01236
3202	P01241
3203	P01242
3204	P01258
3205	P01266
3206	P01270
3207	P01275
3208	P01282
3209	P01286
3210	P01298
3211	P01303
3212	P01308
3213	P01344
3214	P01350
3215	P01358
3216	P01374
3217	P01375
3218	P01563
3219	P01566
3220	P01567
3221	P01568
3222	P01569
3223	P01570
3224	P01571
3225	P01574
3226	P01579
3227	P01583
3228	P01584
3229	P01588
3230	P01589
3231	P01591
3232	P01593
3233	P01594
3234	P01597
3235	P01599
3236	P01601
3237	P01602
3238	P01611
3239	P01614
3240	P01615
3241	P01619
3242	P01624
3243	P01699
3244	P01700
3245	P01701
3246	P01703
3247	P01704
3248	P01705
3249	P01706
3250	P01709
3251	P01714
3252	P01715
3253	P01717
3254	P01718
3255	P01721
3256	P01730
3257	P01732
3258	P01733
3259	P01737
3260	P01742
3261	P01743
3262	P01762
3263	P01763
3264	P01764
3265	P01766
3266	P01767
3267	P01768
3268	P01772
3269	P01780
3270	P01782
3271	P01814
3272	P01817
3273	P01824
3274	P01825
3275	P01833
3276	P01834
3277	P01848
3278	P01850
3279	P01854
3280	P01857
3281	P01858
3282	P01859
3283	P01860
3284	P01861
3285	P01871
3286	P01876
3287	P01877
3288	P01880
3289	P01889
3290	P01893
3291	P01903
3292	P01906
3293	P01909
3294	P01911
3295	P01920
3296	P02008
3297	P02042
3298	P02100
3299	P02144
3300	P02452
3301	P02458
3302	P02461
3303	P02462
3304	P02489
3305	P02511
3306	P02533
3307	P02538
3308	P02545
3309	P02549
3310	P02585
3311	P02647
3312	P02649
3313	P02652
3314	P02654
3315	P02655
3316	P02656
3317	P02671
3318	P02675
3319	P02679
3320	P02686
3321	P02689
3322	P02708
3323	P02724
3324	P02728
3325	P02729
3326	P02730
3327	P02741
3328	P02743
3329	P02745
3330	P02746
3331	P02747
3332	P02748
3333	P02749
3334	P02750
3335	P02751
3336	P02753
3337	P02760
3338	P02763
3339	P02765
3340	P02766
3341	P02768
3342	P02771
3343	P02774
3344	P02775
3345	P02776
3346	P02778
3347	P02786
3348	P02787
3349	P02788
3350	P02790
3351	P02792
3352	P02794
3353	P02795
3354	P02808
3355	P02810
3356	P02812
3357	P02814
3358	P02818
3359	P03372
3360	P03886
3361	P03891
3362	P03897
3363	P03901
3364	P03905
3365	P03915
3366	P03923
3367	P03928
3368	P03950
3369	P03951
3370	P03952
3371	P03956
3372	P03971
3373	P03973
3374	P03979
3375	P03986
3376	P03999
3377	P04000
3378	P04001
3379	P04003
3380	P04004
3381	P04035
3382	P04040
3383	P04049
3384	P04053
3385	P04054
3386	P04062
3387	P04066
3388	P04070
3389	P04075
3390	P04080
3391	P04083
3392	P04085
3393	P04090
3394	P04114
3395	P04118
3396	P04141
3397	P04150
3398	P04155
3399	P04156
3400	P04179
3401	P04180
3402	P04181
3403	P04183
3404	P04196
3405	P04198
3406	P04201
3407	P04211
3408	P04216
3409	P04217
3410	P04233
3411	P04234
3412	P04259
3413	P04264
3414	P04271
3415	P04275
3416	P04278
3417	P04279
3418	P04280
3419	P04350
3420	P04406
3421	P04424
3422	P04430
3423	P04432
3424	P04433
3425	P04435
3426	P04437
3427	P04439
3428	P04440
3429	P04553
3430	P04554
3431	P04626
3432	P04628
3433	P04629
3434	P04632
3435	P04637
3436	P04731
3437	P04732
3438	P04733
3439	P04746
3440	P04792
3441	P04798
3442	P04808
3443	P04818
3444	P04839
3445	P04843
3446	P04844
3447	P04899
3448	P04908
3449	P04920
3450	P04921
3451	P05000
3452	P05013
3453	P05014
3454	P05015
3455	P05019
3456	P05023
3457	P05026
3458	P05060
3459	P05062
3460	P05067
3461	P05089
3462	P05090
3463	P05091
3464	P05093
3465	P05106
3466	P05107
3467	P05108
3468	P05109
3469	P05111
3470	P05112
3471	P05113
3472	P05114
3473	P05120
3474	P05121
3475	P05129
3476	P05141
3477	P05154
3478	P05155
3479	P05156
3480	P05160
3481	P05161
3482	P05162
3483	P05164
3484	P05165
3485	P05166
3486	P05177
3487	P05181
3488	P05186
3489	P05187
3490	P05198
3491	P05204
3492	P05230
3493	P05231
3494	P05305
3495	P05362
3496	P05386
3497	P05387
3498	P05388
3499	P05408
3500	P05412
3501	P05413
3502	P05423
3503	P05451
3504	P05452
3505	P05455
3506	P05496
3507	P05538
3508	P05543
3509	P05546
3510	P05549
3511	P05556
3512	P05771
3513	P05783
3514	P05787
3515	P05813
3516	P05814
3517	P05937
3518	P05976
3519	P05981
3520	P05997
3521	P06028
3522	P06126
3523	P06127
3524	P06132
3525	P06133
3526	P06213
3527	P06239
3528	P06241
3529	P06276
3530	P06280
3531	P06307
3532	P06310
3533	P06312
3534	P06315
3535	P06331
3536	P06340
3537	P06396
3538	P06400
3539	P06401
3540	P06454
3541	P06493
3542	P06576
3543	P06681
3544	P06702
3545	P06703
3546	P06727
3547	P06729
3548	P06730
3549	P06731
3550	P06732
3551	P06733
3552	P06734
3553	P06737
3554	P06744
3555	P06746
3556	P06748
3557	P06753
3558	P06756
3559	P06850
3560	P06858
3561	P06865
3562	P06870
3563	P06881
3564	P06899
3565	P07093
3566	P07098
3567	P07099
3568	P07101
3569	P07108
3570	P07148
3571	P07195
3572	P07196
3573	P07197
3574	P07199
3575	P07202
3576	P07203
3577	P07204
3578	P07205
3579	P07225
3580	P07237
3581	P07288
3582	P07305
3583	P07306
3584	P07307
3585	P07311
3586	P07315
3587	P07316
3588	P07320
3589	P07327
3590	P07332
3591	P07333
3592	P07339
3593	P07355
3594	P07357
3595	P07358
3596	P07359
3597	P07360
3598	P07384
3599	P07437
3600	P07438
3601	P07451
3602	P07476
3603	P07477
3604	P07478
3605	P07492
3606	P07498
3607	P07510
3608	P07550
3609	P07585
3610	P07602
3611	P07686
3612	P07711
3613	P07737
3614	P07738
3615	P07741
3616	P07766
3617	P07814
3618	P07858
3619	P07864
3620	P07900
3621	P07902
3622	P07910
3623	P07911
3624	P07919
3625	P07942
3626	P07947
3627	P07948
3628	P07949
3629	P07951
3630	P07954
3631	P07988
3632	P07992
3633	P07996
3634	P07998
3635	P08034
3636	P08047
3637	P08048
3638	P08069
3639	P08100
3640	P08118
3641	P08123
3642	P08133
3643	P08134
3644	P08138
3645	P08151
3646	P08172
3647	P08173
3648	P08174
3649	P08183
3650	P08185
3651	P08195
3652	P08217
3653	P08218
3654	P08235
3655	P08236
3656	P08237
3657	P08238
3658	P08240
3659	P08243
3660	P08246
3661	P08247
3662	P08253
3663	P08254
3664	P08263
3665	P08294
3666	P08311
3667	P08319
3668	P08397
3669	P08473
3670	P08476
3671	P08493
3672	P08514
3673	P08519
3674	P08559
3675	P08567
3676	P08571
3677	P08572
3678	P08574
3679	P08575
3680	P08579
3681	P08581
3682	P08582
3683	P08588
3684	P08590
3685	P08603
3686	P08620
3687	P08621
3688	P08631
3689	P08637
3690	P08648
3691	P08651
3692	P08670
3693	P08684
3694	P08686
3695	P08697
3696	P08700
3697	P08708
3698	P08709
3699	P08727
3700	P08729
3701	P08754
3702	P08758
3703	P08779
3704	P08833
3705	P08842
3706	P08861
3707	P08865
3708	P08887
3709	P08908
3710	P08910
3711	P08912
3712	P08913
3713	P08922
3714	P08949
3715	P08962
3716	P08F94
3717	P09001
3718	P09012
3719	P09016
3720	P09017
3721	P09038
3722	P09067
3723	P09086
3724	P09093
3725	P09104
3726	P09105
3727	P09110
3728	P09131
3729	P09132
3730	P09172
3731	P09210
3732	P09211
3733	P09228
3734	P09234
3735	P09237
3736	P09238
3737	P09326
3738	P09327
3739	P09341
3740	P09382
3741	P09417
3742	P09429
3743	P09430
3744	P09455
3745	P09466
3746	P09467
3747	P09471
3748	P09486
3749	P09488
3750	P09493
3751	P09496
3752	P09497
3753	P09525
3754	P09529
3755	P09543
3756	P09544
3757	P09564
3758	P09565
3759	P09601
3760	P09603
3761	P09619
3762	P09622
3763	P09629
3764	P09630
3765	P09651
3766	P09661
3767	P09668
3768	P09669
3769	P09681
3770	P09683
3771	P09693
3772	P09758
3773	P09769
3774	P09848
3775	P09871
3776	P09874
3777	P09884
3778	P09912
3779	P09913
3780	P09914
3781	P09917
3782	P09919
3783	P09923
3784	P09936
3785	P09958
3786	P09960
3787	P09972
3788	P0C024
3789	P0C025
3790	P0C091
3791	P0C0E4
3792	P0C0L4
3793	P0C0L5
3794	P0C0P6
3795	P0C0S5
3796	P0C0S8
3797	P0C1H6
3798	P0C1S8
3799	P0C1Z6
3800	P0C221
3801	P0C263
3802	P0C264
3803	P0C2L3
3804	P0C2S0
3805	P0C2W1
3806	P0C2W7
3807	P0C2Y1
3808	P0C5J1
3809	P0C5K6
3810	P0C5K7
3811	P0C5Y4
3812	P0C5Y9
3813	P0C5Z0
3814	P0C604
3815	P0C617
3816	P0C623
3817	P0C626
3818	P0C628
3819	P0C629
3820	P0C645
3821	P0C646
3822	P0C671
3823	P0C672
3824	P0C6A0
3825	P0C6C1
3826	P0C6P0
3827	P0C6S8
3828	P0C6T2
3829	P0C7A2
3830	P0C7H8
3831	P0C7H9
3832	P0C7I0
3833	P0C7I6
3834	P0C7L1
3835	P0C7M3
3836	P0C7M4
3837	P0C7M6
3838	P0C7M7
3839	P0C7M8
3840	P0C7N1
3841	P0C7N4
3842	P0C7N5
3843	P0C7N8
3844	P0C7P0
3845	P0C7P1
3846	P0C7P2
3847	P0C7P3
3848	P0C7P4
3849	P0C7Q2
3850	P0C7Q5
3851	P0C7Q6
3852	P0C7T2
3853	P0C7T3
3854	P0C7T4
3855	P0C7T5
3856	P0C7T7
3857	P0C7T8
3858	P0C7U0
3859	P0C7U1
3860	P0C7U3
3861	P0C7U9
3862	P0C7V0
3863	P0C7V4
3864	P0C7V6
3865	P0C7V7
3866	P0C7V8
3867	P0C7V9
3868	P0C7W0
3869	P0C7W6
3870	P0C7W8
3871	P0C7W9
3872	P0C7X0
3873	P0C7X1
3874	P0C7X2
3875	P0C7X3
3876	P0C7X4
3877	P0C841
3878	P0C851
3879	P0C853
3880	P0C854
3881	P0C860
3882	P0C862
3883	P0C864
3884	P0C866
3885	P0C869
3886	P0C870
3887	P0C874
3888	P0C875
3889	P0C879
3890	P0C880
3891	P0C881
3892	P0C8F1
3893	P0CAP1
3894	P0CAP2
3895	P0CAT3
3896	P0CB33
3897	P0CB38
3898	P0CB47
3899	P0CB48
3900	P0CE67
3901	P0CE71
3902	P0CE72
3903	P0CF51
3904	P0CF74
3905	P0CF75
3906	P0CF97
3907	P0CG00
3908	P0CG01
3909	P0CG04
3910	P0CG08
3911	P0CG12
3912	P0CG13
3913	P0CG20
3914	P0CG21
3915	P0CG22
3916	P0CG23
3917	P0CG24
3918	P0CG29
3919	P0CG30
3920	P0CG31
3921	P0CG32
3922	P0CG33
3923	P0CG34
3924	P0CG35
3925	P0CG36
3926	P0CG37
3927	P0CG38
3928	P0CG39
3929	P0CG40
3930	P0CG41
3931	P0CG42
3932	P0CG43
3933	P0CG47
3934	P0CG48
3935	P0CH98
3936	P0CH99
3937	P0CI00
3938	P0CI01
3939	P0CI25
3940	P0CI26
3941	P0CJ68
3942	P0CJ69
3943	P0CJ70
3944	P0CJ71
3945	P0CJ72
3946	P0CJ73
3947	P0CJ74
3948	P0CJ75
3949	P0CJ76
3950	P0CJ77
3951	P0CJ78
3952	P0CJ79
3953	P0CJ85
3954	P0CJ86
3955	P0CJ87
3956	P0CJ88
3957	P0CJ89
3958	P0CJ90
3959	P0CJ92
3960	P0CK96
3961	P0CK97
3962	P0CL80
3963	P0CL81
3964	P0CL82
3965	P0CL83
3966	P0CL84
3967	P0CL85
3968	P0CV98
3969	P0CV99
3970	P0CW00
3971	P0CW01
3972	P0CW18
3973	P0CW19
3974	P0CW20
3975	P0CW21
3976	P0CW23
3977	P0CW24
3978	P0CW27
3979	P0CZ25
3980	P0DH78
3981	P0DI80
3982	P0DI81
3983	P0DI82
3984	P0DI83
3985	P0DJ07
3986	P0DJ93
3987	P0DJD0
3988	P0DJD1
3989	P0DJD3
3990	P0DJD4
3991	P0DJD7
3992	P0DJD8
3993	P0DJD9
3994	P0DJG4
3995	P0DJH9
3996	P0DJI8
3997	P0DJI9
3998	P0DJJ0
3999	P0DJR0
4000	P0DKB5
4001	P0DKB6
4002	P0DKL9
4003	P0DKV0
4004	P0DKX0
4005	P0DKX4
4006	P0DL12
4007	P0DM35
4008	P0DM63
4009	P0DMB1
4010	P0DMB2
4011	P0DMC3
4012	P0DME0
4013	P0DML2
4014	P0DML3
4015	P0DMM9
4016	P0DMN0
4017	P0DMP1
4018	P0DMP2
4019	P0DMQ5
4020	P0DMQ9
4021	P0DMR1
4022	P0DMR2
4023	P0DMR3
4024	P0DMS8
4025	P0DMS9
4026	P0DMT0
4027	P0DMU2
4028	P0DMU3
4029	P0DMU7
4030	P0DMU8
4031	P0DMU9
4032	P0DMV0
4033	P0DMV1
4034	P0DMV2
4035	P0DMV8
4036	P0DMV9
4037	P0DMW2
4038	P0DMW3
4039	P0DMW4
4040	P0DMW5
4041	P0DN25
4042	P0DN26
4043	P0DN37
4044	P0DN77
4045	P0DN78
4046	P0DN80
4047	P0DN81
4048	P0DN82
4049	P0DN84
4050	P0DN86
4051	P0DN87
4052	P0DO92
4053	P0DO97
4054	P0DOX2
4055	P0DOX3
4056	P0DOX4
4057	P0DOX5
4058	P0DOX6
4059	P0DOX7
4060	P0DOX8
4061	P0DOY2
4062	P0DOY3
4063	P0DOY5
4064	P0DP01
4065	P0DP02
4066	P0DP03
4067	P0DP04
4068	P0DP06
4069	P0DP07
4070	P0DP08
4071	P0DP09
4072	P0DP23
4073	P0DP24
4074	P0DP25
4075	P0DP42
4076	P0DP57
4077	P0DP58
4078	P0DP71
4079	P0DP72
4080	P0DP73
4081	P0DP74
4082	P0DP75
4083	P0DP91
4084	P0DPA2
4085	P0DPA3
4086	P0DPB3
4087	P0DPB5
4088	P0DPB6
4089	P0DPD5
4090	P0DPD6
4091	P0DPD7
4092	P0DPD8
4093	P0DPE3
4094	P0DPF2
4095	P0DPF3
4096	P0DPF4
4097	P0DPF6
4098	P0DPF7
4099	P0DPH7
4100	P0DPH8
4101	P0DPH9
4102	P0DPI2
4103	P0DPI3
4104	P0DPI4
4105	P0DPK2
4106	P0DPK3
4107	P0DPK4
4108	P0DPK5
4109	P0DPP9
4110	P0DPQ3
4111	P0DPQ6
4112	P0DPR3
4113	P0DQD5
4114	P0DQW0
4115	P0DQW1
4116	P0DSE1
4117	P0DSE2
4118	P0DSN6
4119	P0DSN7
4120	P0DSO1
4121	P0DSO2
4122	P0DSO3
4123	P0DTA3
4124	P0DTE0
4125	P0DTE1
4126	P0DTE2
4127	P0DTE4
4128	P0DTE5
4129	P0DTE7
4130	P0DTE8
4131	P0DTF9
4132	P0DTL4
4133	P0DTL5
4134	P0DTL6
4135	P0DTU3
4136	P0DTU4
4137	P0DTW1
4138	P0DTW3
4139	P0DUB6
4140	P0DUD1
4141	P0DUD2
4142	P0DUD3
4143	P0DUD4
4144	P0DUH7
4145	P0DUQ1
4146	P0DUQ2
4147	P0DUX0
4148	P0DUX1
4149	P0DV60
4150	P0DV73
4151	P0DV74
4152	P0DV75
4153	P0DV76
4154	P0DV77
4155	P0DV79
4156	P0DW11
4157	P0DW12
4158	P0DW13
4159	P0DW14
4160	P0DW28
4161	P0DW81
4162	P0DW85
4163	P0DX00
4164	P0DX01
4165	P0DX02
4166	P0DX04
4167	P0DX52
4168	P0DX53
4169	P0DXC1
4170	P0DXC3
4171	P0DY26
4172	P0DY27
4173	P0DY56
4174	P0DY57
4175	P10070
4176	P10071
4177	P10072
4178	P10073
4179	P10074
4180	P10075
4181	P10082
4182	P10092
4183	P10109
4184	P10114
4185	P10124
4186	P10144
4187	P10145
4188	P10147
4189	P10153
4190	P10155
4191	P10163
4192	P10176
4193	P10242
4194	P10243
4195	P10244
4196	P10253
4197	P10265
4198	P10266
4199	P10275
4200	P10276
4201	P10301
4202	P10321
4203	P10323
4204	P10398
4205	P10412
4206	P10415
4207	P10451
4208	P10515
4209	P10523
4210	P10586
4211	P10588
4212	P10589
4213	P10599
4214	P10600
4215	P10606
4216	P10619
4217	P10620
4218	P10632
4219	P10635
4220	P10636
4221	P10643
4222	P10644
4223	P10645
4224	P10646
4225	P10696
4226	P10720
4227	P10721
4228	P10745
4229	P10746
4230	P10747
4231	P10767
4232	P10768
4233	P10809
4234	P10826
4235	P10827
4236	P10828
4237	P10909
4238	P10911
4239	P10912
4240	P10914
4241	P10915
4242	P10916
4243	P10966
4244	P10997
4245	P11021
4246	P11047
4247	P11049
4248	P11055
4249	P11086
4250	P11117
4251	P11137
4252	P11142
4253	P11150
4254	P11161
4255	P11166
4256	P11168
4257	P11169
4258	P11171
4259	P11172
4260	P11177
4261	P11182
4262	P11215
4263	P11216
4264	P11217
4265	P11226
4266	P11229
4267	P11230
4268	P11233
4269	P11234
4270	P11245
4271	P11274
4272	P11277
4273	P11279
4274	P11308
4275	P11309
4276	P11310
4277	P11362
4278	P11387
4279	P11388
4280	P11413
4281	P11441
4282	P11464
4283	P11465
4284	P11473
4285	P11474
4286	P11487
4287	P11488
4288	P11498
4289	P11509
4290	P11511
4291	P11532
4292	P11586
4293	P11597
4294	P11678
4295	P11684
4296	P11686
4297	P11712
4298	P11717
4299	P11766
4300	P11801
4301	P11802
4302	P11831
4303	P11836
4304	P11844
4305	P11908
4306	P11912
4307	P11926
4308	P11940
4309	P12004
4310	P12018
4311	P12034
4312	P12035
4313	P12036
4314	P12074
4315	P12081
4316	P12104
4317	P12107
4318	P12109
4319	P12110
4320	P12111
4321	P12235
4322	P12236
4323	P12259
4324	P12268
4325	P12270
4326	P12271
4327	P12272
4328	P12273
4329	P12277
4330	P12314
4331	P12318
4332	P12319
4333	P12429
4334	P12524
4335	P12525
4336	P12532
4337	P12544
4338	P12643
4339	P12644
4340	P12645
4341	P12694
4342	P12724
4343	P12755
4344	P12757
4345	P12814
4346	P12821
4347	P12829
4348	P12830
4349	P12838
4350	P12872
4351	P12882
4352	P12883
4353	P12931
4354	P12955
4355	P12956
4356	P12980
4357	P13010
4358	P13051
4359	P13056
4360	P13073
4361	P13164
4362	P13196
4363	P13224
4364	P13232
4365	P13236
4366	P13284
4367	P13349
4368	P13378
4369	P13385
4370	P13473
4371	P13489
4372	P13497
4373	P13498
4374	P13500
4375	P13501
4376	P13521
4377	P13533
4378	P13535
4379	P13569
4380	P13584
4381	P13591
4382	P13598
4383	P13611
4384	P13612
4385	P13631
4386	P13637
4387	P13639
4388	P13640
4389	P13645
4390	P13646
4391	P13647
4392	P13667
4393	P13671
4394	P13674
4395	P13682
4396	P13686
4397	P13688
4398	P13693
4399	P13716
4400	P13725
4401	P13726
4402	P13727
4403	P13747
4404	P13762
4405	P13765
4406	P13796
4407	P13797
4408	P13798
4409	P13804
4410	P13805
4411	P13807
4412	P13861
4413	P13866
4414	P13928
4415	P13929
4416	P13942
4417	P13945
4418	P13984
4419	P13985
4420	P13987
4421	P13994
4422	P13995
4423	P14060
4424	P14061
4425	P14091
4426	P14136
4427	P14138
4428	P14151
4429	P14174
4430	P14207
4431	P14209
4432	P14210
4433	P14222
4434	P14314
4435	P14316
4436	P14317
4437	P14324
4438	P14373
4439	P14384
4440	P14406
4441	P14410
4442	P14415
4443	P14416
4444	P14543
4445	P14550
4446	P14555
4447	P14598
4448	P14616
4449	P14618
4450	P14621
4451	P14625
4452	P14635
4453	P14649
4454	P14651
4455	P14652
4456	P14653
4457	P14672
4458	P14678
4459	P14679
4460	P14735
4461	P14770
4462	P14778
4463	P14780
4464	P14784
4465	P14854
4466	P14859
4467	P14866
4468	P14867
4469	P14868
4470	P14902
4471	P14920
4472	P14921
4473	P14923
4474	P14927
4475	P15018
4476	P15036
4477	P15056
4478	P15085
4479	P15086
4480	P15088
4481	P15090
4482	P15104
4483	P15121
4484	P15144
4485	P15151
4486	P15153
4487	P15169
4488	P15170
4489	P15172
4490	P15173
4491	P15248
4492	P15259
4493	P15260
4494	P15289
4495	P15291
4496	P15309
4497	P15311
4498	P15313
4499	P15328
4500	P15336
4501	P15374
4502	P15382
4503	P15391
4504	P15407
4505	P15408
4506	P15421
4507	P15428
4508	P15498
4509	P15502
4510	P15509
4511	P15514
4512	P15515
4513	P15516
4514	P15529
4515	P15531
4516	P15538
4517	P15559
4518	P15586
4519	P15621
4520	P15622
4521	P15692
4522	P15735
4523	P15812
4524	P15813
4525	P15814
4526	P15822
4527	P15848
4528	P15863
4529	P15880
4530	P15882
4531	P15884
4532	P15907
4533	P15918
4534	P15923
4535	P15924
4536	P15927
4537	P15941
4538	P15954
4539	P15976
4540	P16035
4541	P16050
4542	P16066
4543	P16070
4544	P16083
4545	P16104
4546	P16109
4547	P16112
4548	P16118
4549	P16144
4550	P16150
4551	P16152
4552	P16157
4553	P16219
4554	P16220
4555	P16233
4556	P16234
4557	P16260
4558	P16278
4559	P16284
4560	P16298
4561	P16333
4562	P16383
4563	P16389
4564	P16401
4565	P16402
4566	P16403
4567	P16410
4568	P16415
4569	P16422
4570	P16435
4571	P16442
4572	P16444
4573	P16452
4574	P16455
4575	P16471
4576	P16473
4577	P16499
4578	P16519
4579	P16520
4580	P16562
4581	P16581
4582	P16591
4583	P16615
4584	P16619
4585	P16662
4586	P16671
4587	P16860
4588	P16870
4589	P16871
4590	P16885
4591	P16930
4592	P16949
4593	P16989
4594	P17010
4595	P17014
4596	P17017
4597	P17019
4598	P17020
4599	P17021
4600	P17022
4601	P17023
4602	P17024
4603	P17025
4604	P17026
4605	P17027
4606	P17028
4607	P17029
4608	P17030
4609	P17031
4610	P17032
4611	P17035
4612	P17036
4613	P17038
4614	P17039
4615	P17040
4616	P17041
4617	P17050
4618	P17066
4619	P17081
4620	P17096
4621	P17097
4622	P17098
4623	P17152
4624	P17174
4625	P17181
4626	P17213
4627	P17252
4628	P17275
4629	P17301
4630	P17302
4631	P17342
4632	P17405
4633	P17480
4634	P17481
4635	P17482
4636	P17483
4637	P17509
4638	P17516
4639	P17535
4640	P17538
4641	P17540
4642	P17542
4643	P17544
4644	P17568
4645	P17600
4646	P17612
4647	P17643
4648	P17655
4649	P17658
4650	P17661
4651	P17676
4652	P17677
4653	P17693
4654	P17706
4655	P17707
4656	P17735
4657	P17752
4658	P17787
4659	P17812
4660	P17813
4661	P17844
4662	P17858
4663	P17861
4664	P17900
4665	P17927
4666	P17931
4667	P17936
4668	P17947
4669	P17948
4670	P17980
4671	P17987
4672	P18031
4673	P18054
4674	P18065
4675	P18074
4676	P18075
4677	P18077
4678	P18084
4679	P18085
4680	P18089
4681	P18124
4682	P18146
4683	P18206
4684	P18283
4685	P18405
4686	P18428
4687	P18433
4688	P18440
4689	P18505
4690	P18507
4691	P18509
4692	P18510
4693	P18545
4694	P18564
4695	P18577
4696	P18583
4697	P18615
4698	P18621
4699	P18627
4700	P18669
4701	P18754
4702	P18825
4703	P18827
4704	P18846
4705	P18847
4706	P18848
4707	P18850
4708	P18858
4709	P18859
4710	P18887
4711	P19012
4712	P19013
4713	P19021
4714	P19022
4715	P19075
4716	P19086
4717	P19087
4718	P19099
4719	P19105
4720	P19113
4721	P19174
4722	P19224
4723	P19235
4724	P19237
4725	P19256
4726	P19320
4727	P19338
4728	P19367
4729	P19387
4730	P19388
4731	P19397
4732	P19404
4733	P19419
4734	P19429
4735	P19438
4736	P19440
4737	P19447
4738	P19474
4739	P19484
4740	P19525
4741	P19526
4742	P19532
4743	P19544
4744	P19622
4745	P19623
4746	P19634
4747	P19652
4748	P19784
4749	P19793
4750	P19801
4751	P19823
4752	P19827
4753	P19835
4754	P19838
4755	P19875
4756	P19876
4757	P19878
4758	P19883
4759	P19957
4760	P19961
4761	P19971
4762	P20020
4763	P20023
4764	P20036
4765	P20042
4766	P20061
4767	P20062
4768	P20073
4769	P20132
4770	P20138
4771	P20142
4772	P20151
4773	P20155
4774	P20160
4775	P20226
4776	P20231
4777	P20248
4778	P20264
4779	P20265
4780	P20273
4781	P20290
4782	P20292
4783	P20309
4784	P20333
4785	P20336
4786	P20337
4787	P20338
4788	P20339
4789	P20340
4790	P20366
4791	P20382
4792	P20393
4793	P20396
4794	P20472
4795	P20585
4796	P20591
4797	P20592
4798	P20594
4799	P20618
4800	P20645
4801	P20648
4802	P20671
4803	P20674
4804	P20700
4805	P20701
4806	P20702
4807	P20711
4808	P20718
4809	P20719
4810	P20742
4811	P20749
4812	P20774
4813	P20783
4814	P20794
4815	P20800
4816	P20807
4817	P20809
4818	P20810
4819	P20813
4820	P20815
4821	P20823
4822	P20827
4823	P20839
4824	P20848
4825	P20849
4826	P20851
4827	P20853
4828	P20908
4829	P20916
4830	P20929
4831	P20930
4832	P20933
4833	P20936
4834	P20941
4835	P20962
4836	P20963
4837	P21108
4838	P21127
4839	P21128
4840	P21145
4841	P21217
4842	P21246
4843	P21266
4844	P21281
4845	P21283
4846	P21291
4847	P21333
4848	P21359
4849	P21397
4850	P21399
4851	P21439
4852	P21452
4853	P21453
4854	P21462
4855	P21506
4856	P21549
4857	P21554
4858	P21579
4859	P21580
4860	P21583
4861	P21589
4862	P21673
4863	P21675
4864	P21695
4865	P21709
4866	P21728
4867	P21730
4868	P21731
4869	P21741
4870	P21754
4871	P21757
4872	P21781
4873	P21796
4874	P21802
4875	P21810
4876	P21815
4877	P21817
4878	P21854
4879	P21860
4880	P21912
4881	P21917
4882	P21918
4883	P21926
4884	P21941
4885	P21953
4886	P21964
4887	P21980
4888	P22001
4889	P22003
4890	P22004
4891	P22033
4892	P22059
4893	P22061
4894	P22079
4895	P22083
4896	P22087
4897	P22090
4898	P22102
4899	P22103
4900	P22105
4901	P22223
4902	P22234
4903	P22301
4904	P22303
4905	P22304
4906	P22307
4907	P22309
4908	P22310
4909	P22314
4910	P22352
4911	P22362
4912	P22392
4913	P22413
4914	P22415
4915	P22455
4916	P22459
4917	P22460
4918	P22466
4919	P22492
4920	P22528
4921	P22531
4922	P22532
4923	P22557
4924	P22570
4925	P22607
4926	P22612
4927	P22626
4928	P22670
4929	P22674
4930	P22676
4931	P22680
4932	P22681
4933	P22692
4934	P22694
4935	P22695
4936	P22732
4937	P22735
4938	P22736
4939	P22748
4940	P22749
4941	P22760
4942	P22792
4943	P22794
4944	P22830
4945	P22888
4946	P22891
4947	P22894
4948	P22897
4949	P22914
4950	P23025
4951	P23083
4952	P23109
4953	P23141
4954	P23142
4955	P23193
4956	P23219
4957	P23229
4958	P23246
4959	P23258
4960	P23276
4961	P23280
4962	P23284
4963	P23297
4964	P23327
4965	P23352
4966	P23368
4967	P23378
4968	P23381
4969	P23396
4970	P23409
4971	P23415
4972	P23416
4973	P23434
4974	P23435
4975	P23443
4976	P23458
4977	P23467
4978	P23468
4979	P23469
4980	P23470
4981	P23471
4982	P23490
4983	P23497
4984	P23508
4985	P23510
4986	P23511
4987	P23515
4988	P23526
4989	P23527
4990	P23528
4991	P23560
4992	P23582
4993	P23588
4994	P23610
4995	P23634
4996	P23677
4997	P23743
4998	P23759
4999	P23760
5000	P23763
5001	P23769
5002	P23771
5003	P23786
5004	P23919
5005	P23921
5006	P23942
5007	P23945
5008	P23946
5009	P23975
5010	P24001
5011	P24043
5012	P24046
5013	P24071
5014	P24158
5015	P24278
5016	P24298
5017	P24310
5018	P24311
5019	P24347
5020	P24385
5021	P24386
5022	P24387
5023	P24390
5024	P24394
5025	P24462
5026	P24468
5027	P24522
5028	P24530
5029	P24534
5030	P24539
5031	P24557
5032	P24588
5033	P24592
5034	P24593
5035	P24666
5036	P24723
5037	P24752
5038	P24821
5039	P24844
5040	P24855
5041	P24863
5042	P24864
5043	P24903
5044	P24928
5045	P24941
5046	P25021
5047	P25024
5048	P25025
5049	P25054
5050	P25063
5051	P25067
5052	P25089
5053	P25090
5054	P25092
5055	P25098
5056	P25100
5057	P25101
5058	P25103
5059	P25105
5060	P25106
5061	P25116
5062	P25189
5063	P25205
5064	P25208
5065	P25311
5066	P25325
5067	P25391
5068	P25398
5069	P25440
5070	P25445
5071	P25490
5072	P25685
5073	P25686
5074	P25705
5075	P25713
5076	P25774
5077	P25786
5078	P25787
5079	P25788
5080	P25789
5081	P25791
5082	P25800
5083	P25815
5084	P25874
5085	P25929
5086	P25940
5087	P25942
5088	P25963
5089	P26006
5090	P26010
5091	P26012
5092	P26022
5093	P26038
5094	P26045
5095	P26196
5096	P26232
5097	P26358
5098	P26367
5099	P26368
5100	P26371
5101	P26373
5102	P26374
5103	P26378
5104	P26436
5105	P26439
5106	P26440
5107	P26441
5108	P26447
5109	P26572
5110	P26583
5111	P26599
5112	P26639
5113	P26640
5114	P26641
5115	P26651
5116	P26678
5117	P26715
5118	P26717
5119	P26718
5120	P26842
5121	P26885
5122	P26927
5123	P26951
5124	P26992
5125	P26998
5126	P27037
5127	P27105
5128	P27144
5129	P27169
5130	P27216
5131	P27338
5132	P27348
5133	P27352
5134	P27361
5135	P27448
5136	P27449
5137	P27469
5138	P27482
5139	P27487
5140	P27539
5141	P27540
5142	P27544
5143	P27635
5144	P27658
5145	P27694
5146	P27695
5147	P27701
5148	P27707
5149	P27708
5150	P27797
5151	P27815
5152	P27816
5153	P27824
5154	P27918
5155	P27930
5156	P27986
5157	P27987
5158	P28039
5159	P28062
5160	P28065
5161	P28066
5162	P28067
5163	P28068
5164	P28069
5165	P28070
5166	P28072
5167	P28074
5168	P28161
5169	P28221
5170	P28222
5171	P28223
5172	P28288
5173	P28289
5174	P28290
5175	P28300
5176	P28324
5177	P28325
5178	P28328
5179	P28329
5180	P28330
5181	P28331
5182	P28332
5183	P28335
5184	P28336
5185	P28340
5186	P28347
5187	P28356
5188	P28358
5189	P28360
5190	P28370
5191	P28472
5192	P28476
5193	P28482
5194	P28562
5195	P28566
5196	P28676
5197	P28698
5198	P28702
5199	P28715
5200	P28749
5201	P28799
5202	P28827
5203	P28838
5204	P28845
5205	P28906
5206	P28907
5207	P28908
5208	P29016
5209	P29017
5210	P29033
5211	P29034
5212	P29074
5213	P29083
5214	P29084
5215	P29120
5216	P29122
5217	P29144
5218	P29218
5219	P29274
5220	P29275
5221	P29279
5222	P29317
5223	P29320
5224	P29322
5225	P29323
5226	P29350
5227	P29353
5228	P29371
5229	P29372
5230	P29373
5231	P29374
5232	P29375
5233	P29376
5234	P29377
5235	P29400
5236	P29401
5237	P29459
5238	P29460
5239	P29466
5240	P29474
5241	P29475
5242	P29508
5243	P29536
5244	P29558
5245	P29590
5246	P29597
5247	P29622
5248	P29692
5249	P29728
5250	P29762
5251	P29803
5252	P29965
5253	P29966
5254	P29972
5255	P29973
5256	P29992
5257	P30038
5258	P30039
5259	P30040
5260	P30041
5261	P30043
5262	P30044
5263	P30046
5264	P30047
5265	P30048
5266	P30049
5267	P30050
5268	P30084
5269	P30085
5270	P30086
5271	P30101
5272	P30153
5273	P30154
5274	P30203
5275	P30260
5276	P30273
5277	P30279
5278	P30281
5279	P30291
5280	P30301
5281	P30304
5282	P30305
5283	P30307
5284	P30405
5285	P30408
5286	P30411
5287	P30414
5288	P30419
5289	P30511
5290	P30518
5291	P30519
5292	P30520
5293	P30530
5294	P30531
5295	P30532
5296	P30533
5297	P30536
5298	P30542
5299	P30550
5300	P30556
5301	P30559
5302	P30566
5303	P30613
5304	P30622
5305	P30626
5306	P30679
5307	P30711
5308	P30740
5309	P30793
5310	P30825
5311	P30837
5312	P30838
5313	P30872
5314	P30874
5315	P30876
5316	P30926
5317	P30939
5318	P30953
5319	P30954
5320	P30968
5321	P30988
5322	P30989
5323	P30990
5324	P31025
5325	P31040
5326	P31146
5327	P31150
5328	P31151
5329	P31152
5330	P31153
5331	P31213
5332	P31249
5333	P31260
5334	P31267
5335	P31268
5336	P31269
5337	P31270
5338	P31271
5339	P31273
5340	P31274
5341	P31275
5342	P31276
5343	P31277
5344	P31314
5345	P31321
5346	P31323
5347	P31327
5348	P31350
5349	P31358
5350	P31371
5351	P31391
5352	P31415
5353	P31431
5354	P31483
5355	P31512
5356	P31513
5357	P31629
5358	P31639
5359	P31641
5360	P31644
5361	P31645
5362	P31689
5363	P31749
5364	P31751
5365	P31785
5366	P31930
5367	P31937
5368	P31939
5369	P31941
5370	P31942
5371	P31943
5372	P31944
5373	P31946
5374	P31947
5375	P31948
5376	P31949
5377	P31994
5378	P31995
5379	P31997
5380	P32004
5381	P32019
5382	P32119
5383	P32121
5384	P32189
5385	P32238
5386	P32239
5387	P32241
5388	P32242
5389	P32243
5390	P32245
5391	P32246
5392	P32247
5393	P32248
5394	P32249
5395	P32297
5396	P32298
5397	P32302
5398	P32314
5399	P32320
5400	P32321
5401	P32322
5402	P32418
5403	P32455
5404	P32456
5405	P32519
5406	P32745
5407	P32754
5408	P32780
5409	P32856
5410	P32881
5411	P32926
5412	P32927
5413	P32929
5414	P32942
5415	P32969
5416	P32970
5417	P32971
5418	P33032
5419	P33076
5420	P33121
5421	P33151
5422	P33176
5423	P33240
5424	P33241
5425	P33260
5426	P33261
5427	P33316
5428	P33402
5429	P33527
5430	P33552
5431	P33681
5432	P33763
5433	P33764
5434	P33778
5435	P33897
5436	P33908
5437	P33947
5438	P33981
5439	P33991
5440	P33992
5441	P33993
5442	P34059
5443	P34096
5444	P34130
5445	P34741
5446	P34810
5447	P34820
5448	P34896
5449	P34897
5450	P34903
5451	P34910
5452	P34913
5453	P34925
5454	P34931
5455	P34932
5456	P34947
5457	P34949
5458	P34969
5459	P34972
5460	P34981
5461	P34982
5462	P34995
5463	P34998
5464	P35030
5465	P35052
5466	P35070
5467	P35080
5468	P35125
5469	P35212
5470	P35218
5471	P35219
5472	P35221
5473	P35222
5474	P35225
5475	P35226
5476	P35227
5477	P35228
5478	P35232
5479	P35236
5480	P35237
5481	P35240
5482	P35241
5483	P35243
5484	P35244
5485	P35247
5486	P35249
5487	P35250
5488	P35251
5489	P35268
5490	P35269
5491	P35270
5492	P35318
5493	P35321
5494	P35325
5495	P35326
5496	P35346
5497	P35348
5498	P35354
5499	P35367
5500	P35368
5501	P35372
5502	P35398
5503	P35408
5504	P35410
5505	P35414
5506	P35442
5507	P35443
5508	P35452
5509	P35453
5510	P35462
5511	P35475
5512	P35498
5513	P35499
5514	P35503
5515	P35504
5516	P35520
5517	P35523
5518	P35527
5519	P35542
5520	P35548
5521	P35555
5522	P35556
5523	P35557
5524	P35558
5525	P35568
5526	P35573
5527	P35575
5528	P35579
5529	P35580
5530	P35590
5531	P35606
5532	P35609
5533	P35610
5534	P35611
5535	P35612
5536	P35613
5537	P35625
5538	P35626
5539	P35637
5540	P35638
5541	P35658
5542	P35659
5543	P35663
5544	P35670
5545	P35680
5546	P35711
5547	P35712
5548	P35713
5549	P35716
5550	P35749
5551	P35754
5552	P35789
5553	P35790
5554	P35813
5555	P35858
5556	P35869
5557	P35900
5558	P35908
5559	P35913
5560	P35914
5561	P35916
5562	P35968
5563	P35998
5564	P36021
5565	P36222
5566	P36268
5567	P36269
5568	P36382
5569	P36383
5570	P36402
5571	P36404
5572	P36405
5573	P36406
5574	P36507
5575	P36508
5576	P36537
5577	P36542
5578	P36543
5579	P36544
5580	P36551
5581	P36575
5582	P36578
5583	P36639
5584	P36776
5585	P36871
5586	P36873
5587	P36888
5588	P36894
5589	P36896
5590	P36897
5591	P36915
5592	P36941
5593	P36952
5594	P36954
5595	P36955
5596	P36956
5597	P36957
5598	P36959
5599	P36969
5600	P36980
5601	P37023
5602	P37058
5603	P37059
5604	P37088
5605	P37108
5606	P37173
5607	P37198
5608	P37231
5609	P37235
5610	P37268
5611	P37275
5612	P37287
5613	P37288
5614	P37802
5615	P37837
5616	P37840
5617	P38117
5618	P38159
5619	P38398
5620	P38405
5621	P38432
5622	P38435
5623	P38484
5624	P38567
5625	P38570
5626	P38571
5627	P38606
5628	P38646
5629	P38919
5630	P38935
5631	P38936
5632	P39019
5633	P39023
5634	P39059
5635	P39060
5636	P39086
5637	P39210
5638	P39656
5639	P39687
5640	P39748
5641	P39877
5642	P39880
5643	P39900
5644	P39905
5645	P40121
5646	P40123
5647	P40126
5648	P40145
5649	P40189
5650	P40197
5651	P40198
5652	P40199
5653	P40200
5654	P40205
5655	P40222
5656	P40225
5657	P40227
5658	P40238
5659	P40259
5660	P40261
5661	P40305
5662	P40306
5663	P40313
5664	P40337
5665	P40394
5666	P40424
5667	P40425
5668	P40426
5669	P40429
5670	P40616
5671	P40617
5672	P40692
5673	P40763
5674	P40818
5675	P40855
5676	P40879
5677	P40925
5678	P40926
5679	P40933
5680	P40937
5681	P40938
5682	P40939
5683	P40967
5684	P41002
5685	P41091
5686	P41134
5687	P41143
5688	P41145
5689	P41146
5690	P41159
5691	P41161
5692	P41162
5693	P41180
5694	P41181
5695	P41182
5696	P41208
5697	P41212
5698	P41214
5699	P41217
5700	P41218
5701	P41219
5702	P41220
5703	P41221
5704	P41222
5705	P41223
5706	P41225
5707	P41226
5708	P41227
5709	P41229
5710	P41231
5711	P41235
5712	P41236
5713	P41238
5714	P41240
5715	P41247
5716	P41250
5717	P41252
5718	P41271
5719	P41273
5720	P41279
5721	P41439
5722	P41440
5723	P41567
5724	P41586
5725	P41587
5726	P41594
5727	P41595
5728	P41597
5729	P41732
5730	P41743
5731	P41968
5732	P41970
5733	P42025
5734	P42081
5735	P42126
5736	P42127
5737	P42166
5738	P42167
5739	P42224
5740	P42226
5741	P42229
5742	P42261
5743	P42262
5744	P42263
5745	P42285
5746	P42330
5747	P42331
5748	P42336
5749	P42338
5750	P42345
5751	P42356
5752	P42357
5753	P42566
5754	P42568
5755	P42574
5756	P42575
5757	P42658
5758	P42677
5759	P42679
5760	P42680
5761	P42681
5762	P42684
5763	P42685
5764	P42694
5765	P42695
5766	P42696
5767	P42701
5768	P42702
5769	P42704
5770	P42765
5771	P42766
5772	P42768
5773	P42771
5774	P42772
5775	P42773
5776	P42785
5777	P42830
5778	P42857
5779	P42858
5780	P42892
5781	P42898
5782	P43003
5783	P43004
5784	P43005
5785	P43007
5786	P43026
5787	P43034
5788	P43080
5789	P43088
5790	P43115
5791	P43116
5792	P43119
5793	P43121
5794	P43146
5795	P43155
5796	P43166
5797	P43220
5798	P43234
5799	P43235
5800	P43243
5801	P43246
5802	P43250
5803	P43251
5804	P43268
5805	P43304
5806	P43307
5807	P43308
5808	P43320
5809	P43351
5810	P43353
5811	P43354
5812	P43355
5813	P43356
5814	P43357
5815	P43358
5816	P43359
5817	P43360
5818	P43361
5819	P43362
5820	P43363
5821	P43364
5822	P43365
5823	P43366
5824	P43378
5825	P43403
5826	P43405
5827	P43487
5828	P43489
5829	P43490
5830	P43626
5831	P43627
5832	P43628
5833	P43629
5834	P43630
5835	P43631
5836	P43632
5837	P43652
5838	P43657
5839	P43681
5840	P43686
5841	P43694
5842	P43699
5843	P43897
5844	P45378
5845	P45379
5846	P45381
5847	P45452
5848	P45844
5849	P45877
5850	P45880
5851	P45954
5852	P45973
5853	P45974
5854	P45983
5855	P45984
5856	P45985
5857	P46013
5858	P46019
5859	P46020
5860	P46059
5861	P46060
5862	P46063
5863	P46087
5864	P46089
5865	P46091
5866	P46092
5867	P46093
5868	P46094
5869	P46095
5870	P46098
5871	P46100
5872	P46108
5873	P46109
5874	P46199
5875	P46379
5876	P46439
5877	P46459
5878	P46527
5879	P46531
5880	P46597
5881	P46663
5882	P46695
5883	P46721
5884	P46734
5885	P46736
5886	P46776
5887	P46777
5888	P46778
5889	P46779
5890	P46781
5891	P46782
5892	P46783
5893	P46821
5894	P46926
5895	P46934
5896	P46937
5897	P46939
5898	P46940
5899	P46952
5900	P46976
5901	P46977
5902	P47211
5903	P47224
5904	P47710
5905	P47712
5906	P47736
5907	P47755
5908	P47756
5909	P47775
5910	P47804
5911	P47813
5912	P47869
5913	P47870
5914	P47871
5915	P47872
5916	P47874
5917	P47881
5918	P47883
5919	P47884
5920	P47887
5921	P47888
5922	P47890
5923	P47893
5924	P47895
5925	P47897
5926	P47898
5927	P47900
5928	P47901
5929	P47902
5930	P47914
5931	P47928
5932	P47929
5933	P47944
5934	P47972
5935	P47974
5936	P47985
5937	P47989
5938	P47992
5939	P48023
5940	P48029
5941	P48039
5942	P48047
5943	P48048
5944	P48050
5945	P48051
5946	P48052
5947	P48058
5948	P48059
5949	P48060
5950	P48061
5951	P48065
5952	P48066
5953	P48067
5954	P48145
5955	P48146
5956	P48147
5957	P48163
5958	P48165
5959	P48167
5960	P48169
5961	P48200
5962	P48201
5963	P48230
5964	P48304
5965	P48307
5966	P48357
5967	P48378
5968	P48380
5969	P48382
5970	P48426
5971	P48431
5972	P48436
5973	P48443
5974	P48444
5975	P48448
5976	P48449
5977	P48454
5978	P48506
5979	P48507
5980	P48509
5981	P48539
5982	P48544
5983	P48546
5984	P48547
5985	P48549
5986	P48551
5987	P48552
5988	P48553
5989	P48556
5990	P48594
5991	P48595
5992	P48634
5993	P48637
5994	P48643
5995	P48645
5996	P48651
5997	P48664
5998	P48668
5999	P48681
6000	P48723
6001	P48728
6002	P48729
6003	P48730
6004	P48735
6005	P48736
6006	P48739
6007	P48740
6008	P48741
6009	P48742
6010	P48745
6011	P48751
6012	P48764
6013	P48775
6014	P48788
6015	P48960
6016	P48995
6017	P49005
6018	P49006
6019	P49019
6020	P49023
6021	P49069
6022	P49116
6023	P49137
6024	P49146
6025	P49184
6026	P49189
6027	P49190
6028	P49207
6029	P49221
6030	P49223
6031	P49238
6032	P49247
6033	P49257
6034	P49279
6035	P49281
6036	P49286
6037	P49321
6038	P49326
6039	P49327
6040	P49335
6041	P49336
6042	P49354
6043	P49356
6044	P49366
6045	P49368
6046	P49406
6047	P49407
6048	P49411
6049	P49418
6050	P49419
6051	P49427
6052	P49441
6053	P49447
6054	P49448
6055	P49450
6056	P49454
6057	P49458
6058	P49459
6059	P49585
6060	P49588
6061	P49589
6062	P49590
6063	P49591
6064	P49593
6065	P49619
6066	P49638
6067	P49639
6068	P49640
6069	P49641
6070	P49642
6071	P49643
6072	P49662
6073	P49674
6074	P49675
6075	P49682
6076	P49683
6077	P49685
6078	P49703
6079	P49711
6080	P49715
6081	P49716
6082	P49720
6083	P49721
6084	P49736
6085	P49746
6086	P49747
6087	P49748
6088	P49750
6089	P49753
6090	P49754
6091	P49755
6092	P49756
6093	P49757
6094	P49758
6095	P49759
6096	P49760
6097	P49761
6098	P49763
6099	P49765
6100	P49767
6101	P49768
6102	P49770
6103	P49771
6104	P49773
6105	P49788
6106	P49789
6107	P49790
6108	P49792
6109	P49795
6110	P49796
6111	P49798
6112	P49802
6113	P49810
6114	P49815
6115	P49821
6116	P49840
6117	P49841
6118	P49842
6119	P49848
6120	P49862
6121	P49863
6122	P49888
6123	P49895
6124	P49901
6125	P49902
6126	P49903
6127	P49908
6128	P49910
6129	P49913
6130	P49914
6131	P49915
6132	P49916
6133	P49917
6134	P49918
6135	P49959
6136	P49961
6137	P50052
6138	P50053
6139	P50120
6140	P50135
6141	P50148
6142	P50150
6143	P50151
6144	P50213
6145	P50219
6146	P50221
6147	P50222
6148	P50225
6149	P50226
6150	P50238
6151	P50281
6152	P50336
6153	P50391
6154	P50395
6155	P50402
6156	P50406
6157	P50416
6158	P50440
6159	P50443
6160	P50452
6161	P50453
6162	P50454
6163	P50458
6164	P50461
6165	P50479
6166	P50502
6167	P50539
6168	P50542
6169	P50548
6170	P50549
6171	P50552
6172	P50553
6173	P50570
6174	P50579
6175	P50583
6176	P50591
6177	P50607
6178	P50613
6179	P50616
6180	P50747
6181	P50748
6182	P50749
6183	P50750
6184	P50851
6185	P50876
6186	P50895
6187	P50897
6188	P50914
6189	P50990
6190	P50991
6191	P50993
6192	P50995
6193	P51003
6194	P51114
6195	P51116
6196	P51124
6197	P51148
6198	P51149
6199	P51151
6200	P51153
6201	P51157
6202	P51159
6203	P51160
6204	P51161
6205	P51164
6206	P51168
6207	P51170
6208	P51172
6209	P51178
6210	P51397
6211	P51398
6212	P51449
6213	P51451
6214	P51452
6215	P51460
6216	P51504
6217	P51508
6218	P51511
6219	P51512
6220	P51513
6221	P51522
6222	P51523
6223	P51530
6224	P51531
6225	P51532
6226	P51553
6227	P51570
6228	P51571
6229	P51572
6230	P51575
6231	P51580
6232	P51582
6233	P51587
6234	P51589
6235	P51606
6236	P51608
6237	P51610
6238	P51617
6239	P51636
6240	P51648
6241	P51649
6242	P51654
6243	P51659
6244	P51665
6245	P51668
6246	P51671
6247	P51674
6248	P51677
6249	P51679
6250	P51681
6251	P51684
6252	P51685
6253	P51686
6254	P51687
6255	P51688
6256	P51689
6257	P51690
6258	P51692
6259	P51693
6260	P51784
6261	P51786
6262	P51787
6263	P51788
6264	P51790
6265	P51793
6266	P51795
6267	P51797
6268	P51798
6269	P51800
6270	P51801
6271	P51805
6272	P51808
6273	P51809
6274	P51810
6275	P51811
6276	P51812
6277	P51813
6278	P51814
6279	P51815
6280	P51816
6281	P51817
6282	P51825
6283	P51826
6284	P51828
6285	P51841
6286	P51843
6287	P51854
6288	P51857
6289	P51858
6290	P51861
6291	P51864
6292	P51878
6293	P51884
6294	P51888
6295	P51911
6296	P51946
6297	P51948
6298	P51955
6299	P51956
6300	P51957
6301	P51959
6302	P51965
6303	P51970
6304	P51991
6305	P51993
6306	P52179
6307	P52198
6308	P52209
6309	P52272
6310	P52292
6311	P52294
6312	P52298
6313	P52306
6314	P52333
6315	P52429
6316	P52434
6317	P52435
6318	P52564
6319	P52565
6320	P52566
6321	P52569
6322	P52594
6323	P52597
6324	P52630
6325	P52655
6326	P52657
6327	P52701
6328	P52732
6329	P52735
6330	P52736
6331	P52737
6332	P52738
6333	P52739
6334	P52740
6335	P52741
6336	P52742
6337	P52743
6338	P52744
6339	P52746
6340	P52747
6341	P52756
6342	P52757
6343	P52758
6344	P52788
6345	P52789
6346	P52790
6347	P52797
6348	P52798
6349	P52799
6350	P52803
6351	P52815
6352	P52823
6353	P52824
6354	P52848
6355	P52849
6356	P52888
6357	P52895
6358	P52907
6359	P52926
6360	P52943
6361	P52945
6362	P52948
6363	P52951
6364	P52952
6365	P52954
6366	P52961
6367	P53004
6368	P53007
6369	P53041
6370	P53350
6371	P53355
6372	P53365
6373	P53367
6374	P53370
6375	P53384
6376	P53396
6377	P53420
6378	P53539
6379	P53567
6380	P53582
6381	P53597
6382	P53602
6383	P53609
6384	P53611
6385	P53618
6386	P53621
6387	P53634
6388	P53667
6389	P53671
6390	P53672
6391	P53673
6392	P53674
6393	P53675
6394	P53677
6395	P53680
6396	P53701
6397	P53708
6398	P53778
6399	P53779
6400	P53794
6401	P53801
6402	P53803
6403	P53804
6404	P53805
6405	P53814
6406	P53816
6407	P53985
6408	P53990
6409	P53992
6410	P53999
6411	P54098
6412	P54105
6413	P54107
6414	P54108
6415	P54132
6416	P54136
6417	P54198
6418	P54219
6419	P54252
6420	P54253
6421	P54257
6422	P54259
6423	P54274
6424	P54277
6425	P54278
6426	P54284
6427	P54289
6428	P54296
6429	P54315
6430	P54317
6431	P54368
6432	P54577
6433	P54578
6434	P54619
6435	P54646
6436	P54652
6437	P54687
6438	P54707
6439	P54709
6440	P54710
6441	P54725
6442	P54727
6443	P54750
6444	P54753
6445	P54756
6446	P54760
6447	P54762
6448	P54764
6449	P54792
6450	P54793
6451	P54802
6452	P54803
6453	P54819
6454	P54821
6455	P54826
6456	P54829
6457	P54840
6458	P54845
6459	P54849
6460	P54851
6461	P54852
6462	P54855
6463	P54868
6464	P54886
6465	P54920
6466	P54922
6467	P55000
6468	P55001
6469	P55008
6470	P55010
6471	P55011
6472	P55017
6473	P55036
6474	P55039
6475	P55040
6476	P55042
6477	P55055
6478	P55056
6479	P55058
6480	P55060
6481	P55061
6482	P55064
6483	P55072
6484	P55073
6485	P55075
6486	P55081
6487	P55082
6488	P55083
6489	P55084
6490	P55085
6491	P55087
6492	P55089
6493	P55103
6494	P55107
6495	P55145
6496	P55157
6497	P55160
6498	P55196
6499	P55197
6500	P55198
6501	P55199
6502	P55201
6503	P55209
6504	P55210
6505	P55211
6506	P55212
6507	P55259
6508	P55263
6509	P55265
6510	P55268
6511	P55273
6512	P55283
6513	P55285
6514	P55286
6515	P55287
6516	P55289
6517	P55290
6518	P55291
6519	P55316
6520	P55317
6521	P55318
6522	P55327
6523	P55344
6524	P55345
6525	P55347
6526	P55735
6527	P55769
6528	P55771
6529	P55773
6530	P55774
6531	P55786
6532	P55789
6533	P55795
6534	P55808
6535	P55809
6536	P55822
6537	P55851
6538	P55854
6539	P55884
6540	P55895
6541	P55899
6542	P55916
6543	P55957
6544	P56134
6545	P56159
6546	P56177
6547	P56178
6548	P56179
6549	P56180
6550	P56181
6551	P56182
6552	P56192
6553	P56199
6554	P56202
6555	P56211
6556	P56270
6557	P56277
6558	P56278
6559	P56279
6560	P56282
6561	P56373
6562	P56377
6563	P56378
6564	P56381
6565	P56385
6566	P56470
6567	P56524
6568	P56537
6569	P56539
6570	P56545
6571	P56555
6572	P56556
6573	P56557
6574	P56559
6575	P56589
6576	P56597
6577	P56645
6578	P56693
6579	P56696
6580	P56703
6581	P56704
6582	P56705
6583	P56706
6584	P56715
6585	P56730
6586	P56746
6587	P56747
6588	P56748
6589	P56749
6590	P56750
6591	P56817
6592	P56851
6593	P56856
6594	P56880
6595	P56915
6596	P56937
6597	P56945
6598	P56962
6599	P56975
6600	P57052
6601	P57053
6602	P57054
6603	P57055
6604	P57057
6605	P57058
6606	P57059
6607	P57060
6608	P57071
6609	P57073
6610	P57075
6611	P57076
6612	P57077
6613	P57078
6614	P57081
6615	P57082
6616	P57086
6617	P57087
6618	P57088
6619	P57103
6620	P57105
6621	P57678
6622	P57679
6623	P57682
6624	P57721
6625	P57723
6626	P57727
6627	P57729
6628	P57730
6629	P57735
6630	P57737
6631	P57738
6632	P57739
6633	P57740
6634	P57764
6635	P57768
6636	P57771
6637	P57772
6638	P57773
6639	P57775
6640	P57789
6641	P57796
6642	P58004
6643	P58005
6644	P58012
6645	P58062
6646	P58107
6647	P58166
6648	P58170
6649	P58173
6650	P58180
6651	P58181
6652	P58182
6653	P58215
6654	P58294
6655	P58304
6656	P58317
6657	P58335
6658	P58340
6659	P58397
6660	P58400
6661	P58401
6662	P58417
6663	P58418
6664	P58499
6665	P58505
6666	P58511
6667	P58512
6668	P58513
6669	P58546
6670	P58549
6671	P58550
6672	P58557
6673	P58658
6674	P58743
6675	P58753
6676	P58872
6677	P58876
6678	P59020
6679	P59022
6680	P59025
6681	P59036
6682	P59037
6683	P59044
6684	P59045
6685	P59046
6686	P59047
6687	P59052
6688	P59074
6689	P59091
6690	P59095
6691	P59103
6692	P59190
6693	P59282
6694	P59510
6695	P59533
6696	P59534
6697	P59535
6698	P59536
6699	P59537
6700	P59538
6701	P59539
6702	P59540
6703	P59541
6704	P59542
6705	P59543
6706	P59544
6707	P59551
6708	P59646
6709	P59665
6710	P59666
6711	P59768
6712	P59773
6713	P59780
6714	P59796
6715	P59797
6716	P59817
6717	P59826
6718	P59827
6719	P59861
6720	P59901
6721	P59910
6722	P59922
6723	P59923
6724	P59942
6725	P59990
6726	P59991
6727	P59998
6728	P60002
6729	P60006
6730	P60008
6731	P60014
6732	P60022
6733	P60033
6734	P60059
6735	P60153
6736	P60174
6737	P60201
6738	P60228
6739	P60321
6740	P60323
6741	P60328
6742	P60329
6743	P60331
6744	P60368
6745	P60369
6746	P60370
6747	P60371
6748	P60372
6749	P60409
6750	P60410
6751	P60411
6752	P60412
6753	P60413
6754	P60468
6755	P60484
6756	P60507
6757	P60508
6758	P60509
6759	P60510
6760	P60520
6761	P60568
6762	P60602
6763	P60604
6764	P60606
6765	P60608
6766	P60660
6767	P60673
6768	P60709
6769	P60763
6770	P60827
6771	P60842
6772	P60852
6773	P60866
6774	P60880
6775	P60891
6776	P60893
6777	P60896
6778	P60900
6779	P60903
6780	P60953
6781	P60981
6782	P60983
6783	P60985
6784	P61006
6785	P61009
6786	P61011
6787	P61018
6788	P61019
6789	P61020
6790	P61024
6791	P61026
6792	P61073
6793	P61077
6794	P61081
6795	P61086
6796	P61088
6797	P61106
6798	P61129
6799	P61158
6800	P61160
6801	P61163
6802	P61165
6803	P61201
6804	P61204
6805	P61218
6806	P61221
6807	P61224
6808	P61225
6809	P61236
6810	P61244
6811	P61247
6812	P61254
6813	P61266
6814	P61278
6815	P61289
6816	P61296
6817	P61313
6818	P61326
6819	P61328
6820	P61353
6821	P61366
6822	P61371
6823	P61421
6824	P61457
6825	P61513
6826	P61550
6827	P61565
6828	P61566
6829	P61567
6830	P61568
6831	P61570
6832	P61571
6833	P61572
6834	P61573
6835	P61574
6836	P61575
6837	P61576
6838	P61578
6839	P61579
6840	P61580
6841	P61581
6842	P61582
6843	P61583
6844	P61586
6845	P61587
6846	P61599
6847	P61601
6848	P61604
6849	P61619
6850	P61626
6851	P61647
6852	P61758
6853	P61764
6854	P61769
6855	P61803
6856	P61812
6857	P61916
6858	P61923
6859	P61925
6860	P61927
6861	P61952
6862	P61956
6863	P61960
6864	P61962
6865	P61964
6866	P61966
6867	P61968
6868	P61970
6869	P61978
6870	P61981
6871	P62068
6872	P62070
6873	P62072
6874	P62079
6875	P62081
6876	P62136
6877	P62140
6878	P62166
6879	P62191
6880	P62195
6881	P62241
6882	P62244
6883	P62249
6884	P62253
6885	P62256
6886	P62258
6887	P62263
6888	P62266
6889	P62269
6890	P62273
6891	P62277
6892	P62280
6893	P62304
6894	P62306
6895	P62308
6896	P62310
6897	P62312
6898	P62314
6899	P62316
6900	P62318
6901	P62324
6902	P62328
6903	P62330
6904	P62333
6905	P62341
6906	P62380
6907	P62424
6908	P62487
6909	P62491
6910	P62495
6911	P62502
6912	P62508
6913	P62633
6914	P62683
6915	P62684
6916	P62685
6917	P62699
6918	P62701
6919	P62714
6920	P62736
6921	P62745
6922	P62750
6923	P62753
6924	P62760
6925	P62805
6926	P62807
6927	P62820
6928	P62826
6929	P62829
6930	P62834
6931	P62837
6932	P62841
6933	P62847
6934	P62851
6935	P62854
6936	P62857
6937	P62861
6938	P62873
6939	P62875
6940	P62877
6941	P62879
6942	P62888
6943	P62891
6944	P62899
6945	P62906
6946	P62910
6947	P62913
6948	P62917
6949	P62937
6950	P62942
6951	P62945
6952	P62952
6953	P62955
6954	P62979
6955	P62987
6956	P62993
6957	P62995
6958	P63000
6959	P63010
6960	P63027
6961	P63092
6962	P63096
6963	P63098
6964	P63104
6965	P63119
6966	P63120
6967	P63121
6968	P63122
6969	P63123
6970	P63124
6971	P63125
6972	P63126
6973	P63127
6974	P63128
6975	P63129
6976	P63130
6977	P63131
6978	P63132
6979	P63133
6980	P63135
6981	P63136
6982	P63145
6983	P63146
6984	P63151
6985	P63162
6986	P63165
6987	P63167
6988	P63172
6989	P63173
6990	P63208
6991	P63211
6992	P63215
6993	P63218
6994	P63220
6995	P63241
6996	P63244
6997	P63252
6998	P63261
6999	P63267
7000	P63272
7001	P63279
7002	P63302
7003	P63313
7004	P63316
7005	P67775
7006	P67809
7007	P67812
7008	P67870
7009	P67936
7010	P68032
7011	P68036
7012	P68104
7013	P68106
7014	P68133
7015	P68363
7016	P68366
7017	P68371
7018	P68400
7019	P68402
7020	P68431
7021	P68543
7022	P68871
7023	P69208
7024	P69849
7025	P69891
7026	P69892
7027	P69905
7028	P78310
7029	P78312
7030	P78314
7031	P78316
7032	P78317
7033	P78318
7034	P78324
7035	P78325
7036	P78329
7037	P78330
7038	P78332
7039	P78333
7040	P78334
7041	P78337
7042	P78344
7043	P78345
7044	P78346
7045	P78347
7046	P78348
7047	P78352
7048	P78356
7049	P78357
7050	P78358
7051	P78362
7052	P78363
7053	P78364
7054	P78367
7055	P78368
7056	P78369
7057	P78371
7058	P78380
7059	P78381
7060	P78382
7061	P78383
7062	P78385
7063	P78386
7064	P78395
7065	P78396
7066	P78406
7067	P78410
7068	P78411
7069	P78412
7070	P78413
7071	P78414
7072	P78415
7073	P78417
7074	P78423
7075	P78424
7076	P78426
7077	P78504
7078	P78508
7079	P78509
7080	P78524
7081	P78527
7082	P78536
7083	P78537
7084	P78539
7085	P78540
7086	P78543
7087	P78545
7088	P78549
7089	P78552
7090	P78556
7091	P78559
7092	P78560
7093	P78562
7094	P78563
7095	P79483
7096	P79522
7097	P80075
7098	P80098
7099	P80108
7100	P80162
7101	P80188
7102	P80192
7103	P80217
7104	P80294
7105	P80297
7106	P80303
7107	P80365
7108	P80370
7109	P80404
7110	P80511
7111	P80723
7112	P80748
7113	P81133
7114	P81172
7115	P81274
7116	P81277
7117	P81408
7118	P81534
7119	P81605
7120	P81877
7121	P82094
7122	P82251
7123	P82279
7124	P82650
7125	P82663
7126	P82664
7127	P82673
7128	P82675
7129	P82909
7130	P82912
7131	P82914
7132	P82921
7133	P82930
7134	P82932
7135	P82933
7136	P82970
7137	P82979
7138	P82980
7139	P82987
7140	P83105
7141	P83110
7142	P83111
7143	P83369
7144	P83436
7145	P83731
7146	P83859
7147	P83876
7148	P83881
7149	P83916
7150	P84022
7151	P84074
7152	P84077
7153	P84085
7154	P84090
7155	P84095
7156	P84098
7157	P84101
7158	P84103
7159	P84157
7160	P84243
7161	P84550
7162	P84996
7163	P85037
7164	P85298
7165	P85299
7166	P86397
7167	P86434
7168	P86452
7169	P86478
7170	P86479
7171	P86480
7172	P86481
7173	P86496
7174	P86790
7175	P86791
7176	P87889
7177	P98066
7178	P98073
7179	P98077
7180	P98082
7181	P98088
7182	P98095
7183	P98153
7184	P98155
7185	P98160
7186	P98161
7187	P98164
7188	P98168
7189	P98169
7190	P98170
7191	P98171
7192	P98172
7193	P98173
7194	P98174
7195	P98175
7196	P98177
7197	P98179
7198	P98182
7199	P98187
7200	P98194
7201	P98196
7202	P98198
7203	P99999
7204	Q00005
7205	Q00013
7206	Q00056
7207	Q00059
7208	Q00169
7209	Q00266
7210	Q00325
7211	Q00341
7212	Q00403
7213	Q00444
7214	Q00526
7215	Q00532
7216	Q00534
7217	Q00535
7218	Q00536
7219	Q00537
7220	Q00577
7221	Q00587
7222	Q00597
7223	Q00604
7224	Q00610
7225	Q00613
7226	Q00653
7227	Q00688
7228	Q00722
7229	Q00765
7230	Q00796
7231	Q00839
7232	Q00872
7233	Q00887
7234	Q00888
7235	Q00889
7236	Q008S8
7237	Q00973
7238	Q00975
7239	Q00978
7240	Q00987
7241	Q00994
7242	Q00G26
7243	Q00LT1
7244	Q01064
7245	Q01081
7246	Q01082
7247	Q01085
7248	Q01094
7249	Q01101
7250	Q01105
7251	Q01113
7252	Q01118
7253	Q01130
7254	Q01151
7255	Q01167
7256	Q01196
7257	Q01201
7258	Q01344
7259	Q01362
7260	Q01415
7261	Q01432
7262	Q01433
7263	Q01449
7264	Q01453
7265	Q01459
7266	Q01469
7267	Q01484
7268	Q01518
7269	Q01523
7270	Q01524
7271	Q01534
7272	Q01538
7273	Q01543
7274	Q01546
7275	Q01581
7276	Q01628
7277	Q01629
7278	Q01638
7279	Q01650
7280	Q01658
7281	Q01664
7282	Q01668
7283	Q01718
7284	Q01726
7285	Q01740
7286	Q01780
7287	Q01804
7288	Q01813
7289	Q01814
7290	Q01826
7291	Q01831
7292	Q01844
7293	Q01850
7294	Q01851
7295	Q01860
7296	Q01892
7297	Q01954
7298	Q01955
7299	Q01959
7300	Q01968
7301	Q01970
7302	Q01973
7303	Q01974
7304	Q01995
7305	Q02040
7306	Q02045
7307	Q02078
7308	Q02080
7309	Q02083
7310	Q02086
7311	Q02094
7312	Q02108
7313	Q02127
7314	Q02153
7315	Q02156
7316	Q02161
7317	Q02218
7318	Q02221
7319	Q02223
7320	Q02224
7321	Q02241
7322	Q02246
7323	Q02252
7324	Q02297
7325	Q02318
7326	Q02325
7327	Q02338
7328	Q02363
7329	Q02383
7330	Q02386
7331	Q02388
7332	Q02410
7333	Q02413
7334	Q02446
7335	Q02447
7336	Q02487
7337	Q02505
7338	Q02509
7339	Q02535
7340	Q02539
7341	Q02543
7342	Q02548
7343	Q02556
7344	Q02575
7345	Q02577
7346	Q02641
7347	Q02643
7348	Q02742
7349	Q02747
7350	Q02750
7351	Q02763
7352	Q02779
7353	Q02790
7354	Q02809
7355	Q02817
7356	Q02818
7357	Q02833
7358	Q02846
7359	Q02878
7360	Q02880
7361	Q02928
7362	Q02930
7363	Q02952
7364	Q02962
7365	Q02978
7366	Q02985
7367	Q03001
7368	Q03013
7369	Q03014
7370	Q03052
7371	Q03060
7372	Q03111
7373	Q03112
7374	Q03113
7375	Q03135
7376	Q03154
7377	Q03164
7378	Q03167
7379	Q03169
7380	Q03181
7381	Q03188
7382	Q03252
7383	Q03393
7384	Q03395
7385	Q03403
7386	Q03405
7387	Q03426
7388	Q03431
7389	Q03468
7390	Q03518
7391	Q03519
7392	Q03591
7393	Q03692
7394	Q03701
7395	Q03721
7396	Q03828
7397	Q03923
7398	Q03924
7399	Q03933
7400	Q03936
7401	Q03938
7402	Q03989
7403	Q04118
7404	Q04206
7405	Q04323
7406	Q04446
7407	Q04609
7408	Q04637
7409	Q04656
7410	Q04671
7411	Q04695
7412	Q04721
7413	Q04724
7414	Q04725
7415	Q04726
7416	Q04727
7417	Q04741
7418	Q04743
7419	Q04756
7420	Q04759
7421	Q04760
7422	Q04771
7423	Q04828
7424	Q04837
7425	Q04844
7426	Q04864
7427	Q04900
7428	Q04912
7429	Q04917
7430	Q04941
7431	Q05048
7432	Q05066
7433	Q05084
7434	Q05086
7435	Q05193
7436	Q05195
7437	Q05209
7438	Q05215
7439	Q05315
7440	Q05329
7441	Q05397
7442	Q05469
7443	Q05481
7444	Q05513
7445	Q05516
7446	Q05519
7447	Q05586
7448	Q05639
7449	Q05655
7450	Q05682
7451	Q05707
7452	Q05823
7453	Q05901
7454	Q05923
7455	Q05925
7456	Q05932
7457	Q05940
7458	Q05952
7459	Q05996
7460	Q05BQ5
7461	Q05BU3
7462	Q05BV3
7463	Q05C16
7464	Q05D32
7465	Q05D60
7466	Q05DH4
7467	Q06033
7468	Q06055
7469	Q06124
7470	Q06136
7471	Q06141
7472	Q06187
7473	Q06190
7474	Q06203
7475	Q06210
7476	Q06250
7477	Q06265
7478	Q06278
7479	Q06323
7480	Q06330
7481	Q06413
7482	Q06416
7483	Q06418
7484	Q06432
7485	Q06455
7486	Q06481
7487	Q06495
7488	Q06520
7489	Q06546
7490	Q06547
7491	Q06587
7492	Q06609
7493	Q06643
7494	Q06710
7495	Q06730
7496	Q06732
7497	Q06787
7498	Q06828
7499	Q06830
7500	Q06889
7501	Q06945
7502	Q07001
7503	Q07002
7504	Q07011
7505	Q07020
7506	Q07021
7507	Q07065
7508	Q07075
7509	Q07092
7510	Q07108
7511	Q07157
7512	Q07283
7513	Q07325
7514	Q07326
7515	Q07343
7516	Q07352
7517	Q07444
7518	Q07507
7519	Q075Z2
7520	Q07617
7521	Q07627
7522	Q07654
7523	Q07666
7524	Q07687
7525	Q07699
7526	Q07812
7527	Q07817
7528	Q07820
7529	Q07837
7530	Q07864
7531	Q07866
7532	Q07869
7533	Q07889
7534	Q07890
7535	Q07912
7536	Q07954
7537	Q07955
7538	Q07960
7539	Q07973
7540	Q08043
7541	Q08050
7542	Q08116
7543	Q08117
7544	Q08170
7545	Q08174
7546	Q08188
7547	Q08209
7548	Q08211
7549	Q08257
7550	Q08289
7551	Q08334
7552	Q08345
7553	Q08357
7554	Q08378
7555	Q08379
7556	Q08380
7557	Q08397
7558	Q08426
7559	Q08431
7560	Q08462
7561	Q08477
7562	Q08493
7563	Q08495
7564	Q08499
7565	Q08554
7566	Q08623
7567	Q08629
7568	Q08648
7569	Q08708
7570	Q08722
7571	Q08752
7572	Q08828
7573	Q08830
7574	Q08881
7575	Q08945
7576	Q08999
7577	Q08AD1
7578	Q08AE8
7579	Q08AF3
7580	Q08AG5
7581	Q08AG7
7582	Q08AH1
7583	Q08AH3
7584	Q08AI6
7585	Q08AI8
7586	Q08AM6
7587	Q08AN1
7588	Q08E93
7589	Q08ER8
7590	Q08ET2
7591	Q08J23
7592	Q09013
7593	Q09019
7594	Q09028
7595	Q09161
7596	Q09327
7597	Q09328
7598	Q09428
7599	Q09470
7600	Q09472
7601	Q09666
7602	Q09FC8
7603	Q09MP3
7604	Q0D2H9
7605	Q0D2I5
7606	Q0D2J5
7607	Q0D2K0
7608	Q0D2K2
7609	Q0D2K3
7610	Q0D2K5
7611	Q0GE19
7612	Q0IIM8
7613	Q0IIN9
7614	Q0JRZ9
7615	Q0P140
7616	Q0P5N6
7617	Q0P5P2
7618	Q0P641
7619	Q0P651
7620	Q0P670
7621	Q0P6D2
7622	Q0P6D6
7623	Q0P6H9
7624	Q0PNE2
7625	Q0VAA2
7626	Q0VAA5
7627	Q0VAF6
7628	Q0VAK6
7629	Q0VAM2
7630	Q0VAQ4
7631	Q0VD83
7632	Q0VD86
7633	Q0VDD5
7634	Q0VDD7
7635	Q0VDD8
7636	Q0VDE8
7637	Q0VDF9
7638	Q0VDG4
7639	Q0VDI3
7640	Q0VF49
7641	Q0VF96
7642	Q0VFX4
7643	Q0VFZ6
7644	Q0VG06
7645	Q0VG73
7646	Q0VG99
7647	Q0VGE8
7648	Q0VGL1
7649	Q0WX57
7650	Q0Z7S8
7651	Q0ZGT2
7652	Q0ZLH3
7653	Q10469
7654	Q10471
7655	Q10472
7656	Q10567
7657	Q10570
7658	Q10571
7659	Q10586
7660	Q10587
7661	Q10588
7662	Q10589
7663	Q10713
7664	Q107X0
7665	Q10981
7666	Q11128
7667	Q11130
7668	Q11201
7669	Q11203
7670	Q11206
7671	Q12756
7672	Q12765
7673	Q12766
7674	Q12767
7675	Q12768
7676	Q12769
7677	Q12770
7678	Q12772
7679	Q12774
7680	Q12778
7681	Q12788
7682	Q12789
7683	Q12791
7684	Q12792
7685	Q12794
7686	Q12796
7687	Q12797
7688	Q12798
7689	Q12800
7690	Q12802
7691	Q12805
7692	Q12809
7693	Q12815
7694	Q12816
7695	Q12824
7696	Q12829
7697	Q12830
7698	Q12834
7699	Q12836
7700	Q12837
7701	Q12840
7702	Q12841
7703	Q12846
7704	Q12849
7705	Q12851
7706	Q12852
7707	Q12857
7708	Q12860
7709	Q12864
7710	Q12866
7711	Q12870
7712	Q12872
7713	Q12873
7714	Q12874
7715	Q12879
7716	Q12882
7717	Q12884
7718	Q12887
7719	Q12888
7720	Q12889
7721	Q12891
7722	Q12893
7723	Q12894
7724	Q12899
7725	Q12901
7726	Q12904
7727	Q12905
7728	Q12906
7729	Q12907
7730	Q12908
7731	Q12912
7732	Q12913
7733	Q12918
7734	Q12923
7735	Q12926
7736	Q12929
7737	Q12931
7738	Q12933
7739	Q12934
7740	Q12946
7741	Q12947
7742	Q12948
7743	Q12950
7744	Q12951
7745	Q12952
7746	Q12955
7747	Q12959
7748	Q12962
7749	Q12965
7750	Q12967
7751	Q12968
7752	Q12972
7753	Q12974
7754	Q12979
7755	Q12980
7756	Q12981
7757	Q12982
7758	Q12983
7759	Q12986
7760	Q12988
7761	Q12996
7762	Q12999
7763	Q13002
7764	Q13003
7765	Q13007
7766	Q13009
7767	Q13011
7768	Q13015
7769	Q13017
7770	Q13018
7771	Q13021
7772	Q13023
7773	Q13029
7774	Q13033
7775	Q13042
7776	Q13043
7777	Q13045
7778	Q13046
7779	Q13049
7780	Q13057
7781	Q13061
7782	Q13064
7783	Q13066
7784	Q13069
7785	Q13070
7786	Q13072
7787	Q13075
7788	Q13077
7789	Q13084
7790	Q13085
7791	Q13087
7792	Q13093
7793	Q13094
7794	Q13098
7795	Q13099
7796	Q13103
7797	Q13105
7798	Q13106
7799	Q13107
7800	Q13111
7801	Q13112
7802	Q13113
7803	Q13114
7804	Q13115
7805	Q13117
7806	Q13118
7807	Q13123
7808	Q13126
7809	Q13127
7810	Q13129
7811	Q13131
7812	Q13133
7813	Q13136
7814	Q13137
7815	Q13144
7816	Q13145
7817	Q13148
7818	Q13151
7819	Q13153
7820	Q13155
7821	Q13156
7822	Q13158
7823	Q13162
7824	Q13163
7825	Q13164
7826	Q13166
7827	Q13177
7828	Q13183
7829	Q13185
7830	Q13188
7831	Q13190
7832	Q13191
7833	Q13200
7834	Q13201
7835	Q13202
7836	Q13203
7837	Q13206
7838	Q13207
7839	Q13214
7840	Q13216
7841	Q13217
7842	Q13219
7843	Q13224
7844	Q13227
7845	Q13228
7846	Q13231
7847	Q13232
7848	Q13233
7849	Q13237
7850	Q13239
7851	Q13241
7852	Q13242
7853	Q13243
7854	Q13247
7855	Q13253
7856	Q13255
7857	Q13257
7858	Q13258
7859	Q13261
7860	Q13263
7861	Q13268
7862	Q13275
7863	Q13277
7864	Q13278
7865	Q13283
7866	Q13285
7867	Q13286
7868	Q13287
7869	Q13291
7870	Q13296
7871	Q13303
7872	Q13304
7873	Q13308
7874	Q13309
7875	Q13310
7876	Q13315
7877	Q13316
7878	Q13319
7879	Q13322
7880	Q13323
7881	Q13324
7882	Q13325
7883	Q13326
7884	Q13330
7885	Q13332
7886	Q13336
7887	Q13342
7888	Q13347
7889	Q13349
7890	Q13351
7891	Q13352
7892	Q13356
7893	Q13360
7894	Q13361
7895	Q13362
7896	Q13363
7897	Q13367
7898	Q13368
7899	Q13370
7900	Q13371
7901	Q13387
7902	Q13393
7903	Q13394
7904	Q13395
7905	Q13398
7906	Q13401
7907	Q13402
7908	Q13404
7909	Q13405
7910	Q13409
7911	Q13410
7912	Q13415
7913	Q13416
7914	Q13418
7915	Q13421
7916	Q13422
7917	Q13423
7918	Q13424
7919	Q13425
7920	Q13426
7921	Q13427
7922	Q13428
7923	Q13432
7924	Q13433
7925	Q13434
7926	Q13435
7927	Q13438
7928	Q13439
7929	Q13442
7930	Q13443
7931	Q13444
7932	Q13445
7933	Q13449
7934	Q13451
7935	Q13454
7936	Q13459
7937	Q13461
7938	Q13464
7939	Q13467
7940	Q13469
7941	Q13470
7942	Q13472
7943	Q13474
7944	Q13477
7945	Q13478
7946	Q13480
7947	Q13485
7948	Q13487
7949	Q13488
7950	Q13489
7951	Q13490
7952	Q13491
7953	Q13492
7954	Q13495
7955	Q13496
7956	Q13501
7957	Q13503
7958	Q13505
7959	Q13506
7960	Q13507
7961	Q13508
7962	Q13509
7963	Q13510
7964	Q13515
7965	Q13516
7966	Q13519
7967	Q13520
7968	Q13522
7969	Q13523
7970	Q13526
7971	Q13530
7972	Q13535
7973	Q13536
7974	Q13541
7975	Q13542
7976	Q13546
7977	Q13547
7978	Q13554
7979	Q13555
7980	Q13557
7981	Q13561
7982	Q13562
7983	Q13563
7984	Q13564
7985	Q13568
7986	Q13569
7987	Q13571
7988	Q13572
7989	Q13573
7990	Q13574
7991	Q13576
7992	Q13585
7993	Q13586
7994	Q13588
7995	Q13591
7996	Q13595
7997	Q13596
7998	Q13601
7999	Q13606
8000	Q13607
8001	Q13608
8002	Q13609
8003	Q13610
8004	Q13613
8005	Q13614
8006	Q13615
8007	Q13616
8008	Q13617
8009	Q13618
8010	Q13619
8011	Q13620
8012	Q13621
8013	Q13625
8014	Q13627
8015	Q13630
8016	Q13634
8017	Q13635
8018	Q13636
8019	Q13637
8020	Q13639
8021	Q13641
8022	Q13642
8023	Q13643
8024	Q13651
8025	Q13670
8026	Q13671
8027	Q13683
8028	Q13685
8029	Q13686
8030	Q13698
8031	Q13702
8032	Q13705
8033	Q13724
8034	Q13733
8035	Q13740
8036	Q13751
8037	Q13753
8038	Q13761
8039	Q13765
8040	Q13769
8041	Q13772
8042	Q13790
8043	Q13794
8044	Q13795
8045	Q13796
8046	Q13797
8047	Q13813
8048	Q13822
8049	Q13823
8050	Q13825
8051	Q13829
8052	Q13835
8053	Q13838
8054	Q13867
8055	Q13868
8056	Q13873
8057	Q13875
8058	Q13882
8059	Q13884
8060	Q13885
8061	Q13886
8062	Q13887
8063	Q13888
8064	Q13889
8065	Q13895
8066	Q13901
8067	Q13905
8068	Q13907
8069	Q13936
8070	Q13938
8071	Q13939
8072	Q13946
8073	Q13948
8074	Q13950
8075	Q13951
8076	Q13952
8077	Q13956
8078	Q13972
8079	Q13976
8080	Q14002
8081	Q14003
8082	Q14004
8083	Q14005
8084	Q14008
8085	Q14011
8086	Q14012
8087	Q14019
8088	Q14028
8089	Q14031
8090	Q14032
8091	Q14050
8092	Q14055
8093	Q14061
8094	Q14088
8095	Q14093
8096	Q14094
8097	Q14103
8098	Q14106
8099	Q14108
8100	Q14112
8101	Q14114
8102	Q14116
8103	Q14117
8104	Q14118
8105	Q14119
8106	Q14123
8107	Q14126
8108	Q14129
8109	Q14134
8110	Q14135
8111	Q14137
8112	Q14139
8113	Q14140
8114	Q14141
8115	Q14142
8116	Q14145
8117	Q14146
8118	Q14147
8119	Q14149
8120	Q14151
8121	Q14152
8122	Q14153
8123	Q14154
8124	Q14155
8125	Q14156
8126	Q14157
8127	Q14159
8128	Q14160
8129	Q14161
8130	Q14162
8131	Q14164
8132	Q14165
8133	Q14166
8134	Q14168
8135	Q14181
8136	Q14183
8137	Q14184
8138	Q14185
8139	Q14186
8140	Q14188
8141	Q14190
8142	Q14191
8143	Q14192
8144	Q14194
8145	Q14195
8146	Q14197
8147	Q14201
8148	Q14202
8149	Q14203
8150	Q14204
8151	Q14206
8152	Q14207
8153	Q14209
8154	Q14210
8155	Q14213
8156	Q14232
8157	Q14236
8158	Q14240
8159	Q14241
8160	Q14242
8161	Q14244
8162	Q14246
8163	Q14247
8164	Q14249
8165	Q14254
8166	Q14257
8167	Q14258
8168	Q14264
8169	Q14289
8170	Q14296
8171	Q14314
8172	Q14315
8173	Q14318
8174	Q14320
8175	Q14324
8176	Q14330
8177	Q14331
8178	Q14332
8179	Q14344
8180	Q14353
8181	Q14376
8182	Q14390
8183	Q14392
8184	Q14393
8185	Q14397
8186	Q14406
8187	Q14409
8188	Q14410
8189	Q14416
8190	Q14432
8191	Q14435
8192	Q14439
8193	Q14442
8194	Q14444
8195	Q14449
8196	Q14451
8197	Q14457
8198	Q14469
8199	Q14493
8200	Q14494
8201	Q14498
8202	Q14500
8203	Q14507
8204	Q14508
8205	Q14511
8206	Q14512
8207	Q14515
8208	Q14517
8209	Q14520
8210	Q14524
8211	Q14525
8212	Q14526
8213	Q14527
8214	Q14532
8215	Q14533
8216	Q14534
8217	Q14541
8218	Q14542
8219	Q14549
8220	Q14554
8221	Q14558
8222	Q14562
8223	Q14563
8224	Q14565
8225	Q14566
8226	Q14568
8227	Q14571
8228	Q14573
8229	Q14574
8230	Q14576
8231	Q14582
8232	Q14584
8233	Q14585
8234	Q14586
8235	Q14587
8236	Q14588
8237	Q14590
8238	Q14592
8239	Q14593
8240	Q14596
8241	Q14602
8242	Q14623
8243	Q14624
8244	Q14626
8245	Q14627
8246	Q14641
8247	Q14642
8248	Q14643
8249	Q14644
8250	Q14651
8251	Q14653
8252	Q14654
8253	Q14656
8254	Q14657
8255	Q14667
8256	Q14669
8257	Q14671
8258	Q14674
8259	Q14676
8260	Q14677
8261	Q14678
8262	Q14679
8263	Q14680
8264	Q14681
8265	Q14683
8266	Q14684
8267	Q14686
8268	Q14687
8269	Q14689
8270	Q14690
8271	Q14691
8272	Q14692
8273	Q14693
8274	Q14694
8275	Q14695
8276	Q14696
8277	Q14697
8278	Q14699
8279	Q14703
8280	Q14714
8281	Q14721
8282	Q14722
8283	Q14728
8284	Q14738
8285	Q14739
8286	Q14746
8287	Q14749
8288	Q14761
8289	Q14764
8290	Q14765
8291	Q14766
8292	Q14767
8293	Q14773
8294	Q14774
8295	Q14781
8296	Q14789
8297	Q14790
8298	Q147U1
8299	Q147U7
8300	Q147X3
8301	Q14802
8302	Q14807
8303	Q14814
8304	Q14831
8305	Q14832
8306	Q14833
8307	Q14839
8308	Q14847
8309	Q14849
8310	Q14863
8311	Q14865
8312	Q14872
8313	Q14894
8314	Q14896
8315	Q14914
8316	Q14916
8317	Q14919
8318	Q14929
8319	Q14934
8320	Q14938
8321	Q14940
8322	Q14943
8323	Q14952
8324	Q14953
8325	Q14954
8326	Q14956
8327	Q14957
8328	Q14964
8329	Q14966
8330	Q14973
8331	Q14974
8332	Q14978
8333	Q14980
8334	Q14982
8335	Q14990
8336	Q14993
8337	Q14994
8338	Q14995
8339	Q14997
8340	Q14999
8341	Q149M9
8342	Q149N8
8343	Q14BN4
8344	Q14C86
8345	Q14C87
8346	Q14CB8
8347	Q14CM0
8348	Q14CN2
8349	Q14CN4
8350	Q14CS0
8351	Q14CW9
8352	Q14CX5
8353	Q14CX7
8354	Q14CZ0
8355	Q14CZ7
8356	Q14CZ8
8357	Q14D04
8358	Q14D33
8359	Q14DG7
8360	Q15003
8361	Q15004
8362	Q15005
8363	Q15006
8364	Q15007
8365	Q15008
8366	Q15011
8367	Q15012
8368	Q15013
8369	Q15014
8370	Q15018
8371	Q15019
8372	Q15020
8373	Q15021
8374	Q15022
8375	Q15024
8376	Q15025
8377	Q15027
8378	Q15029
8379	Q15031
8380	Q15032
8381	Q15034
8382	Q15035
8383	Q15036
8384	Q15038
8385	Q15040
8386	Q15041
8387	Q15042
8388	Q15043
8389	Q15046
8390	Q15047
8391	Q15048
8392	Q15049
8393	Q15050
8394	Q15051
8395	Q15052
8396	Q15053
8397	Q15054
8398	Q15056
8399	Q15057
8400	Q15058
8401	Q15059
8402	Q15061
8403	Q15063
8404	Q15067
8405	Q15070
8406	Q15072
8407	Q15075
8408	Q15077
8409	Q15078
8410	Q15080
8411	Q15084
8412	Q15102
8413	Q15109
8414	Q15111
8415	Q15113
8416	Q15116
8417	Q15118
8418	Q15119
8419	Q15120
8420	Q15121
8421	Q15124
8422	Q15125
8423	Q15126
8424	Q15131
8425	Q15139
8426	Q15147
8427	Q15149
8428	Q15154
8429	Q15155
8430	Q15165
8431	Q15166
8432	Q15170
8433	Q15172
8434	Q15173
8435	Q15181
8436	Q15185
8437	Q15195
8438	Q15198
8439	Q15208
8440	Q15223
8441	Q15233
8442	Q15238
8443	Q15256
8444	Q15257
8445	Q15262
8446	Q15269
8447	Q15270
8448	Q15274
8449	Q15276
8450	Q15283
8451	Q15286
8452	Q15287
8453	Q15291
8454	Q15293
8455	Q15303
8456	Q15306
8457	Q15311
8458	Q15319
8459	Q15323
8460	Q15326
8461	Q15327
8462	Q15329
8463	Q15334
8464	Q15345
8465	Q15349
8466	Q15361
8467	Q15363
8468	Q15365
8469	Q15366
8470	Q15369
8471	Q15370
8472	Q15375
8473	Q15382
8474	Q15386
8475	Q15388
8476	Q15389
8477	Q15390
8478	Q15391
8479	Q15392
8480	Q15393
8481	Q15397
8482	Q15398
8483	Q15399
8484	Q15404
8485	Q15406
8486	Q15413
8487	Q15415
8488	Q15417
8489	Q15418
8490	Q15424
8491	Q15427
8492	Q15428
8493	Q15431
8494	Q15434
8495	Q15435
8496	Q15436
8497	Q15437
8498	Q15438
8499	Q15459
8500	Q15464
8501	Q15465
8502	Q15466
8503	Q15468
8504	Q15475
8505	Q15477
8506	Q15485
8507	Q15486
8508	Q15493
8509	Q15506
8510	Q15517
8511	Q15526
8512	Q15527
8513	Q15528
8514	Q15532
8515	Q15542
8516	Q15543
8517	Q15544
8518	Q15545
8519	Q15546
8520	Q15554
8521	Q15555
8522	Q15560
8523	Q15561
8524	Q15562
8525	Q15569
8526	Q15572
8527	Q15573
8528	Q15582
8529	Q15583
8530	Q15596
8531	Q15599
8532	Q155Q3
8533	Q15612
8534	Q15615
8535	Q15617
8536	Q15619
8537	Q15620
8538	Q15622
8539	Q15628
8540	Q15629
8541	Q15631
8542	Q15633
8543	Q15637
8544	Q15642
8545	Q15643
8546	Q15645
8547	Q15646
8548	Q15648
8549	Q15649
8550	Q15650
8551	Q15651
8552	Q15652
8553	Q15653
8554	Q15654
8555	Q15661
8556	Q15669
8557	Q15672
8558	Q15678
8559	Q15691
8560	Q15695
8561	Q15696
8562	Q15697
8563	Q15699
8564	Q156A1
8565	Q15700
8566	Q15714
8567	Q15717
8568	Q15722
8569	Q15723
8570	Q15726
8571	Q15735
8572	Q15738
8573	Q15742
8574	Q15743
8575	Q15744
8576	Q15746
8577	Q15750
8578	Q15751
8579	Q15758
8580	Q15759
8581	Q15760
8582	Q15761
8583	Q15762
8584	Q15768
8585	Q15771
8586	Q15772
8587	Q15773
8588	Q15776
8589	Q15777
8590	Q15782
8591	Q15784
8592	Q15785
8593	Q15788
8594	Q15796
8595	Q15797
8596	Q15800
8597	Q15811
8598	Q15813
8599	Q15814
8600	Q15818
8601	Q15819
8602	Q15822
8603	Q15825
8604	Q15828
8605	Q15831
8606	Q15833
8607	Q15834
8608	Q15835
8609	Q15836
8610	Q15842
8611	Q15843
8612	Q15846
8613	Q15847
8614	Q15848
8615	Q15849
8616	Q15853
8617	Q15858
8618	Q15878
8619	Q15884
8620	Q15904
8621	Q15906
8622	Q15907
8623	Q15910
8624	Q15911
8625	Q15915
8626	Q15916
8627	Q15928
8628	Q15935
8629	Q15937
8630	Q15940
8631	Q15942
8632	Q15973
8633	Q16048
8634	Q16082
8635	Q16099
8636	Q16134
8637	Q16143
8638	Q16181
8639	Q16186
8640	Q16204
8641	Q16206
8642	Q16222
8643	Q16236
8644	Q16254
8645	Q16270
8646	Q16280
8647	Q16281
8648	Q16288
8649	Q16322
8650	Q16342
8651	Q16348
8652	Q16352
8653	Q16363
8654	Q16378
8655	Q16384
8656	Q16385
8657	Q16394
8658	Q16401
8659	Q16445
8660	Q16473
8661	Q16478
8662	Q16512
8663	Q16513
8664	Q16514
8665	Q16515
8666	Q16517
8667	Q16518
8668	Q16520
8669	Q16526
8670	Q16527
8671	Q16531
8672	Q16533
8673	Q16534
8674	Q16537
8675	Q16538
8676	Q16539
8677	Q16540
8678	Q16543
8679	Q16548
8680	Q16549
8681	Q16552
8682	Q16553
8683	Q16555
8684	Q16557
8685	Q16558
8686	Q16559
8687	Q16560
8688	Q16563
8689	Q16566
8690	Q16568
8691	Q16570
8692	Q16572
8693	Q16576
8694	Q16581
8695	Q16584
8696	Q16585
8697	Q16586
8698	Q16587
8699	Q16589
8700	Q16594
8701	Q16595
8702	Q16600
8703	Q16602
8704	Q16609
8705	Q16610
8706	Q16611
8707	Q16612
8708	Q16613
8709	Q16617
8710	Q16619
8711	Q16620
8712	Q16621
8713	Q16623
8714	Q16625
8715	Q16626
8716	Q16627
8717	Q16629
8718	Q16630
8719	Q16633
8720	Q16635
8721	Q16637
8722	Q16643
8723	Q16644
8724	Q16647
8725	Q16649
8726	Q16650
8727	Q16651
8728	Q16653
8729	Q16654
8730	Q16655
8731	Q16656
8732	Q16658
8733	Q16659
8734	Q16661
8735	Q16663
8736	Q16665
8737	Q16666
8738	Q16667
8739	Q16670
8740	Q16671
8741	Q16674
8742	Q16676
8743	Q16678
8744	Q16690
8745	Q16695
8746	Q16696
8747	Q16698
8748	Q16706
8749	Q16718
8750	Q16719
8751	Q16720
8752	Q16739
8753	Q16740
8754	Q16760
8755	Q16762
8756	Q16763
8757	Q16769
8758	Q16772
8759	Q16773
8760	Q16774
8761	Q16775
8762	Q16777
8763	Q16778
8764	Q16787
8765	Q16790
8766	Q16795
8767	Q16798
8768	Q16799
8769	Q16816
8770	Q16819
8771	Q16820
8772	Q16821
8773	Q16822
8774	Q16825
8775	Q16827
8776	Q16828
8777	Q16829
8778	Q16831
8779	Q16832
8780	Q16836
8781	Q16842
8782	Q16849
8783	Q16850
8784	Q16851
8785	Q16853
8786	Q16854
8787	Q16864
8788	Q16873
8789	Q16875
8790	Q16877
8791	Q16878
8792	Q16880
8793	Q16881
8794	Q16890
8795	Q16891
8796	Q17R31
8797	Q17R55
8798	Q17R60
8799	Q17R89
8800	Q17R98
8801	Q17RA5
8802	Q17RB0
8803	Q17RB8
8804	Q17RC7
8805	Q17RD7
8806	Q17RF5
8807	Q17RG1
8808	Q17RH7
8809	Q17RM4
8810	Q17RN3
8811	Q17RP2
8812	Q17RQ9
8813	Q17RR3
8814	Q17RS7
8815	Q17RW2
8816	Q17RY0
8817	Q17RY6
8818	Q18PE1
8819	Q19AV6
8820	Q19T08
8821	Q1A5X6
8822	Q1A5X7
8823	Q1AE95
8824	Q1ED39
8825	Q1EHB4
8826	Q1HG43
8827	Q1HG44
8828	Q1KMD3
8829	Q1L5Z9
8830	Q1L6U9
8831	Q1MSJ5
8832	Q1MX18
8833	Q1RMZ1
8834	Q1RN00
8835	Q1T7F1
8836	Q1W209
8837	Q1W4C9
8838	Q1W6H9
8839	Q1X8D7
8840	Q1XH10
8841	Q1ZYL8
8842	Q1ZZU3
8843	Q24JP5
8844	Q24JQ0
8845	Q27J81
8846	Q29980
8847	Q29983
8848	Q29RF7
8849	Q2HXU8
8850	Q2I0M4
8851	Q2I0M5
8852	Q2KHM9
8853	Q2KHN1
8854	Q2KHR2
8855	Q2KHR3
8856	Q2KHT3
8857	Q2KHT4
8858	Q2KJY2
8859	Q2L4Q9
8860	Q2LD37
8861	Q2M1K9
8862	Q2M1P5
8863	Q2M1V0
8864	Q2M1Z3
8865	Q2M218
8866	Q2M238
8867	Q2M243
8868	Q2M296
8869	Q2M2D7
8870	Q2M2E3
8871	Q2M2E5
8872	Q2M2H8
8873	Q2M2I3
8874	Q2M2I5
8875	Q2M2I8
8876	Q2M2W7
8877	Q2M2Z5
8878	Q2M329
8879	Q2M385
8880	Q2M389
8881	Q2M3A8
8882	Q2M3C6
8883	Q2M3C7
8884	Q2M3D2
8885	Q2M3G0
8886	Q2M3G4
8887	Q2M3M2
8888	Q2M3R5
8889	Q2M3T9
8890	Q2M3V2
8891	Q2M3W8
8892	Q2M3X9
8893	Q2M5E4
8894	Q2MJR0
8895	Q2MKA7
8896	Q2MV58
8897	Q2NKJ3
8898	Q2NKQ1
8899	Q2NKX8
8900	Q2NKX9
8901	Q2NL67
8902	Q2NL68
8903	Q2NL82
8904	Q2NL98
8905	Q2PPJ7
8906	Q2PZI1
8907	Q2Q1W2
8908	Q2QD12
8909	Q2QGD7
8910	Q2QL34
8911	Q2T9J0
8912	Q2T9K0
8913	Q2T9L4
8914	Q2TAA2
8915	Q2TAA5
8916	Q2TAA8
8917	Q2TAC2
8918	Q2TAC6
8919	Q2TAK8
8920	Q2TAL5
8921	Q2TAL6
8922	Q2TAL8
8923	Q2TAM9
8924	Q2TAP0
8925	Q2TAY7
8926	Q2TAZ0
8927	Q2TB10
8928	Q2TB18
8929	Q2TB90
8930	Q2TBA0
8931	Q2TBC4
8932	Q2TBE0
8933	Q2TBF2
8934	Q2TV78
8935	Q2UY09
8936	Q2V2M9
8937	Q2VIQ3
8938	Q2VIR3
8939	Q2VPA4
8940	Q2VPB7
8941	Q2VPJ9
8942	Q2VPK5
8943	Q2VWA4
8944	Q2VWP7
8945	Q2VY69
8946	Q2VYF4
8947	Q2WEN9
8948	Q2WGJ6
8949	Q2WGJ8
8950	Q2WGJ9
8951	Q2WGN9
8952	Q2Y0W8
8953	Q2YD98
8954	Q30154
8955	Q30201
8956	Q309B1
8957	Q30KP8
8958	Q30KP9
8959	Q30KQ1
8960	Q30KQ4
8961	Q30KQ5
8962	Q30KQ6
8963	Q30KQ7
8964	Q30KQ8
8965	Q30KQ9
8966	Q30KR1
8967	Q32M45
8968	Q32M78
8969	Q32M84
8970	Q32M88
8971	Q32M92
8972	Q32MH5
8973	Q32MK0
8974	Q32MQ0
8975	Q32MZ4
8976	Q32NB8
8977	Q32NC0
8978	Q32P28
8979	Q32P41
8980	Q32P44
8981	Q32P51
8982	Q32ZL2
8983	Q330K2
8984	Q33E94
8985	Q38SD2
8986	Q3B726
8987	Q3B7I2
8988	Q3B7J2
8989	Q3B7S5
8990	Q3B7T1
8991	Q3B7T3
8992	Q3B820
8993	Q3B8N2
8994	Q3B8N5
8995	Q3BBV0
8996	Q3BBV2
8997	Q3C1V0
8998	Q3C1V1
8999	Q3C1V8
9000	Q3C1V9
9001	Q3I5F7
9002	Q3KNS1
9003	Q3KNS6
9004	Q3KNT7
9005	Q3KNT9
9006	Q3KNV8
9007	Q3KNW1
9008	Q3KNW5
9009	Q3KP22
9010	Q3KP31
9011	Q3KP44
9012	Q3KP66
9013	Q3KPI0
9014	Q3KQU3
9015	Q3KQV3
9016	Q3KQV9
9017	Q3KQZ1
9018	Q3KR16
9019	Q3KR37
9020	Q3KRA6
9021	Q3KRA9
9022	Q3KRB8
9023	Q3L8U1
9024	Q3LHN0
9025	Q3LHN1
9026	Q3LHN2
9027	Q3LI54
9028	Q3LI58
9029	Q3LI59
9030	Q3LI60
9031	Q3LI61
9032	Q3LI62
9033	Q3LI63
9034	Q3LI64
9035	Q3LI66
9036	Q3LI67
9037	Q3LI68
9038	Q3LI70
9039	Q3LI72
9040	Q3LI73
9041	Q3LI76
9042	Q3LI77
9043	Q3LI81
9044	Q3LI83
9045	Q3LIE5
9046	Q3LXA3
9047	Q3MHD2
9048	Q3MII6
9049	Q3MIN7
9050	Q3MIP1
9051	Q3MIR4
9052	Q3MIS6
9053	Q3MIT2
9054	Q3MIV0
9055	Q3MIW9
9056	Q3MIX3
9057	Q3MJ13
9058	Q3MJ16
9059	Q3MJ40
9060	Q3MJ62
9061	Q3MUY2
9062	Q3SX64
9063	Q3SXM0
9064	Q3SXM5
9065	Q3SXP7
9066	Q3SXY7
9067	Q3SXY8
9068	Q3SXZ3
9069	Q3SXZ7
9070	Q3SY00
9071	Q3SY05
9072	Q3SY17
9073	Q3SY46
9074	Q3SY52
9075	Q3SY56
9076	Q3SY69
9077	Q3SY77
9078	Q3SY84
9079	Q3SYA9
9080	Q3SYB3
9081	Q3SYC2
9082	Q3SYF9
9083	Q3SYG4
9084	Q3T8J9
9085	Q3T906
9086	Q3V5L5
9087	Q3V6T2
9088	Q3Y452
9089	Q3YBM2
9090	Q3YBR2
9091	Q3YEC7
9092	Q3ZAQ7
9093	Q3ZCM7
9094	Q3ZCN5
9095	Q3ZCQ2
9096	Q3ZCQ3
9097	Q3ZCQ8
9098	Q3ZCT1
9099	Q3ZCT8
9100	Q3ZCU0
9101	Q3ZCV2
9102	Q3ZCW2
9103	Q3ZCX4
9104	Q3ZLR7
9105	Q3ZM63
9106	Q400G9
9107	Q401N2
9108	Q460N3
9109	Q460N5
9110	Q494R0
9111	Q494R4
9112	Q494U1
9113	Q494V2
9114	Q494W8
9115	Q494X3
9116	Q495A1
9117	Q495B1
9118	Q495C1
9119	Q495D7
9120	Q495M3
9121	Q495M9
9122	Q495N2
9123	Q495T6
9124	Q495W5
9125	Q495X7
9126	Q495Y7
9127	Q495Y8
9128	Q495Z4
9129	Q496A3
9130	Q496F6
9131	Q496H8
9132	Q496J9
9133	Q496M5
9134	Q496Y0
9135	Q499Y3
9136	Q499Z3
9137	Q499Z4
9138	Q49A17
9139	Q49A26
9140	Q49A33
9141	Q49A88
9142	Q49A92
9143	Q49AA0
9144	Q49AG3
9145	Q49AH0
9146	Q49AJ0
9147	Q49AM1
9148	Q49AM3
9149	Q49AN0
9150	Q49AR2
9151	Q49AS3
9152	Q49B96
9153	Q49MG5
9154	Q49MI3
9155	Q49SQ1
9156	Q4AC94
9157	Q4AC99
9158	Q4ADV7
9159	Q4AE62
9160	Q4FZB7
9161	Q4G0A6
9162	Q4G0F5
9163	Q4G0G2
9164	Q4G0G5
9165	Q4G0I0
9166	Q4G0J3
9167	Q4G0M1
9168	Q4G0N0
9169	Q4G0N4
9170	Q4G0N7
9171	Q4G0N8
9172	Q4G0P3
9173	Q4G0S4
9174	Q4G0S7
9175	Q4G0T1
9176	Q4G0U5
9177	Q4G0W2
9178	Q4G0X4
9179	Q4G0X9
9180	Q4G0Z9
9181	Q4G112
9182	Q4G148
9183	Q4G163
9184	Q4G176
9185	Q4G1C9
9186	Q4J6C6
9187	Q4JDL3
9188	Q4KMG0
9189	Q4KMG9
9190	Q4KMP7
9191	Q4KMQ1
9192	Q4KMQ2
9193	Q4KMX7
9194	Q4KMZ1
9195	Q4KMZ8
9196	Q4KWH8
9197	Q4L180
9198	Q4L235
9199	Q4LDE5
9200	Q4LDG9
9201	Q4LDR2
9202	Q4LE39
9203	Q4LEZ3
9204	Q4QY38
9205	Q4U2R6
9206	Q4U2R8
9207	Q4UJ75
9208	Q4V321
9209	Q4V326
9210	Q4V328
9211	Q4V339
9212	Q4V348
9213	Q4V9L6
9214	Q4VC05
9215	Q4VC12
9216	Q4VC31
9217	Q4VC39
9218	Q4VC44
9219	Q4VCS5
9220	Q4VNC0
9221	Q4VNC1
9222	Q4VX62
9223	Q4VX76
9224	Q4VXA5
9225	Q4VXU2
9226	Q4W4Y0
9227	Q4W5G0
9228	Q4W5P6
9229	Q4ZG55
9230	Q4ZHG4
9231	Q4ZIN3
9232	Q4ZJI4
9233	Q502W6
9234	Q502W7
9235	Q502X0
9236	Q504Q3
9237	Q504T8
9238	Q504U0
9239	Q504Y0
9240	Q504Y2
9241	Q504Y3
9242	Q50KZ9
9243	Q50LG9
9244	Q52LA3
9245	Q52LC2
9246	Q52LD8
9247	Q52LG2
9248	Q52LJ0
9249	Q52LR7
9250	Q52LW3
9251	Q52M58
9252	Q52M75
9253	Q52M93
9254	Q52MB2
9255	Q52WX2
9256	Q537H7
9257	Q538Z0
9258	Q53EL6
9259	Q53EL9
9260	Q53EP0
9261	Q53EQ6
9262	Q53ET0
9263	Q53EU6
9264	Q53EV4
9265	Q53EZ4
9266	Q53F19
9267	Q53F39
9268	Q53FA7
9269	Q53FD0
9270	Q53FE4
9271	Q53FP2
9272	Q53FT3
9273	Q53FV1
9274	Q53FZ2
9275	Q53G44
9276	Q53G59
9277	Q53GA4
9278	Q53GD3
9279	Q53GG5
9280	Q53GI3
9281	Q53GL0
9282	Q53GL7
9283	Q53GQ0
9284	Q53GS7
9285	Q53GS9
9286	Q53GT1
9287	Q53H12
9288	Q53H47
9289	Q53H54
9290	Q53H64
9291	Q53H76
9292	Q53H80
9293	Q53H82
9294	Q53H96
9295	Q53HC0
9296	Q53HC5
9297	Q53HC9
9298	Q53HI1
9299	Q53HL2
9300	Q53HV7
9301	Q53LP3
9302	Q53QV2
9303	Q53QW1
9304	Q53QZ3
9305	Q53R12
9306	Q53R41
9307	Q53RD9
9308	Q53RE8
9309	Q53RT3
9310	Q53RY4
9311	Q53S08
9312	Q53S33
9313	Q53S58
9314	Q53S99
9315	Q53SF7
9316	Q53SZ7
9317	Q53T59
9318	Q53T94
9319	Q53TN4
9320	Q53TQ3
9321	Q53TS8
9322	Q562E7
9323	Q562F6
9324	Q562R1
9325	Q567U6
9326	Q567V2
9327	Q569G3
9328	Q569H4
9329	Q569K4
9330	Q569K6
9331	Q56A73
9332	Q56NI9
9333	Q56P03
9334	Q56P42
9335	Q56UN5
9336	Q56UQ5
9337	Q56VL3
9338	Q587I9
9339	Q587J7
9340	Q587J8
9341	Q58A44
9342	Q58A45
9343	Q58DX5
9344	Q58EX2
9345	Q58EX7
9346	Q58F21
9347	Q58FF3
9348	Q58FF6
9349	Q58FF7
9350	Q58FF8
9351	Q58FG0
9352	Q58FG1
9353	Q58G82
9354	Q58HT5
9355	Q58WW2
9356	Q59EK9
9357	Q59GN2
9358	Q59H18
9359	Q5BIV9
9360	Q5BJD5
9361	Q5BJE1
9362	Q5BJF2
9363	Q5BJF6
9364	Q5BJH2
9365	Q5BJH7
9366	Q5BKT4
9367	Q5BKU9
9368	Q5BKX5
9369	Q5BKX6
9370	Q5BKX8
9371	Q5BKY1
9372	Q5BKY6
9373	Q5BKY9
9374	Q5BKZ1
9375	Q5BLP8
9376	Q5BN46
9377	Q5BVD1
9378	Q5C9Z4
9379	Q5CZ79
9380	Q5CZA5
9381	Q5CZC0
9382	Q5D0E6
9383	Q5D1E8
9384	Q5D862
9385	Q5DID0
9386	Q5DJT8
9387	Q5DT21
9388	Q5DX21
9389	Q5EB52
9390	Q5EBL2
9391	Q5EBL4
9392	Q5EBL8
9393	Q5EBM0
9394	Q5EBM4
9395	Q5EBN2
9396	Q5EE01
9397	Q5EG05
9398	Q5F1R6
9399	Q5FBB7
9400	Q5FVE4
9401	Q5FWE3
9402	Q5FWF4
9403	Q5FWF5
9404	Q5FWF6
9405	Q5FWF7
9406	Q5FYA8
9407	Q5FYB0
9408	Q5FYB1
9409	Q5GAN3
9410	Q5GAN4
9411	Q5GAN6
9412	Q5GFL6
9413	Q5GH70
9414	Q5GH72
9415	Q5GH73
9416	Q5GH76
9417	Q5GH77
9418	Q5GJ75
9419	Q5GLZ8
9420	Q5H8A3
9421	Q5H8A4
9422	Q5H8C1
9423	Q5H913
9424	Q5H943
9425	Q5H9B9
9426	Q5H9E4
9427	Q5H9F3
9428	Q5H9I0
9429	Q5H9J7
9430	Q5H9J9
9431	Q5H9K5
9432	Q5H9L2
9433	Q5H9L4
9434	Q5H9M0
9435	Q5H9R4
9436	Q5H9R7
9437	Q5H9S7
9438	Q5H9T9
9439	Q5H9U9
9440	Q5HY64
9441	Q5HY92
9442	Q5HY98
9443	Q5HYA8
9444	Q5HYC2
9445	Q5HYI7
9446	Q5HYI8
9447	Q5HYJ1
9448	Q5HYJ3
9449	Q5HYK3
9450	Q5HYK7
9451	Q5HYK9
9452	Q5HYL7
9453	Q5HYM0
9454	Q5HYN5
9455	Q5HYR2
9456	Q5HYW2
9457	Q5HYW3
9458	Q5I0G3
9459	Q5I0X4
9460	Q5I0X7
9461	Q5I7T1
9462	Q5IJ48
9463	Q5J5C9
9464	Q5J8M3
9465	Q5J8X5
9466	Q5JNZ3
9467	Q5JNZ5
9468	Q5JPB2
9469	Q5JPE7
9470	Q5JPF3
9471	Q5JPH6
9472	Q5JPI3
9473	Q5JPI9
9474	Q5JQC4
9475	Q5JQC9
9476	Q5JQD4
9477	Q5JQF7
9478	Q5JQF8
9479	Q5JQS5
9480	Q5JQS6
9481	Q5JR12
9482	Q5JR59
9483	Q5JR98
9484	Q5JRA6
9485	Q5JRC9
9486	Q5JRK9
9487	Q5JRM2
9488	Q5JRS4
9489	Q5JRV8
9490	Q5JRX3
9491	Q5JS13
9492	Q5JS37
9493	Q5JS54
9494	Q5JSH3
9495	Q5JSJ4
9496	Q5JSL3
9497	Q5JSP0
9498	Q5JSQ8
9499	Q5JSS6
9500	Q5JST6
9501	Q5JSZ5
9502	Q5JT25
9503	Q5JT82
9504	Q5JTB6
9505	Q5JTC6
9506	Q5JTD0
9507	Q5JTD7
9508	Q5JTH9
9509	Q5JTJ3
9510	Q5JTN6
9511	Q5JTV8
9512	Q5JTW2
9513	Q5JTY5
9514	Q5JTZ5
9515	Q5JTZ9
9516	Q5JU00
9517	Q5JU67
9518	Q5JU69
9519	Q5JU85
9520	Q5JUK2
9521	Q5JUK3
9522	Q5JUK9
9523	Q5JUQ0
9524	Q5JUR7
9525	Q5JUW0
9526	Q5JUX0
9527	Q5JV73
9528	Q5JVF3
9529	Q5JVG2
9530	Q5JVG8
9531	Q5JVL4
9532	Q5JVS0
9533	Q5JVX7
9534	Q5JW98
9535	Q5JWF2
9536	Q5JWF8
9537	Q5JWR5
9538	Q5JX69
9539	Q5JX71
9540	Q5JXA9
9541	Q5JXB2
9542	Q5JXC2
9543	Q5JXM2
9544	Q5JXX7
9545	Q5JY77
9546	Q5JYT7
9547	Q5JZY3
9548	Q5K130
9549	Q5K131
9550	Q5K4E3
9551	Q5K4L6
9552	Q5K651
9553	Q5KSL6
9554	Q5KU26
9555	Q5M775
9556	Q5M7Z0
9557	Q5M8T2
9558	Q5M9N0
9559	Q5M9Q1
9560	Q5MAI5
9561	Q5MCW4
9562	Q5MIZ7
9563	Q5MJ07
9564	Q5MJ08
9565	Q5MJ09
9566	Q5MJ10
9567	Q5MJ68
9568	Q5MJ70
9569	Q5MNV8
9570	Q5MNZ6
9571	Q5MNZ9
9572	Q5MY95
9573	Q5NDL2
9574	Q5NE16
9575	Q5NUL3
9576	Q5PR19
9577	Q5PRF9
9578	Q5PSV4
9579	Q5PT55
9580	Q5QFB9
9581	Q5QGS0
9582	Q5QGT7
9583	Q5QGZ9
9584	Q5QJ38
9585	Q5QJ74
9586	Q5QJE6
9587	Q5QJU3
9588	Q5QNW6
9589	Q5QP82
9590	Q5R372
9591	Q5R387
9592	Q5R3F8
9593	Q5R3I4
9594	Q5R3K3
9595	Q5RHP9
9596	Q5RI15
9597	Q5RIA9
9598	Q5RKV6
9599	Q5RL73
9600	Q5S007
9601	Q5SGD2
9602	Q5SNT2
9603	Q5SNV9
9604	Q5SQ64
9605	Q5SQ80
9606	Q5SQH8
9607	Q5SQI0
9608	Q5SQN1
9609	Q5SQQ9
9610	Q5SQS7
9611	Q5SQS8
9612	Q5SR53
9613	Q5SR56
9614	Q5SRD1
9615	Q5SRE5
9616	Q5SRE7
9617	Q5SRH9
9618	Q5SRI9
9619	Q5SRN2
9620	Q5SRR4
9621	Q5SSG8
9622	Q5SSJ5
9623	Q5SSQ6
9624	Q5ST30
9625	Q5STR5
9626	Q5SV17
9627	Q5SV97
9628	Q5SVJ3
9629	Q5SVQ8
9630	Q5SVS4
9631	Q5SVZ6
9632	Q5SW24
9633	Q5SW79
9634	Q5SW96
9635	Q5SWA1
9636	Q5SWH9
9637	Q5SWL7
9638	Q5SWL8
9639	Q5SWX8
9640	Q5SXH7
9641	Q5SXM1
9642	Q5SXM2
9643	Q5SXM8
9644	Q5SY13
9645	Q5SY16
9646	Q5SY68
9647	Q5SY80
9648	Q5SY85
9649	Q5SYB0
9650	Q5SYC1
9651	Q5SYE7
9652	Q5SZB4
9653	Q5SZD1
9654	Q5SZD4
9655	Q5SZI1
9656	Q5SZJ8
9657	Q5SZK8
9658	Q5SZL2
9659	Q5SZQ8
9660	Q5T011
9661	Q5T013
9662	Q5T035
9663	Q5T036
9664	Q5T089
9665	Q5T0B9
9666	Q5T0D9
9667	Q5T0F9
9668	Q5T0J3
9669	Q5T0J7
9670	Q5T0L3
9671	Q5T0N1
9672	Q5T0N5
9673	Q5T0T0
9674	Q5T0U0
9675	Q5T0W9
9676	Q5T0Z8
9677	Q5T124
9678	Q5T160
9679	Q5T197
9680	Q5T1A1
9681	Q5T1B0
9682	Q5T1C6
9683	Q5T1H1
9684	Q5T1J5
9685	Q5T1M5
9686	Q5T1N1
9687	Q5T1Q4
9688	Q5T1R4
9689	Q5T1S8
9690	Q5T1V6
9691	Q5T200
9692	Q5T215
9693	Q5T230
9694	Q5T280
9695	Q5T292
9696	Q5T2D2
9697	Q5T2D3
9698	Q5T2E6
9699	Q5T2L2
9700	Q5T2N8
9701	Q5T2Q4
9702	Q5T2R2
9703	Q5T2S8
9704	Q5T2T1
9705	Q5T2W1
9706	Q5T3F8
9707	Q5T3I0
9708	Q5T3J3
9709	Q5T3U5
9710	Q5T3Y7
9711	Q5T440
9712	Q5T442
9713	Q5T447
9714	Q5T481
9715	Q5T4B2
9716	Q5T4D3
9717	Q5T4F4
9718	Q5T4F7
9719	Q5T4H9
9720	Q5T4I8
9721	Q5T4S7
9722	Q5T4T1
9723	Q5T4T6
9724	Q5T4W7
9725	Q5T5A4
9726	Q5T5A8
9727	Q5T5B0
9728	Q5T5C0
9729	Q5T5D7
9730	Q5T5F5
9731	Q5T5J6
9732	Q5T5M9
9733	Q5T5N4
9734	Q5T5P2
9735	Q5T5S1
9736	Q5T5U3
9737	Q5T5X7
9738	Q5T5Y3
9739	Q5T601
9740	Q5T619
9741	Q5T653
9742	Q5T655
9743	Q5T681
9744	Q5T686
9745	Q5T6C5
9746	Q5T6F0
9747	Q5T6F2
9748	Q5T6J7
9749	Q5T6L9
9750	Q5T6M2
9751	Q5T6R2
9752	Q5T6S3
9753	Q5T6V5
9754	Q5T6X4
9755	Q5T6X5
9756	Q5T700
9757	Q5T742
9758	Q5T749
9759	Q5T750
9760	Q5T751
9761	Q5T752
9762	Q5T753
9763	Q5T754
9764	Q5T764
9765	Q5T7B8
9766	Q5T7M4
9767	Q5T7M9
9768	Q5T7N2
9769	Q5T7N3
9770	Q5T7N8
9771	Q5T7P2
9772	Q5T7P3
9773	Q5T7P6
9774	Q5T7P8
9775	Q5T7R7
9776	Q5T7V8
9777	Q5T7W0
9778	Q5T7W7
9779	Q5T848
9780	Q5T870
9781	Q5T871
9782	Q5T890
9783	Q5T8A7
9784	Q5T8D3
9785	Q5T8I3
9786	Q5T8I9
9787	Q5T8P6
9788	Q5T8R8
9789	Q5T953
9790	Q5T9A4
9791	Q5T9C2
9792	Q5T9C9
9793	Q5T9G4
9794	Q5T9L3
9795	Q5T9S5
9796	Q5T9Z0
9797	Q5TA31
9798	Q5TA45
9799	Q5TA50
9800	Q5TA76
9801	Q5TA77
9802	Q5TA78
9803	Q5TA79
9804	Q5TA81
9805	Q5TA82
9806	Q5TA89
9807	Q5TAA0
9808	Q5TAB7
9809	Q5TAG4
9810	Q5TAH2
9811	Q5TAP6
9812	Q5TAQ9
9813	Q5TAT6
9814	Q5TAX3
9815	Q5TB30
9816	Q5TB80
9817	Q5TBA9
9818	Q5TBB1
9819	Q5TBC7
9820	Q5TBE3
9821	Q5TBK1
9822	Q5TC04
9823	Q5TC12
9824	Q5TC63
9825	Q5TC79
9826	Q5TC82
9827	Q5TC84
9828	Q5TCH4
9829	Q5TCM9
9830	Q5TCQ9
9831	Q5TCS8
9832	Q5TCX8
9833	Q5TCY1
9834	Q5TCZ1
9835	Q5TD94
9836	Q5TD97
9837	Q5TDH0
9838	Q5TDP6
9839	Q5TEA3
9840	Q5TEA6
9841	Q5TEC3
9842	Q5TEC6
9843	Q5TEJ8
9844	Q5TEU4
9845	Q5TEZ4
9846	Q5TEZ5
9847	Q5TF21
9848	Q5TF39
9849	Q5TF58
9850	Q5TFE4
9851	Q5TFG8
9852	Q5TFQ8
9853	Q5TG30
9854	Q5TG53
9855	Q5TGI0
9856	Q5TGI4
9857	Q5TGJ6
9858	Q5TGL8
9859	Q5TGP6
9860	Q5TGS1
9861	Q5TGU0
9862	Q5TGY1
9863	Q5TGY3
9864	Q5TGZ0
9865	Q5TH69
9866	Q5TH74
9867	Q5THJ4
9868	Q5THK1
9869	Q5THR3
9870	Q5TI25
9871	Q5TIA1
9872	Q5TID7
9873	Q5TIE3
9874	Q5TKA1
9875	Q5TYM5
9876	Q5TYW1
9877	Q5TYW2
9878	Q5TYX0
9879	Q5TZ20
9880	Q5TZA2
9881	Q5TZF3
9882	Q5TZJ5
9883	Q5U3C3
9884	Q5U4N7
9885	Q5U4P2
9886	Q5U5Q3
9887	Q5U5R9
9888	Q5U5X0
9889	Q5U5X8
9890	Q5U5Z8
9891	Q5U623
9892	Q5U649
9893	Q5U651
9894	Q5UAW9
9895	Q5UCC4
9896	Q5UE93
9897	Q5UIP0
9898	Q5VIR6
9899	Q5VIY5
9900	Q5VSD8
9901	Q5VSG8
9902	Q5VSL9
9903	Q5VSP4
9904	Q5VSR9
9905	Q5VST6
9906	Q5VST9
9907	Q5VSY0
9908	Q5VT03
9909	Q5VT06
9910	Q5VT25
9911	Q5VT28
9912	Q5VT33
9913	Q5VT40
9914	Q5VT52
9915	Q5VT66
9916	Q5VT79
9917	Q5VT97
9918	Q5VT98
9919	Q5VT99
9920	Q5VTA0
9921	Q5VTB9
9922	Q5VTD9
9923	Q5VTE0
9924	Q5VTE6
9925	Q5VTH2
9926	Q5VTH9
9927	Q5VTJ3
9928	Q5VTL7
9929	Q5VTL8
9930	Q5VTM2
9931	Q5VTQ0
9932	Q5VTR2
9933	Q5VTT2
9934	Q5VTT5
9935	Q5VTU8
9936	Q5VTY9
9937	Q5VU36
9938	Q5VU43
9939	Q5VU57
9940	Q5VU65
9941	Q5VU69
9942	Q5VU92
9943	Q5VU97
9944	Q5VUA4
9945	Q5VUB5
9946	Q5VUD6
9947	Q5VUE5
9948	Q5VUG0
9949	Q5VUJ5
9950	Q5VUJ6
9951	Q5VUJ9
9952	Q5VUM1
9953	Q5VUR7
9954	Q5VUY0
9955	Q5VUY2
9956	Q5VV16
9957	Q5VV17
9958	Q5VV41
9959	Q5VV42
9960	Q5VV43
9961	Q5VV52
9962	Q5VV63
9963	Q5VV67
9964	Q5VVB8
9965	Q5VVC0
9966	Q5VVH2
9967	Q5VVH5
9968	Q5VVJ2
9969	Q5VVM6
9970	Q5VVP1
9971	Q5VVQ6
9972	Q5VVS0
9973	Q5VVW2
9974	Q5VVX9
9975	Q5VVY1
9976	Q5VW00
9977	Q5VW22
9978	Q5VW32
9979	Q5VW36
9980	Q5VW38
9981	Q5VWC8
9982	Q5VWG9
9983	Q5VWI1
9984	Q5VWJ9
9985	Q5VWK0
9986	Q5VWK5
9987	Q5VWM3
9988	Q5VWM4
9989	Q5VWM6
9990	Q5VWN6
9991	Q5VWP2
9992	Q5VWP3
9993	Q5VWQ0
9994	Q5VWQ8
9995	Q5VWT5
9996	Q5VWW1
9997	Q5VWX1
9998	Q5VWZ2
9999	Q5VX52
10000	Q5VX71
10001	Q5VXD3
10002	Q5VXH4
10003	Q5VXH5
10004	Q5VXI9
10005	Q5VXJ0
10006	Q5VXM1
10007	Q5VXT5
10008	Q5VXU1
10009	Q5VXU3
10010	Q5VXU9
10011	Q5VY09
10012	Q5VY43
10013	Q5VY80
10014	Q5VYJ5
10015	Q5VYK3
10016	Q5VYM1
10017	Q5VYP0
10018	Q5VYS4
10019	Q5VYS8
10020	Q5VYV0
10021	Q5VYV7
10022	Q5VYX0
10023	Q5VYY1
10024	Q5VYY2
10025	Q5VZ03
10026	Q5VZ18
10027	Q5VZ19
10028	Q5VZ46
10029	Q5VZ52
10030	Q5VZ66
10031	Q5VZ72
10032	Q5VZ89
10033	Q5VZB9
10034	Q5VZE5
10035	Q5VZF2
10036	Q5VZI3
10037	Q5VZK9
10038	Q5VZL5
10039	Q5VZM2
10040	Q5VZP5
10041	Q5VZQ5
10042	Q5VZR2
10043	Q5VZR4
10044	Q5VZV1
10045	Q5VZY2
10046	Q5W041
10047	Q5W064
10048	Q5W0A0
10049	Q5W0B1
10050	Q5W0B7
10051	Q5W0N0
10052	Q5W0Q7
10053	Q5W0U4
10054	Q5W0V3
10055	Q5W0Z9
10056	Q5W111
10057	Q5W150
10058	Q5W186
10059	Q5W188
10060	Q5W5W9
10061	Q5W5X9
10062	Q5XG87
10063	Q5XG92
10064	Q5XG99
10065	Q5XKE5
10066	Q5XKK7
10067	Q5XKL5
10068	Q5XKP0
10069	Q5XKR4
10070	Q5XKR9
10071	Q5XLA6
10072	Q5XPI4
10073	Q5XUX0
10074	Q5XUX1
10075	Q5XX13
10076	Q5XXA6
10077	Q5YKI7
10078	Q5ZPR3
10079	Q60I27
10080	Q629K1
10081	Q63HK3
10082	Q63HK5
10083	Q63HM1
10084	Q63HM2
10085	Q63HM9
10086	Q63HN1
10087	Q63HN8
10088	Q63HQ0
10089	Q63HQ2
10090	Q63HR2
10091	Q63ZE4
10092	Q63ZY3
10093	Q63ZY6
10094	Q641Q2
10095	Q641Q3
10096	Q643R3
10097	Q64ET8
10098	Q64LD2
10099	Q658K8
10100	Q658L1
10101	Q658N2
10102	Q658P3
10103	Q658T7
10104	Q658Y4
10105	Q659A1
10106	Q659C4
10107	Q66GS9
10108	Q66K14
10109	Q66K41
10110	Q66K64
10111	Q66K66
10112	Q66K74
10113	Q66K79
10114	Q66K80
10115	Q66K89
10116	Q66LE6
10117	Q66PJ3
10118	Q674R7
10119	Q674X7
10120	Q676U5
10121	Q67FW5
10122	Q684P5
10123	Q685J3
10124	Q687X5
10125	Q68BL7
10126	Q68BL8
10127	Q68CJ6
10128	Q68CJ9
10129	Q68CK6
10130	Q68CL5
10131	Q68CP4
10132	Q68CP9
10133	Q68CQ1
10134	Q68CQ4
10135	Q68CQ7
10136	Q68CR1
10137	Q68CR7
10138	Q68CZ1
10139	Q68CZ2
10140	Q68CZ6
10141	Q68D06
10142	Q68D10
10143	Q68D20
10144	Q68D42
10145	Q68D51
10146	Q68D85
10147	Q68D86
10148	Q68D91
10149	Q68DA7
10150	Q68DC2
10151	Q68DD2
10152	Q68DE3
10153	Q68DH5
10154	Q68DI1
10155	Q68DK2
10156	Q68DK7
10157	Q68DL7
10158	Q68DN1
10159	Q68DQ2
10160	Q68DU8
10161	Q68DV7
10162	Q68DX3
10163	Q68DY1
10164	Q68DY9
10165	Q68E01
10166	Q68EA5
10167	Q68EM7
10168	Q68EN5
10169	Q68G74
10170	Q68G75
10171	Q68J44
10172	Q69383
10173	Q69384
10174	Q693B1
10175	Q695T7
10176	Q69YG0
10177	Q69YH5
10178	Q69YI7
10179	Q69YL0
10180	Q69YN2
10181	Q69YN4
10182	Q69YQ0
10183	Q69YU3
10184	Q69YU5
10185	Q69YW2
10186	Q69YZ2
10187	Q6A162
10188	Q6A163
10189	Q6A1A2
10190	Q6A555
10191	Q6AHZ1
10192	Q6AI08
10193	Q6AI12
10194	Q6AI14
10195	Q6AI39
10196	Q6AW86
10197	Q6AWC2
10198	Q6AWC8
10199	Q6AZW8
10200	Q6AZY7
10201	Q6AZZ1
10202	Q6B0B8
10203	Q6B0I6
10204	Q6B0K9
10205	Q6B8I1
10206	Q6B9Z1
10207	Q6BAA4
10208	Q6BCY4
10209	Q6BDI9
10210	Q6BDS2
10211	Q6BEB4
10212	Q6DCA0
10213	Q6DD87
10214	Q6DD88
10215	Q6DHV5
10216	Q6DHV7
10217	Q6DHY5
10218	Q6DJT9
10219	Q6DKI1
10220	Q6DKI2
10221	Q6DKI7
10222	Q6DKJ4
10223	Q6DKK2
10224	Q6DN03
10225	Q6DN12
10226	Q6DN14
10227	Q6DN72
10228	Q6DN90
10229	Q6DRA6
10230	Q6DT37
10231	Q6DWJ6
10232	Q6E0U4
10233	Q6E213
10234	Q6EBC2
10235	Q6ECI4
10236	Q6EEV4
10237	Q6EEV6
10238	Q6EIG7
10239	Q6EKJ0
10240	Q6EMB2
10241	Q6EMK4
10242	Q6F5E8
10243	Q6FHJ7
10244	Q6FI13
10245	Q6FI81
10246	Q6FIF0
10247	Q6GMR7
10248	Q6GMV2
10249	Q6GMV3
10250	Q6GPH4
10251	Q6GPH6
10252	Q6GPI1
10253	Q6GQQ9
10254	Q6GTS8
10255	Q6GTX8
10256	Q6GV28
10257	Q6GYQ0
10258	Q6H3X3
10259	Q6H8Q1
10260	Q6H9L7
10261	Q6HA08
10262	Q6I9Y2
10263	Q6IA17
10264	Q6IA69
10265	Q6IA86
10266	Q6IAA8
10267	Q6IAN0
10268	Q6IB77
10269	Q6IBS0
10270	Q6IBW4
10271	Q6IC83
10272	Q6IC98
10273	Q6ICB0
10274	Q6ICB4
10275	Q6ICC9
10276	Q6ICG6
10277	Q6ICG8
10278	Q6ICH7
10279	Q6ICI0
10280	Q6ICL3
10281	Q6ICL7
10282	Q6IE37
10283	Q6IE38
10284	Q6IE81
10285	Q6IEE7
10286	Q6IEE8
10287	Q6IEG0
10288	Q6IEU7
10289	Q6IEV9
10290	Q6IEY1
10291	Q6IEZ7
10292	Q6IF00
10293	Q6IF36
10294	Q6IF42
10295	Q6IF63
10296	Q6IF82
10297	Q6IF99
10298	Q6IFG1
10299	Q6IFH4
10300	Q6IFN5
10301	Q6IMI4
10302	Q6IMI6
10303	Q6IMN6
10304	Q6IN84
10305	Q6IN85
10306	Q6IN97
10307	Q6IPM2
10308	Q6IPR1
10309	Q6IPR3
10310	Q6IPT2
10311	Q6IPT4
10312	Q6IPU0
10313	Q6IPW1
10314	Q6IPX1
10315	Q6IPX3
10316	Q6IQ16
10317	Q6IQ19
10318	Q6IQ20
10319	Q6IQ21
10320	Q6IQ22
10321	Q6IQ23
10322	Q6IQ26
10323	Q6IQ32
10324	Q6IQ49
10325	Q6IQ55
10326	Q6IS14
10327	Q6IS24
10328	Q6ISB3
10329	Q6ISS4
10330	Q6ISU1
10331	Q6IV72
10332	Q6IWH7
10333	Q6J272
10334	Q6J4K2
10335	Q6J9G0
10336	Q6JBY9
10337	Q6JEL2
10338	Q6JQN1
10339	Q6JVE5
10340	Q6JVE6
10341	Q6JVE9
10342	Q6K0P9
10343	Q6KB66
10344	Q6KC79
10345	Q6KCM7
10346	Q6KF10
10347	Q6L8G4
10348	Q6L8G5
10349	Q6L8G8
10350	Q6L8G9
10351	Q6L8H1
10352	Q6L8H2
10353	Q6L8H4
10354	Q6L8Q7
10355	Q6L9T8
10356	Q6L9W6
10357	Q6MZM0
10358	Q6MZM9
10359	Q6MZN7
10360	Q6MZP7
10361	Q6MZQ0
10362	Q6MZT1
10363	Q6MZW2
10364	Q6MZZ7
10365	Q6N021
10366	Q6N022
10367	Q6N043
10368	Q6N063
10369	Q6N069
10370	Q6N075
10371	Q6NS38
10372	Q6NSI1
10373	Q6NSI3
10374	Q6NSI4
10375	Q6NSI8
10376	Q6NSJ0
10377	Q6NSJ2
10378	Q6NSJ5
10379	Q6NSW5
10380	Q6NSW7
10381	Q6NSX1
10382	Q6NSZ9
10383	Q6NT04
10384	Q6NT16
10385	Q6NT32
10386	Q6NT46
10387	Q6NT52
10388	Q6NT55
10389	Q6NT76
10390	Q6NT89
10391	Q6NTE8
10392	Q6NTF7
10393	Q6NTF9
10394	Q6NUI1
10395	Q6NUI2
10396	Q6NUI6
10397	Q6NUJ1
10398	Q6NUJ2
10399	Q6NUJ5
10400	Q6NUK1
10401	Q6NUK4
10402	Q6NUM6
10403	Q6NUM9
10404	Q6NUN0
10405	Q6NUN7
10406	Q6NUN9
10407	Q6NUP7
10408	Q6NUQ1
10409	Q6NUQ4
10410	Q6NUR6
10411	Q6NUS6
10412	Q6NUS8
10413	Q6NUT2
10414	Q6NUT3
10415	Q6NV74
10416	Q6NV75
10417	Q6NVH7
10418	Q6NVU6
10419	Q6NVV0
10420	Q6NVV1
10421	Q6NVV3
10422	Q6NVV7
10423	Q6NVV9
10424	Q6NVY1
10425	Q6NW29
10426	Q6NW34
10427	Q6NW40
10428	Q6NWY9
10429	Q6NX45
10430	Q6NX49
10431	Q6NXE6
10432	Q6NXG1
10433	Q6NXN4
10434	Q6NXP0
10435	Q6NXP2
10436	Q6NXP6
10437	Q6NXR0
10438	Q6NXR4
10439	Q6NXS1
10440	Q6NXT1
10441	Q6NXT2
10442	Q6NXT4
10443	Q6NXT6
10444	Q6NY19
10445	Q6NYC1
10446	Q6NYC8
10447	Q6NZ36
10448	Q6NZ63
10449	Q6NZ67
10450	Q6NZI2
10451	Q6NZY4
10452	Q6NZY7
10453	Q6P047
10454	Q6P050
10455	Q6P087
10456	Q6P093
10457	Q6P0A1
10458	Q6P0N0
10459	Q6P0Q8
10460	Q6P158
10461	Q6P161
10462	Q6P179
10463	Q6P1A2
10464	Q6P1J6
10465	Q6P1J9
10466	Q6P1K1
10467	Q6P1K2
10468	Q6P1K8
10469	Q6P1L5
10470	Q6P1L6
10471	Q6P1L8
10472	Q6P1M0
10473	Q6P1M3
10474	Q6P1M9
10475	Q6P1N0
10476	Q6P1N9
10477	Q6P1Q0
10478	Q6P1Q9
10479	Q6P1R3
10480	Q6P1R4
10481	Q6P1S2
10482	Q6P1W5
10483	Q6P1X5
10484	Q6P1X6
10485	Q6P280
10486	Q6P2C0
10487	Q6P2C8
10488	Q6P2D0
10489	Q6P2D8
10490	Q6P2E9
10491	Q6P2H3
10492	Q6P2H8
10493	Q6P2I3
10494	Q6P2I7
10495	Q6P2M8
10496	Q6P2P2
10497	Q6P2Q9
10498	Q6P2S7
10499	Q6P387
10500	Q6P3R8
10501	Q6P3S1
10502	Q6P3S6
10503	Q6P3V2
10504	Q6P3W2
10505	Q6P3W6
10506	Q6P3W7
10507	Q6P3X3
10508	Q6P3X8
10509	Q6P435
10510	Q6P444
10511	Q6P461
10512	Q6P474
10513	Q6P499
10514	Q6P4A7
10515	Q6P4A8
10516	Q6P4D5
10517	Q6P4E1
10518	Q6P4F1
10519	Q6P4F2
10520	Q6P4F7
10521	Q6P4H8
10522	Q6P4I2
10523	Q6P4Q7
10524	Q6P4R8
10525	Q6P531
10526	Q6P575
10527	Q6P582
10528	Q6P587
10529	Q6P589
10530	Q6P597
10531	Q6P5Q4
10532	Q6P5R6
10533	Q6P5S2
10534	Q6P5S7
10535	Q6P5W5
10536	Q6P5X5
10537	Q6P5X7
10538	Q6P5Z2
10539	Q6P656
10540	Q6P6B1
10541	Q6P6B7
10542	Q6P6C2
10543	Q6P7N7
10544	Q6P988
10545	Q6P995
10546	Q6P996
10547	Q6P9A1
10548	Q6P9A2
10549	Q6P9A3
10550	Q6P9B6
10551	Q6P9B9
10552	Q6P9F0
10553	Q6P9F5
10554	Q6P9F7
10555	Q6P9G0
10556	Q6P9G4
10557	Q6P9G9
10558	Q6P9H4
10559	Q6P9H5
10560	Q6PB30
10561	Q6PCB0
10562	Q6PCB5
10563	Q6PCB6
10564	Q6PCB7
10565	Q6PCB8
10566	Q6PCD5
10567	Q6PCE3
10568	Q6PCT2
10569	Q6PD62
10570	Q6PD74
10571	Q6PDA7
10572	Q6PDB4
10573	Q6PEV8
10574	Q6PEW0
10575	Q6PEW1
10576	Q6PEX3
10577	Q6PEX7
10578	Q6PEY0
10579	Q6PEY1
10580	Q6PEY2
10581	Q6PEZ8
10582	Q6PF04
10583	Q6PF05
10584	Q6PF06
10585	Q6PF15
10586	Q6PF18
10587	Q6PFW1
10588	Q6PG37
10589	Q6PGN9
10590	Q6PGP7
10591	Q6PGQ1
10592	Q6PGQ7
10593	Q6PH81
10594	Q6PH85
10595	Q6PHR2
10596	Q6PHW0
10597	Q6PI25
10598	Q6PI26
10599	Q6PI47
10600	Q6PI48
10601	Q6PI73
10602	Q6PI77
10603	Q6PI78
10604	Q6PI97
10605	Q6PI98
10606	Q6PID6
10607	Q6PID8
10608	Q6PIF2
10609	Q6PIF6
10610	Q6PII3
10611	Q6PII5
10612	Q6PIJ6
10613	Q6PIL6
10614	Q6PIS1
10615	Q6PIU1
10616	Q6PIU2
10617	Q6PIV2
10618	Q6PIV7
10619	Q6PIW4
10620	Q6PIY5
10621	Q6PIY7
10622	Q6PIZ9
10623	Q6PJ21
10624	Q6PJ61
10625	Q6PJ69
10626	Q6PJE2
10627	Q6PJF5
10628	Q6PJG2
10629	Q6PJG6
10630	Q6PJG9
10631	Q6PJI9
10632	Q6PJP8
10633	Q6PJQ5
10634	Q6PJT7
10635	Q6PJW8
10636	Q6PK04
10637	Q6PK18
10638	Q6PK57
10639	Q6PK81
10640	Q6PKC3
10641	Q6PKG0
10642	Q6PKH6
10643	Q6PKX4
10644	Q6PL18
10645	Q6PL24
10646	Q6PL45
10647	Q6PML9
10648	Q6PP77
10649	Q6PRD1
10650	Q6PRD7
10651	Q6PUV4
10652	Q6PXP3
10653	Q6Q0C0
10654	Q6Q0C1
10655	Q6Q4G3
10656	Q6Q6R5
10657	Q6Q759
10658	Q6Q788
10659	Q6Q795
10660	Q6Q8B3
10661	Q6QAJ8
10662	Q6QEF8
10663	Q6QHC5
10664	Q6QHF9
10665	Q6QHK4
10666	Q6QN14
10667	Q6QNK2
10668	Q6QNY0
10669	Q6QNY1
10670	Q6R2W3
10671	Q6R327
10672	Q6R6M4
10673	Q6RFH5
10674	Q6RFH8
10675	Q6RI45
10676	Q6RSH7
10677	Q6RVD6
10678	Q6RW13
10679	Q6S545
10680	Q6S5H5
10681	Q6S5L8
10682	Q6S8J3
10683	Q6S8J7
10684	Q6S9Z5
10685	Q6SA08
10686	Q6SJ93
10687	Q6SJ96
10688	Q6SPF0
10689	Q6STE5
10690	Q6SZW1
10691	Q6T310
10692	Q6T311
10693	Q6T423
10694	Q6T4P5
10695	Q6T4R5
10696	Q6TCH4
10697	Q6TCH7
10698	Q6TDP4
10699	Q6TDU7
10700	Q6TFL3
10701	Q6TFL4
10702	Q6TGC4
10703	Q6U736
10704	Q6U7Q0
10705	Q6U841
10706	Q6U949
10707	Q6UB28
10708	Q6UB35
10709	Q6UB98
10710	Q6UB99
10711	Q6UDR6
10712	Q6UE05
10713	Q6ULP2
10714	Q6UN15
10715	Q6UQ28
10716	Q6URK8
10717	Q6UUV7
10718	Q6UUV9
10719	Q6UVJ0
10720	Q6UVK1
10721	Q6UVM3
10722	Q6UVW9
10723	Q6UVY6
10724	Q6UW01
10725	Q6UW02
10726	Q6UW10
10727	Q6UW15
10728	Q6UW32
10729	Q6UW49
10730	Q6UW56
10731	Q6UW60
10732	Q6UW63
10733	Q6UW68
10734	Q6UW78
10735	Q6UW88
10736	Q6UWB1
10737	Q6UWB4
10738	Q6UWD8
10739	Q6UWE0
10740	Q6UWE3
10741	Q6UWF3
10742	Q6UWF5
10743	Q6UWF7
10744	Q6UWF9
10745	Q6UWH4
10746	Q6UWH6
10747	Q6UWI2
10748	Q6UWI4
10749	Q6UWJ1
10750	Q6UWJ8
10751	Q6UWK7
10752	Q6UWL2
10753	Q6UWL6
10754	Q6UWM5
10755	Q6UWM7
10756	Q6UWM9
10757	Q6UWN0
10758	Q6UWN5
10759	Q6UWN8
10760	Q6UWP2
10761	Q6UWP7
10762	Q6UWP8
10763	Q6UWQ5
10764	Q6UWQ7
10765	Q6UWR7
10766	Q6UWS5
10767	Q6UWT2
10768	Q6UWT4
10769	Q6UWU2
10770	Q6UWU4
10771	Q6UWV2
10772	Q6UWV6
10773	Q6UWV7
10774	Q6UWW0
10775	Q6UWW8
10776	Q6UWW9
10777	Q6UWX4
10778	Q6UWY0
10779	Q6UWY2
10780	Q6UWY5
10781	Q6UWZ7
10782	Q6UX01
10783	Q6UX04
10784	Q6UX06
10785	Q6UX07
10786	Q6UX15
10787	Q6UX27
10788	Q6UX34
10789	Q6UX39
10790	Q6UX40
10791	Q6UX41
10792	Q6UX46
10793	Q6UX52
10794	Q6UX53
10795	Q6UX65
10796	Q6UX68
10797	Q6UX71
10798	Q6UX72
10799	Q6UX73
10800	Q6UX82
10801	Q6UX98
10802	Q6UXA7
10803	Q6UXB0
10804	Q6UXB1
10805	Q6UXB2
10806	Q6UXB3
10807	Q6UXB4
10808	Q6UXB8
10809	Q6UXC1
10810	Q6UXD1
10811	Q6UXD5
10812	Q6UXD7
10813	Q6UXE8
10814	Q6UXF1
10815	Q6UXF7
10816	Q6UXG2
10817	Q6UXG3
10818	Q6UXG8
10819	Q6UXH0
10820	Q6UXH1
10821	Q6UXH8
10822	Q6UXH9
10823	Q6UXI7
10824	Q6UXI9
10825	Q6UXK2
10826	Q6UXK5
10827	Q6UXL0
10828	Q6UXM1
10829	Q6UXN2
10830	Q6UXN7
10831	Q6UXN8
10832	Q6UXN9
10833	Q6UXP3
10834	Q6UXP7
10835	Q6UXP9
10836	Q6UXQ4
10837	Q6UXQ8
10838	Q6UXR4
10839	Q6UXR6
10840	Q6UXR8
10841	Q6UXS0
10842	Q6UXS9
10843	Q6UXT6
10844	Q6UXT8
10845	Q6UXT9
10846	Q6UXU0
10847	Q6UXU4
10848	Q6UXU6
10849	Q6UXV0
10850	Q6UXV1
10851	Q6UXV3
10852	Q6UXV4
10853	Q6UXX5
10854	Q6UXX9
10855	Q6UXY1
10856	Q6UXY8
10857	Q6UXZ0
10858	Q6UXZ3
10859	Q6UXZ4
10860	Q6UY01
10861	Q6UY09
10862	Q6UY11
10863	Q6UY13
10864	Q6UY14
10865	Q6UY18
10866	Q6UY27
10867	Q6UYE1
10868	Q6V0I7
10869	Q6V0L0
10870	Q6V1P9
10871	Q6V1X1
10872	Q6V702
10873	Q6V9R5
10874	Q6VAB6
10875	Q6VB84
10876	Q6VEQ5
10877	Q6VMQ6
10878	Q6VN20
10879	Q6VUC0
10880	Q6VVB1
10881	Q6VVX0
10882	Q6VY07
10883	Q6W0C5
10884	Q6W2J9
10885	Q6W349
10886	Q6W3E5
10887	Q6W4X9
10888	Q6W5P4
10889	Q6WBX8
10890	Q6WCQ1
10891	Q6WKZ4
10892	Q6WN34
10893	Q6WQI6
10894	Q6WRI0
10895	Q6WRX3
10896	Q6X4T0
10897	Q6X4U4
10898	Q6X4W1
10899	Q6X784
10900	Q6X9E4
10901	Q6XCG6
10902	Q6XD76
10903	Q6XE24
10904	Q6XE38
10905	Q6XLA1
10906	Q6XPR3
10907	Q6XPS3
10908	Q6XQN6
10909	Q6XR72
10910	Q6XUX3
10911	Q6XXX2
10912	Q6XYB7
10913	Q6XYQ8
10914	Q6XZB0
10915	Q6XZF7
10916	Q6Y1H2
10917	Q6Y288
10918	Q6Y2X3
10919	Q6Y7W6
10920	Q6YBV0
10921	Q6YFQ2
10922	Q6YHK3
10923	Q6YHU6
10924	Q6YI46
10925	Q6YN16
10926	Q6YP21
10927	Q6ZMB0
10928	Q6ZMB5
10929	Q6ZMC9
10930	Q6ZMD2
10931	Q6ZMG9
10932	Q6ZMH5
10933	Q6ZMI0
10934	Q6ZMI3
10935	Q6ZMJ2
10936	Q6ZMJ4
10937	Q6ZMM2
10938	Q6ZMN7
10939	Q6ZMN8
10940	Q6ZMP0
10941	Q6ZMQ8
10942	Q6ZMR3
10943	Q6ZMR5
10944	Q6ZMS4
10945	Q6ZMS7
10946	Q6ZMT1
10947	Q6ZMT4
10948	Q6ZMT9
10949	Q6ZMU1
10950	Q6ZMU5
10951	Q6ZMV5
10952	Q6ZMV7
10953	Q6ZMV8
10954	Q6ZMV9
10955	Q6ZMW2
10956	Q6ZMW3
10957	Q6ZMY3
10958	Q6ZMY6
10959	Q6ZMY9
10960	Q6ZMZ0
10961	Q6ZMZ3
10962	Q6ZN01
10963	Q6ZN03
10964	Q6ZN04
10965	Q6ZN06
10966	Q6ZN08
10967	Q6ZN11
10968	Q6ZN16
10969	Q6ZN17
10970	Q6ZN18
10971	Q6ZN19
10972	Q6ZN28
10973	Q6ZN30
10974	Q6ZN32
10975	Q6ZN44
10976	Q6ZN54
10977	Q6ZN55
10978	Q6ZN57
10979	Q6ZN66
10980	Q6ZN68
10981	Q6ZN79
10982	Q6ZN84
10983	Q6ZN92
10984	Q6ZNA1
10985	Q6ZNA4
10986	Q6ZNA5
10987	Q6ZNB5
10988	Q6ZNB6
10989	Q6ZNB7
10990	Q6ZNC4
10991	Q6ZNC8
10992	Q6ZNE5
10993	Q6ZNE9
10994	Q6ZNF0
10995	Q6ZNG0
10996	Q6ZNG1
10997	Q6ZNG2
10998	Q6ZNG9
10999	Q6ZNH5
11000	Q6ZNI0
11001	Q6ZNJ1
11002	Q6ZNK6
11003	Q6ZNL6
11004	Q6ZNM6
11005	Q6ZNQ3
11006	Q6ZNR0
11007	Q6ZNW5
11008	Q6ZNX1
11009	Q6ZP01
11010	Q6ZP29
11011	Q6ZP65
11012	Q6ZP68
11013	Q6ZP80
11014	Q6ZP82
11015	Q6ZPA2
11016	Q6ZPB5
11017	Q6ZPD8
11018	Q6ZPD9
11019	Q6ZQN5
11020	Q6ZQN7
11021	Q6ZQQ2
11022	Q6ZQQ6
11023	Q6ZQR2
11024	Q6ZQT0
11025	Q6ZQT7
11026	Q6ZQV5
11027	Q6ZQW0
11028	Q6ZQX7
11029	Q6ZQY2
11030	Q6ZQY3
11031	Q6ZQY7
11032	Q6ZR03
11033	Q6ZR08
11034	Q6ZR37
11035	Q6ZR52
11036	Q6ZR54
11037	Q6ZR62
11038	Q6ZR85
11039	Q6ZRC1
11040	Q6ZRF7
11041	Q6ZRF8
11042	Q6ZRG5
11043	Q6ZRH7
11044	Q6ZRI0
11045	Q6ZRI6
11046	Q6ZRI8
11047	Q6ZRK6
11048	Q6ZRM9
11049	Q6ZRN7
11050	Q6ZRP0
11051	Q6ZRP5
11052	Q6ZRP7
11053	Q6ZRQ5
11054	Q6ZRR5
11055	Q6ZRR7
11056	Q6ZRS2
11057	Q6ZRS4
11058	Q6ZRT6
11059	Q6ZRU5
11060	Q6ZRV2
11061	Q6ZRV3
11062	Q6ZRX8
11063	Q6ZRY4
11064	Q6ZS02
11065	Q6ZS10
11066	Q6ZS11
11067	Q6ZS17
11068	Q6ZS27
11069	Q6ZS30
11070	Q6ZS46
11071	Q6ZS49
11072	Q6ZS52
11073	Q6ZS62
11074	Q6ZS72
11075	Q6ZS81
11076	Q6ZS82
11077	Q6ZS86
11078	Q6ZS92
11079	Q6ZSA7
11080	Q6ZSA8
11081	Q6ZSB3
11082	Q6ZSB9
11083	Q6ZSC3
11084	Q6ZSG1
11085	Q6ZSG2
11086	Q6ZSI9
11087	Q6ZSJ8
11088	Q6ZSJ9
11089	Q6ZSK4
11090	Q6ZSM3
11091	Q6ZSN1
11092	Q6ZSR3
11093	Q6ZSR6
11094	Q6ZSR9
11095	Q6ZSS3
11096	Q6ZSS7
11097	Q6ZST2
11098	Q6ZST4
11099	Q6ZSU1
11100	Q6ZSV7
11101	Q6ZSY5
11102	Q6ZSZ5
11103	Q6ZSZ6
11104	Q6ZT07
11105	Q6ZT12
11106	Q6ZT21
11107	Q6ZT52
11108	Q6ZT62
11109	Q6ZT77
11110	Q6ZT89
11111	Q6ZT98
11112	Q6ZTA4
11113	Q6ZTB9
11114	Q6ZTC4
11115	Q6ZTI0
11116	Q6ZTI6
11117	Q6ZTK2
11118	Q6ZTN6
11119	Q6ZTQ3
11120	Q6ZTQ4
11121	Q6ZTR5
11122	Q6ZTR6
11123	Q6ZTR7
11124	Q6ZTU2
11125	Q6ZTW0
11126	Q6ZTY9
11127	Q6ZTZ1
11128	Q6ZU15
11129	Q6ZU35
11130	Q6ZU45
11131	Q6ZU52
11132	Q6ZU64
11133	Q6ZU65
11134	Q6ZU67
11135	Q6ZU69
11136	Q6ZU80
11137	Q6ZUA9
11138	Q6ZUB0
11139	Q6ZUB1
11140	Q6ZUF6
11141	Q6ZUG5
11142	Q6ZUI0
11143	Q6ZUJ4
11144	Q6ZUJ8
11145	Q6ZUK4
11146	Q6ZUL3
11147	Q6ZUM4
11148	Q6ZUS5
11149	Q6ZUS6
11150	Q6ZUT1
11151	Q6ZUT3
11152	Q6ZUT4
11153	Q6ZUT6
11154	Q6ZUT9
11155	Q6ZUU3
11156	Q6ZUV0
11157	Q6ZUX3
11158	Q6ZUX7
11159	Q6ZV29
11160	Q6ZV50
11161	Q6ZV60
11162	Q6ZV65
11163	Q6ZV70
11164	Q6ZV73
11165	Q6ZV77
11166	Q6ZV80
11167	Q6ZV89
11168	Q6ZVC0
11169	Q6ZVD7
11170	Q6ZVD8
11171	Q6ZVE7
11172	Q6ZVF9
11173	Q6ZVH6
11174	Q6ZVH7
11175	Q6ZVK1
11176	Q6ZVK8
11177	Q6ZVL6
11178	Q6ZVL8
11179	Q6ZVM7
11180	Q6ZVN7
11181	Q6ZVN8
11182	Q6ZVQ6
11183	Q6ZVS7
11184	Q6ZVT0
11185	Q6ZVT6
11186	Q6ZVU0
11187	Q6ZVW7
11188	Q6ZVX7
11189	Q6ZVX9
11190	Q6ZVZ8
11191	Q6ZW05
11192	Q6ZW13
11193	Q6ZW31
11194	Q6ZW49
11195	Q6ZW61
11196	Q6ZW76
11197	Q6ZWB6
11198	Q6ZWC4
11199	Q6ZWE6
11200	Q6ZWH5
11201	Q6ZWI9
11202	Q6ZWJ1
11203	Q6ZWJ8
11204	Q6ZWK4
11205	Q6ZWK6
11206	Q6ZWL3
11207	Q6ZWT7
11208	Q6ZXV5
11209	Q6ZYL4
11210	Q701N2
11211	Q701N4
11212	Q702N8
11213	Q709C8
11214	Q709F0
11215	Q70CQ1
11216	Q70CQ2
11217	Q70CQ3
11218	Q70CQ4
11219	Q70E73
11220	Q70EK8
11221	Q70EK9
11222	Q70EL1
11223	Q70EL2
11224	Q70EL3
11225	Q70EL4
11226	Q70HW3
11227	Q70IA6
11228	Q70IA8
11229	Q70J99
11230	Q70JA7
11231	Q70SY1
11232	Q70UQ0
11233	Q70YC4
11234	Q70YC5
11235	Q70Z35
11236	Q70Z44
11237	Q70Z53
11238	Q711Q0
11239	Q712K3
11240	Q717R9
11241	Q719H9
11242	Q719I0
11243	Q71DI3
11244	Q71F23
11245	Q71F56
11246	Q71F78
11247	Q71H61
11248	Q71RC2
11249	Q71RC9
11250	Q71RG4
11251	Q71RG6
11252	Q71RH2
11253	Q71RS6
11254	Q71SY5
11255	Q71U36
11256	Q71UI9
11257	Q71UM5
11258	Q75LS8
11259	Q75MW2
11260	Q75N03
11261	Q75N90
11262	Q75NE6
11263	Q75QN2
11264	Q75T13
11265	Q75V66
11266	Q75VX8
11267	Q75WM6
11268	Q765I0
11269	Q765P7
11270	Q76B58
11271	Q76EJ3
11272	Q76FK4
11273	Q76G19
11274	Q76I76
11275	Q76KD6
11276	Q76KP1
11277	Q76KX8
11278	Q76L83
11279	Q76LX8
11280	Q76M96
11281	Q76MJ5
11282	Q76N32
11283	Q76N89
11284	Q76NI1
11285	Q7KYR7
11286	Q7KZ85
11287	Q7KZF4
11288	Q7KZI7
11289	Q7KZN9
11290	Q7L014
11291	Q7L099
11292	Q7L0J3
11293	Q7L0Q8
11294	Q7L0R7
11295	Q7L0X0
11296	Q7L0X2
11297	Q7L0Y3
11298	Q7L190
11299	Q7L1I2
11300	Q7L1Q6
11301	Q7L1S5
11302	Q7L1T6
11303	Q7L1V2
11304	Q7L1W4
11305	Q7L211
11306	Q7L266
11307	Q7L273
11308	Q7L2E3
11309	Q7L2H7
11310	Q7L2J0
11311	Q7L2K0
11312	Q7L2R6
11313	Q7L2Z9
11314	Q7L311
11315	Q7L3B6
11316	Q7L3S4
11317	Q7L3T8
11318	Q7L3V2
11319	Q7L4E1
11320	Q7L4I2
11321	Q7L4P6
11322	Q7L4S7
11323	Q7L513
11324	Q7L523
11325	Q7L576
11326	Q7L590
11327	Q7L591
11328	Q7L592
11329	Q7L5A3
11330	Q7L5A8
11331	Q7L5D6
11332	Q7L5L3
11333	Q7L5N1
11334	Q7L5N7
11335	Q7L5Y1
11336	Q7L5Y6
11337	Q7L5Y9
11338	Q7L622
11339	Q7L775
11340	Q7L7L0
11341	Q7L7V1
11342	Q7L7X3
11343	Q7L804
11344	Q7L8A9
11345	Q7L8C5
11346	Q7L8J4
11347	Q7L8L6
11348	Q7L8S5
11349	Q7L8W6
11350	Q7L945
11351	Q7L985
11352	Q7L9B9
11353	Q7L9L4
11354	Q7LBC6
11355	Q7LBE3
11356	Q7LBR1
11357	Q7LC44
11358	Q7LDG7
11359	Q7LDI9
11360	Q7LFL8
11361	Q7LFX5
11362	Q7LG56
11363	Q7LGA3
11364	Q7LGC8
11365	Q7M4L6
11366	Q7RTM1
11367	Q7RTN6
11368	Q7RTP0
11369	Q7RTP6
11370	Q7RTR0
11371	Q7RTR2
11372	Q7RTR8
11373	Q7RTS1
11374	Q7RTS3
11375	Q7RTS5
11376	Q7RTS6
11377	Q7RTS7
11378	Q7RTS9
11379	Q7RTT3
11380	Q7RTT4
11381	Q7RTT5
11382	Q7RTT6
11383	Q7RTT9
11384	Q7RTU0
11385	Q7RTU1
11386	Q7RTU3
11387	Q7RTU4
11388	Q7RTU5
11389	Q7RTU7
11390	Q7RTU9
11391	Q7RTV0
11392	Q7RTV2
11393	Q7RTV3
11394	Q7RTV5
11395	Q7RTW8
11396	Q7RTX0
11397	Q7RTX1
11398	Q7RTX7
11399	Q7RTX9
11400	Q7RTY0
11401	Q7RTY1
11402	Q7RTY3
11403	Q7RTY5
11404	Q7RTY7
11405	Q7RTY8
11406	Q7RTY9
11407	Q7RTZ1
11408	Q7RTZ2
11409	Q7Z2D5
11410	Q7Z2E3
11411	Q7Z2F6
11412	Q7Z2G1
11413	Q7Z2H8
11414	Q7Z2K6
11415	Q7Z2K8
11416	Q7Z2Q7
11417	Q7Z2R9
11418	Q7Z2T5
11419	Q7Z2V1
11420	Q7Z2W4
11421	Q7Z2W7
11422	Q7Z2W9
11423	Q7Z2X4
11424	Q7Z2X7
11425	Q7Z2Y5
11426	Q7Z2Y8
11427	Q7Z2Z1
11428	Q7Z2Z2
11429	Q7Z304
11430	Q7Z309
11431	Q7Z333
11432	Q7Z340
11433	Q7Z353
11434	Q7Z388
11435	Q7Z392
11436	Q7Z398
11437	Q7Z3B0
11438	Q7Z3B1
11439	Q7Z3B3
11440	Q7Z3B4
11441	Q7Z3C6
11442	Q7Z3D4
11443	Q7Z3D6
11444	Q7Z3E1
11445	Q7Z3E2
11446	Q7Z3E5
11447	Q7Z3F1
11448	Q7Z3G6
11449	Q7Z3H0
11450	Q7Z3H4
11451	Q7Z3I7
11452	Q7Z3J2
11453	Q7Z3J3
11454	Q7Z3K3
11455	Q7Z3K6
11456	Q7Z3Q1
11457	Q7Z3S7
11458	Q7Z3S9
11459	Q7Z3T1
11460	Q7Z3T8
11461	Q7Z3U7
11462	Q7Z3V4
11463	Q7Z3V5
11464	Q7Z3Y7
11465	Q7Z3Y8
11466	Q7Z3Y9
11467	Q7Z3Z0
11468	Q7Z3Z2
11469	Q7Z3Z3
11470	Q7Z3Z4
11471	Q7Z401
11472	Q7Z402
11473	Q7Z403
11474	Q7Z404
11475	Q7Z406
11476	Q7Z407
11477	Q7Z408
11478	Q7Z410
11479	Q7Z412
11480	Q7Z417
11481	Q7Z418
11482	Q7Z419
11483	Q7Z422
11484	Q7Z429
11485	Q7Z434
11486	Q7Z442
11487	Q7Z443
11488	Q7Z444
11489	Q7Z449
11490	Q7Z460
11491	Q7Z465
11492	Q7Z478
11493	Q7Z494
11494	Q7Z4B0
11495	Q7Z4F1
11496	Q7Z4G1
11497	Q7Z4G4
11498	Q7Z4H3
11499	Q7Z4H4
11500	Q7Z4H7
11501	Q7Z4H8
11502	Q7Z4H9
11503	Q7Z4I7
11504	Q7Z4J2
11505	Q7Z4K8
11506	Q7Z4L0
11507	Q7Z4L5
11508	Q7Z4L9
11509	Q7Z4M0
11510	Q7Z4N2
11511	Q7Z4N8
11512	Q7Z4P5
11513	Q7Z4Q2
11514	Q7Z4R8
11515	Q7Z4S6
11516	Q7Z4S9
11517	Q7Z4T8
11518	Q7Z4T9
11519	Q7Z4V0
11520	Q7Z4V5
11521	Q7Z4W1
11522	Q7Z4W2
11523	Q7Z4W3
11524	Q7Z4Y8
11525	Q7Z553
11526	Q7Z569
11527	Q7Z570
11528	Q7Z572
11529	Q7Z589
11530	Q7Z591
11531	Q7Z5A4
11532	Q7Z5A7
11533	Q7Z5A8
11534	Q7Z5A9
11535	Q7Z5B4
11536	Q7Z5D8
11537	Q7Z5G4
11538	Q7Z5H3
11539	Q7Z5H4
11540	Q7Z5H5
11541	Q7Z5J1
11542	Q7Z5J4
11543	Q7Z5J8
11544	Q7Z5K2
11545	Q7Z5L0
11546	Q7Z5L2
11547	Q7Z5L3
11548	Q7Z5L4
11549	Q7Z5L7
11550	Q7Z5L9
11551	Q7Z5M5
11552	Q7Z5M8
11553	Q7Z5N4
11554	Q7Z5P4
11555	Q7Z5P9
11556	Q7Z5Q1
11557	Q7Z5Q5
11558	Q7Z5R6
11559	Q7Z5S9
11560	Q7Z5U6
11561	Q7Z5V6
11562	Q7Z5W3
11563	Q7Z5Y6
11564	Q7Z5Y7
11565	Q7Z601
11566	Q7Z602
11567	Q7Z614
11568	Q7Z624
11569	Q7Z628
11570	Q7Z692
11571	Q7Z695
11572	Q7Z698
11573	Q7Z699
11574	Q7Z6A9
11575	Q7Z6B0
11576	Q7Z6B7
11577	Q7Z6E9
11578	Q7Z6G3
11579	Q7Z6G8
11580	Q7Z6I5
11581	Q7Z6I6
11582	Q7Z6I8
11583	Q7Z6J0
11584	Q7Z6J2
11585	Q7Z6J4
11586	Q7Z6J6
11587	Q7Z6J8
11588	Q7Z6J9
11589	Q7Z6K1
11590	Q7Z6K3
11591	Q7Z6K4
11592	Q7Z6K5
11593	Q7Z6L0
11594	Q7Z6L1
11595	Q7Z6M1
11596	Q7Z6M2
11597	Q7Z6M3
11598	Q7Z6M4
11599	Q7Z6P3
11600	Q7Z6R9
11601	Q7Z6V5
11602	Q7Z6W1
11603	Q7Z6W7
11604	Q7Z6Z6
11605	Q7Z6Z7
11606	Q7Z713
11607	Q7Z736
11608	Q7Z739
11609	Q7Z745
11610	Q7Z769
11611	Q7Z794
11612	Q7Z7A1
11613	Q7Z7A3
11614	Q7Z7A4
11615	Q7Z7B0
11616	Q7Z7B1
11617	Q7Z7B7
11618	Q7Z7B8
11619	Q7Z7C7
11620	Q7Z7C8
11621	Q7Z7D3
11622	Q7Z7E8
11623	Q7Z7F0
11624	Q7Z7F7
11625	Q7Z7G0
11626	Q7Z7G1
11627	Q7Z7G2
11628	Q7Z7G8
11629	Q7Z7H3
11630	Q7Z7H5
11631	Q7Z7H8
11632	Q7Z7J5
11633	Q7Z7J7
11634	Q7Z7J9
11635	Q7Z7K0
11636	Q7Z7K2
11637	Q7Z7K6
11638	Q7Z7L1
11639	Q7Z7L7
11640	Q7Z7L8
11641	Q7Z7L9
11642	Q7Z7M0
11643	Q7Z7M1
11644	Q7Z7M8
11645	Q7Z7M9
11646	Q7Z7N9
11647	Q86SE5
11648	Q86SE8
11649	Q86SE9
11650	Q86SF2
11651	Q86SG2
11652	Q86SG3
11653	Q86SG4
11654	Q86SG5
11655	Q86SG6
11656	Q86SG7
11657	Q86SH2
11658	Q86SH4
11659	Q86SI9
11660	Q86SJ2
11661	Q86SJ6
11662	Q86SK9
11663	Q86SM5
11664	Q86SM8
11665	Q86SP6
11666	Q86SQ0
11667	Q86SQ3
11668	Q86SQ4
11669	Q86SQ6
11670	Q86SQ7
11671	Q86SQ9
11672	Q86SR1
11673	Q86SS6
11674	Q86SU0
11675	Q86SX3
11676	Q86SX6
11677	Q86SY8
11678	Q86SZ2
11679	Q86T03
11680	Q86T13
11681	Q86T20
11682	Q86T23
11683	Q86T24
11684	Q86T26
11685	Q86T29
11686	Q86T65
11687	Q86T75
11688	Q86T82
11689	Q86T90
11690	Q86T96
11691	Q86TA1
11692	Q86TA4
11693	Q86TB3
11694	Q86TB9
11695	Q86TC9
11696	Q86TD4
11697	Q86TE4
11698	Q86TG1
11699	Q86TG7
11700	Q86TH1
11701	Q86TI0
11702	Q86TI2
11703	Q86TI4
11704	Q86TJ2
11705	Q86TJ5
11706	Q86TL0
11707	Q86TL2
11708	Q86TM3
11709	Q86TM6
11710	Q86TN4
11711	Q86TP1
11712	Q86TS9
11713	Q86TU6
11714	Q86TU7
11715	Q86TV6
11716	Q86TW2
11717	Q86TX2
11718	Q86TY3
11719	Q86TZ1
11720	Q86U02
11721	Q86U06
11722	Q86U10
11723	Q86U17
11724	Q86U28
11725	Q86U37
11726	Q86U38
11727	Q86U42
11728	Q86U44
11729	Q86U70
11730	Q86U86
11731	Q86U90
11732	Q86UA1
11733	Q86UA6
11734	Q86UB2
11735	Q86UB9
11736	Q86UC2
11737	Q86UD0
11738	Q86UD1
11739	Q86UD3
11740	Q86UD4
11741	Q86UD5
11742	Q86UD7
11743	Q86UE3
11744	Q86UE4
11745	Q86UE6
11746	Q86UE8
11747	Q86UF1
11748	Q86UF2
11749	Q86UF4
11750	Q86UG4
11751	Q86UK0
11752	Q86UK5
11753	Q86UK7
11754	Q86UL3
11755	Q86UL8
11756	Q86UN2
11757	Q86UN3
11758	Q86UN6
11759	Q86UP0
11760	Q86UP2
11761	Q86UP3
11762	Q86UP6
11763	Q86UP8
11764	Q86UP9
11765	Q86UQ0
11766	Q86UQ4
11767	Q86UQ5
11768	Q86UQ8
11769	Q86UR1
11770	Q86UR5
11771	Q86US8
11772	Q86UT5
11773	Q86UT6
11774	Q86UT8
11775	Q86UU0
11776	Q86UU1
11777	Q86UU5
11778	Q86UU9
11779	Q86UV5
11780	Q86UV6
11781	Q86UV7
11782	Q86UW1
11783	Q86UW2
11784	Q86UW6
11785	Q86UW7
11786	Q86UW8
11787	Q86UW9
11788	Q86UX2
11789	Q86UX6
11790	Q86UX7
11791	Q86UY5
11792	Q86UY6
11793	Q86UY8
11794	Q86UZ6
11795	Q86V15
11796	Q86V20
11797	Q86V21
11798	Q86V24
11799	Q86V25
11800	Q86V35
11801	Q86V40
11802	Q86V42
11803	Q86V48
11804	Q86V59
11805	Q86V71
11806	Q86V81
11807	Q86V85
11808	Q86V86
11809	Q86V87
11810	Q86V88
11811	Q86V97
11812	Q86VB7
11813	Q86VD1
11814	Q86VD7
11815	Q86VD9
11816	Q86VE0
11817	Q86VE3
11818	Q86VE9
11819	Q86VF2
11820	Q86VF5
11821	Q86VF7
11822	Q86VG3
11823	Q86VH2
11824	Q86VH4
11825	Q86VH5
11826	Q86VI1
11827	Q86VI3
11828	Q86VI4
11829	Q86VK4
11830	Q86VL8
11831	Q86VM9
11832	Q86VN1
11833	Q86VP1
11834	Q86VP3
11835	Q86VP6
11836	Q86VQ0
11837	Q86VQ1
11838	Q86VQ3
11839	Q86VQ6
11840	Q86VR2
11841	Q86VR7
11842	Q86VR8
11843	Q86VS3
11844	Q86VS8
11845	Q86VU5
11846	Q86VV4
11847	Q86VV8
11848	Q86VW0
11849	Q86VW1
11850	Q86VW2
11851	Q86VX2
11852	Q86VX9
11853	Q86VY4
11854	Q86VY9
11855	Q86VZ1
11856	Q86VZ2
11857	Q86VZ4
11858	Q86VZ5
11859	Q86VZ6
11860	Q86W10
11861	Q86W11
11862	Q86W24
11863	Q86W25
11864	Q86W26
11865	Q86W28
11866	Q86W33
11867	Q86W34
11868	Q86W42
11869	Q86W47
11870	Q86W50
11871	Q86W54
11872	Q86W56
11873	Q86W67
11874	Q86W74
11875	Q86W92
11876	Q86WA6
11877	Q86WA8
11878	Q86WA9
11879	Q86WB0
11880	Q86WB7
11881	Q86WC4
11882	Q86WC6
11883	Q86WD7
11884	Q86WG3
11885	Q86WG5
11886	Q86WH2
11887	Q86WI0
11888	Q86WI1
11889	Q86WI3
11890	Q86WJ1
11891	Q86WK6
11892	Q86WK7
11893	Q86WK9
11894	Q86WN1
11895	Q86WN2
11896	Q86WP2
11897	Q86WQ0
11898	Q86WR0
11899	Q86WR6
11900	Q86WR7
11901	Q86WS3
11902	Q86WS4
11903	Q86WS5
11904	Q86WT1
11905	Q86WT6
11906	Q86WU2
11907	Q86WV1
11908	Q86WV5
11909	Q86WV6
11910	Q86WW8
11911	Q86WX3
11912	Q86WZ0
11913	Q86WZ6
11914	Q86X02
11915	Q86X10
11916	Q86X19
11917	Q86X24
11918	Q86X27
11919	Q86X29
11920	Q86X40
11921	Q86X45
11922	Q86X51
11923	Q86X52
11924	Q86X53
11925	Q86X55
11926	Q86X59
11927	Q86X60
11928	Q86X67
11929	Q86X76
11930	Q86X83
11931	Q86X95
11932	Q86XA0
11933	Q86XA9
11934	Q86XD5
11935	Q86XD8
11936	Q86XE0
11937	Q86XE3
11938	Q86XE5
11939	Q86XF0
11940	Q86XF7
11941	Q86XG9
11942	Q86XH1
11943	Q86XI2
11944	Q86XI6
11945	Q86XI8
11946	Q86XJ0
11947	Q86XJ1
11948	Q86XK2
11949	Q86XK3
11950	Q86XK7
11951	Q86XL3
11952	Q86XM0
11953	Q86XN6
11954	Q86XN7
11955	Q86XN8
11956	Q86XP0
11957	Q86XP1
11958	Q86XP3
11959	Q86XP6
11960	Q86XQ3
11961	Q86XR2
11962	Q86XR5
11963	Q86XR7
11964	Q86XR8
11965	Q86XS5
11966	Q86XS8
11967	Q86XT2
11968	Q86XT4
11969	Q86XT9
11970	Q86XU0
11971	Q86XW9
11972	Q86XX4
11973	Q86XZ4
11974	Q86Y01
11975	Q86Y07
11976	Q86Y13
11977	Q86Y22
11978	Q86Y25
11979	Q86Y26
11980	Q86Y27
11981	Q86Y28
11982	Q86Y29
11983	Q86Y30
11984	Q86Y33
11985	Q86Y34
11986	Q86Y37
11987	Q86Y38
11988	Q86Y39
11989	Q86Y46
11990	Q86Y56
11991	Q86Y78
11992	Q86Y79
11993	Q86Y82
11994	Q86Y91
11995	Q86Y97
11996	Q86YA3
11997	Q86YB7
11998	Q86YB8
11999	Q86YC2
12000	Q86YC3
12001	Q86YD1
12002	Q86YD3
12003	Q86YD5
12004	Q86YD7
12005	Q86YE8
12006	Q86YF9
12007	Q86YG4
12008	Q86YH2
12009	Q86YH6
12010	Q86YI8
12011	Q86YJ5
12012	Q86YJ6
12013	Q86YJ7
12014	Q86YL5
12015	Q86YL7
12016	Q86YM7
12017	Q86YN1
12018	Q86YN6
12019	Q86YP4
12020	Q86YQ2
12021	Q86YQ8
12022	Q86YR5
12023	Q86YR6
12024	Q86YR7
12025	Q86YS3
12026	Q86YS6
12027	Q86YS7
12028	Q86YT5
12029	Q86YT6
12030	Q86YT9
12031	Q86YV0
12032	Q86YV5
12033	Q86YV6
12034	Q86YV9
12035	Q86YW0
12036	Q86YW5
12037	Q86YW7
12038	Q86YW9
12039	Q86YZ3
12040	Q86Z02
12041	Q86Z14
12042	Q86Z20
12043	Q86Z23
12044	Q8HWS3
12045	Q8IU53
12046	Q8IU54
12047	Q8IU57
12048	Q8IU60
12049	Q8IU68
12050	Q8IU80
12051	Q8IU81
12052	Q8IU85
12053	Q8IU89
12054	Q8IU99
12055	Q8IUA0
12056	Q8IUA7
12057	Q8IUB2
12058	Q8IUB3
12059	Q8IUB5
12060	Q8IUB9
12061	Q8IUC0
12062	Q8IUC1
12063	Q8IUC2
12064	Q8IUC3
12065	Q8IUC4
12066	Q8IUC6
12067	Q8IUC8
12068	Q8IUD2
12069	Q8IUD6
12070	Q8IUE0
12071	Q8IUE1
12072	Q8IUE6
12073	Q8IUF1
12074	Q8IUF8
12075	Q8IUG1
12076	Q8IUG5
12077	Q8IUH2
12078	Q8IUH3
12079	Q8IUH4
12080	Q8IUH5
12081	Q8IUH8
12082	Q8IUI4
12083	Q8IUI8
12084	Q8IUK5
12085	Q8IUK8
12086	Q8IUL8
12087	Q8IUM7
12088	Q8IUN9
12089	Q8IUQ0
12090	Q8IUQ4
12091	Q8IUR0
12092	Q8IUR5
12093	Q8IUR6
12094	Q8IUR7
12095	Q8IUS5
12096	Q8IUW3
12097	Q8IUW5
12098	Q8IUX1
12099	Q8IUX4
12100	Q8IUX7
12101	Q8IUX8
12102	Q8IUY3
12103	Q8IUZ0
12104	Q8IUZ5
12105	Q8IV01
12106	Q8IV03
12107	Q8IV04
12108	Q8IV08
12109	Q8IV13
12110	Q8IV16
12111	Q8IV20
12112	Q8IV31
12113	Q8IV32
12114	Q8IV33
12115	Q8IV35
12116	Q8IV36
12117	Q8IV38
12118	Q8IV42
12119	Q8IV45
12120	Q8IV48
12121	Q8IV50
12122	Q8IV53
12123	Q8IV56
12124	Q8IV61
12125	Q8IV63
12126	Q8IV76
12127	Q8IV77
12128	Q8IVA1
12129	Q8IVB4
12130	Q8IVB5
12131	Q8IVC4
12132	Q8IVD9
12133	Q8IVE0
12134	Q8IVE3
12135	Q8IVF1
12136	Q8IVF2
12137	Q8IVF4
12138	Q8IVF5
12139	Q8IVF6
12140	Q8IVF7
12141	Q8IVG5
12142	Q8IVG9
12143	Q8IVH2
12144	Q8IVH4
12145	Q8IVH8
12146	Q8IVI9
12147	Q8IVJ1
12148	Q8IVJ8
12149	Q8IVK1
12150	Q8IVL0
12151	Q8IVL1
12152	Q8IVL5
12153	Q8IVL6
12154	Q8IVL8
12155	Q8IVM0
12156	Q8IVM8
12157	Q8IVN3
12158	Q8IVN8
12159	Q8IVP5
12160	Q8IVP9
12161	Q8IVQ6
12162	Q8IVS2
12163	Q8IVS8
12164	Q8IVT2
12165	Q8IVT5
12166	Q8IVU1
12167	Q8IVU3
12168	Q8IVU9
12169	Q8IVV2
12170	Q8IVV7
12171	Q8IVV8
12172	Q8IVW1
12173	Q8IVW4
12174	Q8IVW6
12175	Q8IVW8
12176	Q8IVY1
12177	Q8IW00
12178	Q8IW03
12179	Q8IW19
12180	Q8IW35
12181	Q8IW36
12182	Q8IW40
12183	Q8IW41
12184	Q8IW45
12185	Q8IW50
12186	Q8IW52
12187	Q8IW70
12188	Q8IW75
12189	Q8IW92
12190	Q8IW93
12191	Q8IWA0
12192	Q8IWA4
12193	Q8IWA5
12194	Q8IWA6
12195	Q8IWB1
12196	Q8IWB4
12197	Q8IWB6
12198	Q8IWB7
12199	Q8IWB9
12200	Q8IWC1
12201	Q8IWD4
12202	Q8IWD5
12203	Q8IWE2
12204	Q8IWE4
12205	Q8IWE5
12206	Q8IWF2
12207	Q8IWF6
12208	Q8IWF7
12209	Q8IWF9
12210	Q8IWG1
12211	Q8IWI9
12212	Q8IWJ2
12213	Q8IWK6
12214	Q8IWL1
12215	Q8IWL2
12216	Q8IWL3
12217	Q8IWL8
12218	Q8IWN6
12219	Q8IWN7
12220	Q8IWP9
12221	Q8IWQ3
12222	Q8IWR0
12223	Q8IWR1
12224	Q8IWS0
12225	Q8IWT0
12226	Q8IWT1
12227	Q8IWT3
12228	Q8IWT6
12229	Q8IWU2
12230	Q8IWU4
12231	Q8IWU5
12232	Q8IWU6
12233	Q8IWU9
12234	Q8IWV1
12235	Q8IWV2
12236	Q8IWV7
12237	Q8IWV8
12238	Q8IWW6
12239	Q8IWW8
12240	Q8IWX5
12241	Q8IWX7
12242	Q8IWX8
12243	Q8IWY4
12244	Q8IWY8
12245	Q8IWY9
12246	Q8IWZ3
12247	Q8IWZ4
12248	Q8IWZ5
12249	Q8IWZ6
12250	Q8IWZ8
12251	Q8IX01
12252	Q8IX03
12253	Q8IX04
12254	Q8IX05
12255	Q8IX06
12256	Q8IX07
12257	Q8IX12
12258	Q8IX15
12259	Q8IX18
12260	Q8IX19
12261	Q8IX21
12262	Q8IX29
12263	Q8IX30
12264	Q8IX90
12265	Q8IX94
12266	Q8IX95
12267	Q8IXA5
12268	Q8IXB1
12269	Q8IXB3
12270	Q8IXE1
12271	Q8IXF0
12272	Q8IXF9
12273	Q8IXH6
12274	Q8IXH7
12275	Q8IXH8
12276	Q8IXI1
12277	Q8IXI2
12278	Q8IXJ6
12279	Q8IXJ9
12280	Q8IXK0
12281	Q8IXK2
12282	Q8IXL6
12283	Q8IXL7
12284	Q8IXL9
12285	Q8IXM2
12286	Q8IXM3
12287	Q8IXM6
12288	Q8IXM7
12289	Q8IXN7
12290	Q8IXP5
12291	Q8IXQ3
12292	Q8IXQ4
12293	Q8IXQ5
12294	Q8IXQ6
12295	Q8IXQ8
12296	Q8IXQ9
12297	Q8IXR5
12298	Q8IXR9
12299	Q8IXS0
12300	Q8IXS2
12301	Q8IXS8
12302	Q8IXT1
12303	Q8IXT2
12304	Q8IXT5
12305	Q8IXU6
12306	Q8IXV7
12307	Q8IXW0
12308	Q8IXW5
12309	Q8IXX5
12310	Q8IXY8
12311	Q8IXZ2
12312	Q8IXZ3
12313	Q8IY17
12314	Q8IY18
12315	Q8IY21
12316	Q8IY22
12317	Q8IY26
12318	Q8IY31
12319	Q8IY33
12320	Q8IY34
12321	Q8IY37
12322	Q8IY42
12323	Q8IY45
12324	Q8IY47
12325	Q8IY49
12326	Q8IY50
12327	Q8IY51
12328	Q8IY57
12329	Q8IY63
12330	Q8IY67
12331	Q8IY81
12332	Q8IY82
12333	Q8IY84
12334	Q8IY85
12335	Q8IY92
12336	Q8IY95
12337	Q8IYA2
12338	Q8IYA6
12339	Q8IYA7
12340	Q8IYA8
12341	Q8IYB0
12342	Q8IYB1
12343	Q8IYB3
12344	Q8IYB4
12345	Q8IYB5
12346	Q8IYB7
12347	Q8IYB8
12348	Q8IYB9
12349	Q8IYD1
12350	Q8IYD2
12351	Q8IYD8
12352	Q8IYD9
12353	Q8IYE0
12354	Q8IYE1
12355	Q8IYF1
12356	Q8IYF3
12357	Q8IYG6
12358	Q8IYH5
12359	Q8IYI0
12360	Q8IYI6
12361	Q8IYI8
12362	Q8IYJ0
12363	Q8IYJ1
12364	Q8IYJ2
12365	Q8IYJ3
12366	Q8IYK2
12367	Q8IYK4
12368	Q8IYK8
12369	Q8IYL2
12370	Q8IYL3
12371	Q8IYL9
12372	Q8IYM0
12373	Q8IYM1
12374	Q8IYM2
12375	Q8IYM9
12376	Q8IYN0
12377	Q8IYN2
12378	Q8IYN6
12379	Q8IYP2
12380	Q8IYP9
12381	Q8IYQ7
12382	Q8IYR0
12383	Q8IYR2
12384	Q8IYR6
12385	Q8IYS0
12386	Q8IYS1
12387	Q8IYS2
12388	Q8IYS4
12389	Q8IYS5
12390	Q8IYS8
12391	Q8IYT1
12392	Q8IYT2
12393	Q8IYT3
12394	Q8IYT4
12395	Q8IYT8
12396	Q8IYU2
12397	Q8IYU4
12398	Q8IYU8
12399	Q8IYV9
12400	Q8IYW2
12401	Q8IYW4
12402	Q8IYW5
12403	Q8IYX0
12404	Q8IYX1
12405	Q8IYX3
12406	Q8IYX4
12407	Q8IYX7
12408	Q8IYX8
12409	Q8IYY4
12410	Q8IZ02
12411	Q8IZ07
12412	Q8IZ08
12413	Q8IZ13
12414	Q8IZ16
12415	Q8IZ20
12416	Q8IZ21
12417	Q8IZ26
12418	Q8IZ40
12419	Q8IZ41
12420	Q8IZ52
12421	Q8IZ57
12422	Q8IZ63
12423	Q8IZ69
12424	Q8IZ73
12425	Q8IZ81
12426	Q8IZ83
12427	Q8IZ96
12428	Q8IZA0
12429	Q8IZA3
12430	Q8IZC4
12431	Q8IZC6
12432	Q8IZC7
12433	Q8IZD0
12434	Q8IZD2
12435	Q8IZD4
12436	Q8IZD6
12437	Q8IZD9
12438	Q8IZE3
12439	Q8IZF0
12440	Q8IZF2
12441	Q8IZF3
12442	Q8IZF4
12443	Q8IZF5
12444	Q8IZF6
12445	Q8IZF7
12446	Q8IZH2
12447	Q8IZI9
12448	Q8IZJ0
12449	Q8IZJ1
12450	Q8IZJ3
12451	Q8IZJ4
12452	Q8IZJ6
12453	Q8IZK6
12454	Q8IZL2
12455	Q8IZL8
12456	Q8IZL9
12457	Q8IZM0
12458	Q8IZM8
12459	Q8IZM9
12460	Q8IZN3
12461	Q8IZN7
12462	Q8IZP0
12463	Q8IZP1
12464	Q8IZP2
12465	Q8IZP6
12466	Q8IZP7
12467	Q8IZP9
12468	Q8IZQ1
12469	Q8IZQ5
12470	Q8IZQ8
12471	Q8IZR5
12472	Q8IZS5
12473	Q8IZS6
12474	Q8IZS7
12475	Q8IZS8
12476	Q8IZT6
12477	Q8IZT8
12478	Q8IZT9
12479	Q8IZU0
12480	Q8IZU1
12481	Q8IZU2
12482	Q8IZU3
12483	Q8IZU8
12484	Q8IZU9
12485	Q8IZV2
12486	Q8IZV5
12487	Q8IZW8
12488	Q8IZX4
12489	Q8IZY2
12490	Q8IZY5
12491	Q8J025
12492	Q8MH63
12493	Q8N0S2
12494	Q8N0S6
12495	Q8N0T1
12496	Q8N0U2
12497	Q8N0U4
12498	Q8N0U6
12499	Q8N0U7
12500	Q8N0U8
12501	Q8N0V1
12502	Q8N0V3
12503	Q8N0V4
12504	Q8N0V5
12505	Q8N0W3
12506	Q8N0W4
12507	Q8N0W5
12508	Q8N0W7
12509	Q8N0X2
12510	Q8N0X4
12511	Q8N0X7
12512	Q8N0Y2
12513	Q8N0Y3
12514	Q8N0Y5
12515	Q8N0Y7
12516	Q8N0Z2
12517	Q8N0Z3
12518	Q8N0Z6
12519	Q8N0Z8
12520	Q8N0Z9
12521	Q8N100
12522	Q8N103
12523	Q8N104
12524	Q8N108
12525	Q8N109
12526	Q8N111
12527	Q8N112
12528	Q8N114
12529	Q8N118
12530	Q8N119
12531	Q8N122
12532	Q8N123
12533	Q8N126
12534	Q8N127
12535	Q8N128
12536	Q8N129
12537	Q8N130
12538	Q8N131
12539	Q8N135
12540	Q8N136
12541	Q8N137
12542	Q8N138
12543	Q8N139
12544	Q8N140
12545	Q8N141
12546	Q8N142
12547	Q8N143
12548	Q8N144
12549	Q8N145
12550	Q8N146
12551	Q8N148
12552	Q8N149
12553	Q8N157
12554	Q8N158
12555	Q8N159
12556	Q8N162
12557	Q8N163
12558	Q8N165
12559	Q8N183
12560	Q8N184
12561	Q8N187
12562	Q8N196
12563	Q8N1A0
12564	Q8N1A6
12565	Q8N1B3
12566	Q8N1B4
12567	Q8N1C3
12568	Q8N1D0
12569	Q8N1D5
12570	Q8N1E2
12571	Q8N1E6
12572	Q8N1F7
12573	Q8N1F8
12574	Q8N1G0
12575	Q8N1G1
12576	Q8N1G2
12577	Q8N1G4
12578	Q8N1H7
12579	Q8N1I0
12580	Q8N1I8
12581	Q8N1K5
12582	Q8N1L1
12583	Q8N1L4
12584	Q8N1L9
12585	Q8N1M1
12586	Q8N1N0
12587	Q8N1N2
12588	Q8N1N4
12589	Q8N1P7
12590	Q8N1Q1
12591	Q8N1Q8
12592	Q8N1S5
12593	Q8N1T3
12594	Q8N1V2
12595	Q8N1V8
12596	Q8N1W1
12597	Q8N1W2
12598	Q8N1X5
12599	Q8N1Y9
12600	Q8N201
12601	Q8N205
12602	Q8N228
12603	Q8N239
12604	Q8N257
12605	Q8N264
12606	Q8N271
12607	Q8N283
12608	Q8N292
12609	Q8N2A0
12610	Q8N2A8
12611	Q8N2B8
12612	Q8N2C3
12613	Q8N2C7
12614	Q8N2C9
12615	Q8N2E2
12616	Q8N2E6
12617	Q8N2F6
12618	Q8N2G4
12619	Q8N2G6
12620	Q8N2G8
12621	Q8N2H3
12622	Q8N2H4
12623	Q8N2H9
12624	Q8N2I2
12625	Q8N2I9
12626	Q8N2K0
12627	Q8N2K1
12628	Q8N2M4
12629	Q8N2M8
12630	Q8N2N9
12631	Q8N2Q7
12632	Q8N2R0
12633	Q8N2R8
12634	Q8N2S1
12635	Q8N2U0
12636	Q8N2U9
12637	Q8N2W9
12638	Q8N2X6
12639	Q8N2Y8
12640	Q8N2Z9
12641	Q8N300
12642	Q8N302
12643	Q8N307
12644	Q8N309
12645	Q8N319
12646	Q8N323
12647	Q8N326
12648	Q8N328
12649	Q8N335
12650	Q8N336
12651	Q8N339
12652	Q8N344
12653	Q8N349
12654	Q8N350
12655	Q8N357
12656	Q8N365
12657	Q8N370
12658	Q8N371
12659	Q8N377
12660	Q8N386
12661	Q8N387
12662	Q8N392
12663	Q8N393
12664	Q8N394
12665	Q8N398
12666	Q8N3A8
12667	Q8N3C0
12668	Q8N3C7
12669	Q8N3D4
12670	Q8N3E9
12671	Q8N3F0
12672	Q8N3F8
12673	Q8N3F9
12674	Q8N3G9
12675	Q8N3H0
12676	Q8N3I7
12677	Q8N3J2
12678	Q8N3J3
12679	Q8N3J5
12680	Q8N3J6
12681	Q8N3J9
12682	Q8N3K9
12683	Q8N3L3
12684	Q8N3P4
12685	Q8N3R3
12686	Q8N3R9
12687	Q8N3S3
12688	Q8N3T1
12689	Q8N3T6
12690	Q8N3U1
12691	Q8N3U4
12692	Q8N3V7
12693	Q8N3X1
12694	Q8N3X6
12695	Q8N3Y1
12696	Q8N3Y3
12697	Q8N3Y7
12698	Q8N3Z0
12699	Q8N3Z3
12700	Q8N3Z6
12701	Q8N412
12702	Q8N413
12703	Q8N414
12704	Q8N423
12705	Q8N427
12706	Q8N428
12707	Q8N431
12708	Q8N434
12709	Q8N436
12710	Q8N441
12711	Q8N442
12712	Q8N443
12713	Q8N446
12714	Q8N448
12715	Q8N456
12716	Q8N461
12717	Q8N465
12718	Q8N468
12719	Q8N474
12720	Q8N475
12721	Q8N485
12722	Q8N488
12723	Q8N490
12724	Q8N4A0
12725	Q8N4B1
12726	Q8N4B4
12727	Q8N4B5
12728	Q8N4C6
12729	Q8N4C7
12730	Q8N4C8
12731	Q8N4C9
12732	Q8N4E4
12733	Q8N4E7
12734	Q8N4F0
12735	Q8N4F4
12736	Q8N4F7
12737	Q8N4G2
12738	Q8N4H0
12739	Q8N4H5
12740	Q8N4J0
12741	Q8N4K4
12742	Q8N4L1
12743	Q8N4L2
12744	Q8N4L4
12745	Q8N4L8
12746	Q8N4M1
12747	Q8N4M7
12748	Q8N4N3
12749	Q8N4N8
12750	Q8N4P2
12751	Q8N4P3
12752	Q8N4P6
12753	Q8N4Q0
12754	Q8N4Q1
12755	Q8N4S0
12756	Q8N4S7
12757	Q8N4S9
12758	Q8N4T0
12759	Q8N4T4
12760	Q8N4T8
12761	Q8N4U5
12762	Q8N4V1
12763	Q8N4V2
12764	Q8N4W6
12765	Q8N4W9
12766	Q8N4X5
12767	Q8N4Y2
12768	Q8N4Z0
12769	Q8N511
12770	Q8N531
12771	Q8N535
12772	Q8N539
12773	Q8N543
12774	Q8N554
12775	Q8N556
12776	Q8N565
12777	Q8N567
12778	Q8N568
12779	Q8N573
12780	Q8N584
12781	Q8N587
12782	Q8N594
12783	Q8N5A5
12784	Q8N5B7
12785	Q8N5C1
12786	Q8N5C6
12787	Q8N5C7
12788	Q8N5C8
12789	Q8N5D0
12790	Q8N5D6
12791	Q8N5F7
12792	Q8N5G0
12793	Q8N5G2
12794	Q8N5H3
12795	Q8N5H7
12796	Q8N5I2
12797	Q8N5I3
12798	Q8N5I4
12799	Q8N5I9
12800	Q8N5J2
12801	Q8N5J4
12802	Q8N5K1
12803	Q8N5L8
12804	Q8N5M1
12805	Q8N5M4
12806	Q8N5M9
12807	Q8N5N4
12808	Q8N5N7
12809	Q8N5P1
12810	Q8N5Q1
12811	Q8N5R6
12812	Q8N5S1
12813	Q8N5S3
12814	Q8N5S9
12815	Q8N5T2
12816	Q8N5U0
12817	Q8N5U1
12818	Q8N5U6
12819	Q8N5V2
12820	Q8N5W8
12821	Q8N5W9
12822	Q8N5X7
12823	Q8N5Y2
12824	Q8N5Y8
12825	Q8N5Z0
12826	Q8N5Z5
12827	Q8N608
12828	Q8N609
12829	Q8N612
12830	Q8N614
12831	Q8N616
12832	Q8N628
12833	Q8N635
12834	Q8N653
12835	Q8N660
12836	Q8N661
12837	Q8N668
12838	Q8N680
12839	Q8N682
12840	Q8N684
12841	Q8N687
12842	Q8N688
12843	Q8N690
12844	Q8N693
12845	Q8N695
12846	Q8N697
12847	Q8N699
12848	Q8N6C5
12849	Q8N6C7
12850	Q8N6C8
12851	Q8N6D2
12852	Q8N6D5
12853	Q8N6F1
12854	Q8N6F7
12855	Q8N6F8
12856	Q8N6G2
12857	Q8N6G5
12858	Q8N6G6
12859	Q8N6H7
12860	Q8N6I1
12861	Q8N6I4
12862	Q8N6K0
12863	Q8N6K4
12864	Q8N6K7
12865	Q8N6L0
12866	Q8N6L1
12867	Q8N6L7
12868	Q8N6M0
12869	Q8N6M3
12870	Q8N6M5
12871	Q8N6M6
12872	Q8N6M8
12873	Q8N6M9
12874	Q8N6N2
12875	Q8N6N3
12876	Q8N6N6
12877	Q8N6N7
12878	Q8N6P7
12879	Q8N6Q1
12880	Q8N6Q3
12881	Q8N6Q8
12882	Q8N6R0
12883	Q8N6R1
12884	Q8N6S4
12885	Q8N6S5
12886	Q8N6T0
12887	Q8N6T3
12888	Q8N6T7
12889	Q8N6U2
12890	Q8N6U8
12891	Q8N6V4
12892	Q8N6V9
12893	Q8N6W0
12894	Q8N6Y0
12895	Q8N6Y1
12896	Q8N6Y2
12897	Q8N715
12898	Q8N720
12899	Q8N726
12900	Q8N729
12901	Q8N743
12902	Q8N752
12903	Q8N755
12904	Q8N766
12905	Q8N769
12906	Q8N782
12907	Q8N7A1
12908	Q8N7B1
12909	Q8N7B6
12910	Q8N7B9
12911	Q8N7C0
12912	Q8N7C3
12913	Q8N7C4
12914	Q8N7C7
12915	Q8N7E2
12916	Q8N7F7
12917	Q8N7G0
12918	Q8N7H1
12919	Q8N7H5
12920	Q8N7J2
12921	Q8N7K0
12922	Q8N7L0
12923	Q8N7M0
12924	Q8N7M2
12925	Q8N7N1
12926	Q8N7P1
12927	Q8N7P3
12928	Q8N7P7
12929	Q8N7Q2
12930	Q8N7Q3
12931	Q8N7R0
12932	Q8N7R1
12933	Q8N7R7
12934	Q8N7S2
12935	Q8N7S6
12936	Q8N7U6
12937	Q8N7U7
12938	Q8N7U9
12939	Q8N7W2
12940	Q8N7X0
12941	Q8N7X1
12942	Q8N7X2
12943	Q8N7X4
12944	Q8N7X8
12945	Q8N7Y1
12946	Q8N7Z2
12947	Q8N7Z5
12948	Q8N801
12949	Q8N806
12950	Q8N807
12951	Q8N808
12952	Q8N812
12953	Q8N813
12954	Q8N814
12955	Q8N815
12956	Q8N816
12957	Q8N819
12958	Q8N823
12959	Q8N831
12960	Q8N841
12961	Q8N859
12962	Q8N865
12963	Q8N878
12964	Q8N883
12965	Q8N884
12966	Q8N888
12967	Q8N895
12968	Q8N8A2
12969	Q8N8A6
12970	Q8N8A8
12971	Q8N8B7
12972	Q8N8C0
12973	Q8N8D1
12974	Q8N8D7
12975	Q8N8E1
12976	Q8N8E2
12977	Q8N8E3
12978	Q8N8F6
12979	Q8N8F7
12980	Q8N8G2
12981	Q8N8G6
12982	Q8N8H1
12983	Q8N8I0
12984	Q8N8I6
12985	Q8N8J0
12986	Q8N8J6
12987	Q8N8J7
12988	Q8N8K9
12989	Q8N8L2
12990	Q8N8L6
12991	Q8N8M0
12992	Q8N8N0
12993	Q8N8N7
12994	Q8N8P6
12995	Q8N8Q1
12996	Q8N8Q3
12997	Q8N8Q8
12998	Q8N8Q9
12999	Q8N8R3
13000	Q8N8R5
13001	Q8N8R7
13002	Q8N8S7
13003	Q8N8U2
13004	Q8N8U3
13005	Q8N8U9
13006	Q8N8V2
13007	Q8N8V4
13008	Q8N8V8
13009	Q8N8W4
13010	Q8N8X9
13011	Q8N8Y2
13012	Q8N8Y5
13013	Q8N8Z3
13014	Q8N8Z6
13015	Q8N8Z8
13016	Q8N907
13017	Q8N910
13018	Q8N912
13019	Q8N944
13020	Q8N945
13021	Q8N954
13022	Q8N957
13023	Q8N960
13024	Q8N961
13025	Q8N966
13026	Q8N967
13027	Q8N972
13028	Q8N976
13029	Q8N983
13030	Q8N987
13031	Q8N988
13032	Q8N998
13033	Q8N999
13034	Q8N9A8
13035	Q8N9B4
13036	Q8N9B5
13037	Q8N9B8
13038	Q8N9C0
13039	Q8N9E0
13040	Q8N9F0
13041	Q8N9F7
13042	Q8N9F8
13043	Q8N9G6
13044	Q8N9H8
13045	Q8N9H9
13046	Q8N9I0
13047	Q8N9I5
13048	Q8N9I9
13049	Q8N9K5
13050	Q8N9L1
13051	Q8N9L7
13052	Q8N9L9
13053	Q8N9M1
13054	Q8N9M5
13055	Q8N9N2
13056	Q8N9N5
13057	Q8N9N7
13058	Q8N9N8
13059	Q8N9P0
13060	Q8N9P6
13061	Q8N9Q2
13062	Q8N9R0
13063	Q8N9R6
13064	Q8N9R8
13065	Q8N9S9
13066	Q8N9T2
13067	Q8N9T8
13068	Q8N9U0
13069	Q8N9U9
13070	Q8N9V2
13071	Q8N9V3
13072	Q8N9V6
13073	Q8N9V7
13074	Q8N9W4
13075	Q8N9W5
13076	Q8N9W6
13077	Q8N9W7
13078	Q8N9W8
13079	Q8N9X3
13080	Q8N9X5
13081	Q8N9Y4
13082	Q8N9Z0
13083	Q8N9Z2
13084	Q8N9Z9
13085	Q8NA03
13086	Q8NA19
13087	Q8NA23
13088	Q8NA29
13089	Q8NA31
13090	Q8NA42
13091	Q8NA47
13092	Q8NA54
13093	Q8NA56
13094	Q8NA57
13095	Q8NA58
13096	Q8NA61
13097	Q8NA66
13098	Q8NA69
13099	Q8NA70
13100	Q8NA72
13101	Q8NA75
13102	Q8NA77
13103	Q8NA82
13104	Q8NA92
13105	Q8NA96
13106	Q8NA97
13107	Q8NAA4
13108	Q8NAA5
13109	Q8NAA6
13110	Q8NAB2
13111	Q8NAC3
13112	Q8NAE3
13113	Q8NAF0
13114	Q8NAG6
13115	Q8NAJ2
13116	Q8NAM6
13117	Q8NAN2
13118	Q8NAP1
13119	Q8NAP3
13120	Q8NAP8
13121	Q8NAQ8
13122	Q8NAT1
13123	Q8NAT2
13124	Q8NAU1
13125	Q8NAV1
13126	Q8NAV2
13127	Q8NAX2
13128	Q8NB12
13129	Q8NB14
13130	Q8NB15
13131	Q8NB16
13132	Q8NB25
13133	Q8NB37
13134	Q8NB42
13135	Q8NB46
13136	Q8NB49
13137	Q8NB50
13138	Q8NB59
13139	Q8NB66
13140	Q8NB78
13141	Q8NB90
13142	Q8NB91
13143	Q8NBA8
13144	Q8NBB2
13145	Q8NBB4
13146	Q8NBC4
13147	Q8NBD8
13148	Q8NBE8
13149	Q8NBF1
13150	Q8NBF2
13151	Q8NBF4
13152	Q8NBF6
13153	Q8NBH2
13154	Q8NBI2
13155	Q8NBI3
13156	Q8NBI5
13157	Q8NBI6
13158	Q8NBJ4
13159	Q8NBJ5
13160	Q8NBJ7
13161	Q8NBJ9
13162	Q8NBK3
13163	Q8NBL1
13164	Q8NBL3
13165	Q8NBM4
13166	Q8NBM8
13167	Q8NBN3
13168	Q8NBN7
13169	Q8NBP0
13170	Q8NBP5
13171	Q8NBP7
13172	Q8NBQ5
13173	Q8NBQ7
13174	Q8NBR0
13175	Q8NBR6
13176	Q8NBR9
13177	Q8NBS3
13178	Q8NBS9
13179	Q8NBT0
13180	Q8NBT2
13181	Q8NBT3
13182	Q8NBU5
13183	Q8NBV4
13184	Q8NBV8
13185	Q8NBW4
13186	Q8NBX0
13187	Q8NBZ0
13188	Q8NBZ7
13189	Q8NBZ9
13190	Q8NC01
13191	Q8NC06
13192	Q8NC24
13193	Q8NC26
13194	Q8NC38
13195	Q8NC42
13196	Q8NC44
13197	Q8NC51
13198	Q8NC54
13199	Q8NC56
13200	Q8NC60
13201	Q8NC67
13202	Q8NC69
13203	Q8NC74
13204	Q8NC96
13205	Q8NCA5
13206	Q8NCA9
13207	Q8NCB2
13208	Q8NCC3
13209	Q8NCC5
13210	Q8NCD3
13211	Q8NCE0
13212	Q8NCE2
13213	Q8NCF0
13214	Q8NCF5
13215	Q8NCG5
13216	Q8NCG7
13217	Q8NCH0
13218	Q8NCI6
13219	Q8NCJ5
13220	Q8NCK3
13221	Q8NCK7
13222	Q8NCL4
13223	Q8NCL8
13224	Q8NCL9
13225	Q8NCM2
13226	Q8NCM8
13227	Q8NCN2
13228	Q8NCN4
13229	Q8NCN5
13230	Q8NCP5
13231	Q8NCQ2
13232	Q8NCQ3
13233	Q8NCQ5
13234	Q8NCQ7
13235	Q8NCR0
13236	Q8NCR3
13237	Q8NCR6
13238	Q8NCR9
13239	Q8NCS4
13240	Q8NCS7
13241	Q8NCT1
13242	Q8NCT3
13243	Q8NCU1
13244	Q8NCU4
13245	Q8NCU7
13246	Q8NCU8
13247	Q8NCV1
13248	Q8NCW0
13249	Q8NCW5
13250	Q8NCW6
13251	Q8NCX0
13252	Q8NCY6
13253	Q8ND04
13254	Q8ND07
13255	Q8ND23
13256	Q8ND24
13257	Q8ND25
13258	Q8ND30
13259	Q8ND56
13260	Q8ND61
13261	Q8ND71
13262	Q8ND76
13263	Q8ND82
13264	Q8ND83
13265	Q8ND90
13266	Q8ND94
13267	Q8NDA2
13268	Q8NDA8
13269	Q8NDB2
13270	Q8NDB6
13271	Q8NDC0
13272	Q8NDC4
13273	Q8NDD1
13274	Q8NDF8
13275	Q8NDG6
13276	Q8NDH2
13277	Q8NDH3
13278	Q8NDH6
13279	Q8NDI1
13280	Q8NDL9
13281	Q8NDM7
13282	Q8NDN9
13283	Q8NDP4
13284	Q8NDQ6
13285	Q8NDT2
13286	Q8NDV1
13287	Q8NDV2
13288	Q8NDV3
13289	Q8NDV7
13290	Q8NDW4
13291	Q8NDW8
13292	Q8NDX1
13293	Q8NDX2
13294	Q8NDX5
13295	Q8NDX6
13296	Q8NDX9
13297	Q8NDY3
13298	Q8NDY4
13299	Q8NDY6
13300	Q8NDY8
13301	Q8NDZ0
13302	Q8NDZ2
13303	Q8NDZ4
13304	Q8NDZ6
13305	Q8NE00
13306	Q8NE01
13307	Q8NE09
13308	Q8NE18
13309	Q8NE22
13310	Q8NE28
13311	Q8NE31
13312	Q8NE35
13313	Q8NE62
13314	Q8NE63
13315	Q8NE65
13316	Q8NE71
13317	Q8NE79
13318	Q8NE86
13319	Q8NEA4
13320	Q8NEA5
13321	Q8NEA6
13322	Q8NEA9
13323	Q8NEB5
13324	Q8NEB7
13325	Q8NEB9
13326	Q8NEC5
13327	Q8NEC7
13328	Q8NEE0
13329	Q8NEE6
13330	Q8NEE8
13331	Q8NEF3
13332	Q8NEF9
13333	Q8NEG0
13334	Q8NEG2
13335	Q8NEG4
13336	Q8NEG5
13337	Q8NEG7
13338	Q8NEH6
13339	Q8NEJ0
13340	Q8NEJ9
13341	Q8NEK5
13342	Q8NEK8
13343	Q8NEL0
13344	Q8NEL9
13345	Q8NEM0
13346	Q8NEM1
13347	Q8NEM2
13348	Q8NEM7
13349	Q8NEM8
13350	Q8NEN0
13351	Q8NEN9
13352	Q8NEP3
13353	Q8NEP7
13354	Q8NEP9
13355	Q8NEQ5
13356	Q8NEQ6
13357	Q8NER1
13358	Q8NER5
13359	Q8NES3
13360	Q8NES8
13361	Q8NET1
13362	Q8NET4
13363	Q8NET5
13364	Q8NET6
13365	Q8NET8
13366	Q8NEU8
13367	Q8NEV1
13368	Q8NEV4
13369	Q8NEV8
13370	Q8NEV9
13371	Q8NEW0
13372	Q8NEW7
13373	Q8NEX5
13374	Q8NEX6
13375	Q8NEX9
13376	Q8NEY1
13377	Q8NEY3
13378	Q8NEY4
13379	Q8NEY8
13380	Q8NEZ2
13381	Q8NEZ3
13382	Q8NEZ4
13383	Q8NEZ5
13384	Q8NF37
13385	Q8NF50
13386	Q8NF64
13387	Q8NF67
13388	Q8NF86
13389	Q8NF91
13390	Q8NF99
13391	Q8NFA0
13392	Q8NFA2
13393	Q8NFB2
13394	Q8NFC6
13395	Q8NFD2
13396	Q8NFD4
13397	Q8NFD5
13398	Q8NFF2
13399	Q8NFF5
13400	Q8NFG4
13401	Q8NFH3
13402	Q8NFH4
13403	Q8NFH5
13404	Q8NFH8
13405	Q8NFI3
13406	Q8NFI4
13407	Q8NFJ5
13408	Q8NFJ6
13409	Q8NFJ8
13410	Q8NFJ9
13411	Q8NFK1
13412	Q8NFL0
13413	Q8NFM4
13414	Q8NFM7
13415	Q8NFN8
13416	Q8NFP0
13417	Q8NFP4
13418	Q8NFP7
13419	Q8NFP9
13420	Q8NFQ5
13421	Q8NFQ6
13422	Q8NFQ8
13423	Q8NFR3
13424	Q8NFR7
13425	Q8NFR9
13426	Q8NFT2
13427	Q8NFT6
13428	Q8NFT8
13429	Q8NFU0
13430	Q8NFU1
13431	Q8NFU3
13432	Q8NFU4
13433	Q8NFU5
13434	Q8NFU7
13435	Q8NFV4
13436	Q8NFV5
13437	Q8NFW1
13438	Q8NFW5
13439	Q8NFW8
13440	Q8NFW9
13441	Q8NFX7
13442	Q8NFY4
13443	Q8NFY9
13444	Q8NFZ0
13445	Q8NFZ3
13446	Q8NFZ4
13447	Q8NFZ5
13448	Q8NFZ6
13449	Q8NFZ8
13450	Q8NG04
13451	Q8NG06
13452	Q8NG08
13453	Q8NG11
13454	Q8NG27
13455	Q8NG31
13456	Q8NG35
13457	Q8NG41
13458	Q8NG48
13459	Q8NG50
13460	Q8NG66
13461	Q8NG68
13462	Q8NG75
13463	Q8NG76
13464	Q8NG77
13465	Q8NG78
13466	Q8NG80
13467	Q8NG81
13468	Q8NG83
13469	Q8NG84
13470	Q8NG85
13471	Q8NG92
13472	Q8NG94
13473	Q8NG95
13474	Q8NG97
13475	Q8NG98
13476	Q8NG99
13477	Q8NGA0
13478	Q8NGA1
13479	Q8NGA2
13480	Q8NGA4
13481	Q8NGA5
13482	Q8NGA6
13483	Q8NGA8
13484	Q8NGB2
13485	Q8NGB4
13486	Q8NGB6
13487	Q8NGB8
13488	Q8NGB9
13489	Q8NGC0
13490	Q8NGC1
13491	Q8NGC2
13492	Q8NGC3
13493	Q8NGC4
13494	Q8NGC5
13495	Q8NGC6
13496	Q8NGC7
13497	Q8NGC8
13498	Q8NGC9
13499	Q8NGD0
13500	Q8NGD1
13501	Q8NGD2
13502	Q8NGD3
13503	Q8NGD4
13504	Q8NGD5
13505	Q8NGE0
13506	Q8NGE1
13507	Q8NGE2
13508	Q8NGE3
13509	Q8NGE5
13510	Q8NGE7
13511	Q8NGE8
13512	Q8NGE9
13513	Q8NGF0
13514	Q8NGF1
13515	Q8NGF3
13516	Q8NGF4
13517	Q8NGF6
13518	Q8NGF7
13519	Q8NGF8
13520	Q8NGF9
13521	Q8NGG0
13522	Q8NGG1
13523	Q8NGG2
13524	Q8NGG3
13525	Q8NGG4
13526	Q8NGG5
13527	Q8NGG6
13528	Q8NGG7
13529	Q8NGG8
13530	Q8NGH3
13531	Q8NGH5
13532	Q8NGH6
13533	Q8NGH7
13534	Q8NGH8
13535	Q8NGH9
13536	Q8NGI0
13537	Q8NGI1
13538	Q8NGI2
13539	Q8NGI3
13540	Q8NGI4
13541	Q8NGI6
13542	Q8NGI7
13543	Q8NGI8
13544	Q8NGI9
13545	Q8NGJ0
13546	Q8NGJ1
13547	Q8NGJ2
13548	Q8NGJ3
13549	Q8NGJ4
13550	Q8NGJ5
13551	Q8NGJ6
13552	Q8NGJ7
13553	Q8NGJ8
13554	Q8NGJ9
13555	Q8NGK0
13556	Q8NGK1
13557	Q8NGK2
13558	Q8NGK3
13559	Q8NGK4
13560	Q8NGK5
13561	Q8NGK6
13562	Q8NGK9
13563	Q8NGL0
13564	Q8NGL1
13565	Q8NGL2
13566	Q8NGL3
13567	Q8NGL4
13568	Q8NGL6
13569	Q8NGL7
13570	Q8NGL9
13571	Q8NGM1
13572	Q8NGM8
13573	Q8NGM9
13574	Q8NGN0
13575	Q8NGN1
13576	Q8NGN2
13577	Q8NGN3
13578	Q8NGN4
13579	Q8NGN5
13580	Q8NGN6
13581	Q8NGN7
13582	Q8NGN8
13583	Q8NGP0
13584	Q8NGP2
13585	Q8NGP3
13586	Q8NGP4
13587	Q8NGP6
13588	Q8NGP8
13589	Q8NGP9
13590	Q8NGQ1
13591	Q8NGQ2
13592	Q8NGQ3
13593	Q8NGQ4
13594	Q8NGQ5
13595	Q8NGQ6
13596	Q8NGR1
13597	Q8NGR2
13598	Q8NGR3
13599	Q8NGR4
13600	Q8NGR5
13601	Q8NGR6
13602	Q8NGR8
13603	Q8NGR9
13604	Q8NGS0
13605	Q8NGS1
13606	Q8NGS2
13607	Q8NGS3
13608	Q8NGS4
13609	Q8NGS5
13610	Q8NGS6
13611	Q8NGS7
13612	Q8NGS8
13613	Q8NGS9
13614	Q8NGT0
13615	Q8NGT1
13616	Q8NGT2
13617	Q8NGT5
13618	Q8NGT7
13619	Q8NGT9
13620	Q8NGU1
13621	Q8NGU2
13622	Q8NGU4
13623	Q8NGU9
13624	Q8NGV0
13625	Q8NGV5
13626	Q8NGV6
13627	Q8NGV7
13628	Q8NGW1
13629	Q8NGW6
13630	Q8NGX0
13631	Q8NGX1
13632	Q8NGX2
13633	Q8NGX3
13634	Q8NGX5
13635	Q8NGX6
13636	Q8NGX8
13637	Q8NGX9
13638	Q8NGY0
13639	Q8NGY1
13640	Q8NGY2
13641	Q8NGY3
13642	Q8NGY5
13643	Q8NGY6
13644	Q8NGY7
13645	Q8NGY9
13646	Q8NGZ0
13647	Q8NGZ2
13648	Q8NGZ3
13649	Q8NGZ4
13650	Q8NGZ5
13651	Q8NGZ6
13652	Q8NGZ9
13653	Q8NH00
13654	Q8NH01
13655	Q8NH02
13656	Q8NH03
13657	Q8NH04
13658	Q8NH05
13659	Q8NH06
13660	Q8NH07
13661	Q8NH08
13662	Q8NH09
13663	Q8NH10
13664	Q8NH16
13665	Q8NH18
13666	Q8NH19
13667	Q8NH21
13668	Q8NH37
13669	Q8NH40
13670	Q8NH41
13671	Q8NH42
13672	Q8NH43
13673	Q8NH48
13674	Q8NH49
13675	Q8NH50
13676	Q8NH51
13677	Q8NH53
13678	Q8NH54
13679	Q8NH55
13680	Q8NH56
13681	Q8NH57
13682	Q8NH59
13683	Q8NH60
13684	Q8NH61
13685	Q8NH63
13686	Q8NH64
13687	Q8NH67
13688	Q8NH69
13689	Q8NH70
13690	Q8NH72
13691	Q8NH73
13692	Q8NH74
13693	Q8NH76
13694	Q8NH79
13695	Q8NH80
13696	Q8NH81
13697	Q8NH83
13698	Q8NH85
13699	Q8NH87
13700	Q8NH89
13701	Q8NH90
13702	Q8NH92
13703	Q8NH93
13704	Q8NH94
13705	Q8NH95
13706	Q8NHA4
13707	Q8NHA6
13708	Q8NHA8
13709	Q8NHB1
13710	Q8NHB7
13711	Q8NHB8
13712	Q8NHC4
13713	Q8NHC5
13714	Q8NHC6
13715	Q8NHC7
13716	Q8NHC8
13717	Q8NHE4
13718	Q8NHG7
13719	Q8NHG8
13720	Q8NHH1
13721	Q8NHH9
13722	Q8NHJ6
13723	Q8NHK3
13724	Q8NHL6
13725	Q8NHM4
13726	Q8NHM5
13727	Q8NHP1
13728	Q8NHP6
13729	Q8NHP7
13730	Q8NHP8
13731	Q8NHQ1
13732	Q8NHQ8
13733	Q8NHQ9
13734	Q8NHR7
13735	Q8NHR9
13736	Q8NHS0
13737	Q8NHS1
13738	Q8NHS2
13739	Q8NHS3
13740	Q8NHS4
13741	Q8NHS9
13742	Q8NHU0
13743	Q8NHU2
13744	Q8NHU3
13745	Q8NHU6
13746	Q8NHV1
13747	Q8NHV4
13748	Q8NHV5
13749	Q8NHV9
13750	Q8NHW3
13751	Q8NHW4
13752	Q8NHW5
13753	Q8NHW6
13754	Q8NHX4
13755	Q8NHX9
13756	Q8NHY0
13757	Q8NHY2
13758	Q8NHY3
13759	Q8NHY5
13760	Q8NHY6
13761	Q8NHZ7
13762	Q8NHZ8
13763	Q8NI08
13764	Q8NI17
13765	Q8NI22
13766	Q8NI27
13767	Q8NI28
13768	Q8NI29
13769	Q8NI32
13770	Q8NI35
13771	Q8NI36
13772	Q8NI37
13773	Q8NI38
13774	Q8NI51
13775	Q8NI60
13776	Q8NI77
13777	Q8NI99
13778	Q8TA86
13779	Q8TA94
13780	Q8TAA1
13781	Q8TAA3
13782	Q8TAA5
13783	Q8TAA9
13784	Q8TAB3
13785	Q8TAB5
13786	Q8TAC1
13787	Q8TAC2
13788	Q8TAC9
13789	Q8TAD2
13790	Q8TAD4
13791	Q8TAD7
13792	Q8TAD8
13793	Q8TAE6
13794	Q8TAE7
13795	Q8TAE8
13796	Q8TAF3
13797	Q8TAF5
13798	Q8TAF7
13799	Q8TAF8
13800	Q8TAG5
13801	Q8TAG6
13802	Q8TAG9
13803	Q8TAI1
13804	Q8TAI7
13805	Q8TAK5
13806	Q8TAK6
13807	Q8TAL5
13808	Q8TAL6
13809	Q8TAM1
13810	Q8TAM2
13811	Q8TAM6
13812	Q8TAP4
13813	Q8TAP6
13814	Q8TAP8
13815	Q8TAP9
13816	Q8TAQ2
13817	Q8TAQ5
13818	Q8TAQ9
13819	Q8TAS1
13820	Q8TAT2
13821	Q8TAT5
13822	Q8TAT6
13823	Q8TAT8
13824	Q8TAU0
13825	Q8TAU3
13826	Q8TAV0
13827	Q8TAV3
13828	Q8TAV4
13829	Q8TAV5
13830	Q8TAW3
13831	Q8TAX0
13832	Q8TAX7
13833	Q8TAX9
13834	Q8TAY7
13835	Q8TAZ6
13836	Q8TB03
13837	Q8TB05
13838	Q8TB22
13839	Q8TB24
13840	Q8TB33
13841	Q8TB36
13842	Q8TB37
13843	Q8TB40
13844	Q8TB45
13845	Q8TB52
13846	Q8TB61
13847	Q8TB68
13848	Q8TB69
13849	Q8TB72
13850	Q8TB73
13851	Q8TB92
13852	Q8TB96
13853	Q8TBA6
13854	Q8TBB0
13855	Q8TBB1
13856	Q8TBB5
13857	Q8TBB6
13858	Q8TBC3
13859	Q8TBC4
13860	Q8TBC5
13861	Q8TBE0
13862	Q8TBE1
13863	Q8TBE3
13864	Q8TBE7
13865	Q8TBE9
13866	Q8TBF2
13867	Q8TBF4
13868	Q8TBF5
13869	Q8TBF8
13870	Q8TBG4
13871	Q8TBG9
13872	Q8TBH0
13873	Q8TBJ4
13874	Q8TBJ5
13875	Q8TBK2
13876	Q8TBK6
13877	Q8TBM7
13878	Q8TBM8
13879	Q8TBN0
13880	Q8TBP0
13881	Q8TBP5
13882	Q8TBP6
13883	Q8TBQ9
13884	Q8TBR4
13885	Q8TBR5
13886	Q8TBR7
13887	Q8TBX8
13888	Q8TBY0
13889	Q8TBY8
13890	Q8TBY9
13891	Q8TBZ0
13892	Q8TBZ2
13893	Q8TBZ3
13894	Q8TBZ5
13895	Q8TBZ6
13896	Q8TBZ8
13897	Q8TBZ9
13898	Q8TC05
13899	Q8TC07
13900	Q8TC12
13901	Q8TC17
13902	Q8TC20
13903	Q8TC21
13904	Q8TC26
13905	Q8TC27
13906	Q8TC29
13907	Q8TC36
13908	Q8TC41
13909	Q8TC44
13910	Q8TC56
13911	Q8TC57
13912	Q8TC59
13913	Q8TC71
13914	Q8TC76
13915	Q8TC84
13916	Q8TC90
13917	Q8TC92
13918	Q8TC94
13919	Q8TC99
13920	Q8TCA0
13921	Q8TCB0
13922	Q8TCB6
13923	Q8TCB7
13924	Q8TCC3
13925	Q8TCC7
13926	Q8TCD1
13927	Q8TCD5
13928	Q8TCD6
13929	Q8TCE6
13930	Q8TCE9
13931	Q8TCF1
13932	Q8TCG1
13933	Q8TCG2
13934	Q8TCG5
13935	Q8TCH9
13936	Q8TCI5
13937	Q8TCJ0
13938	Q8TCJ2
13939	Q8TCN5
13940	Q8TCP9
13941	Q8TCQ1
13942	Q8TCS8
13943	Q8TCT0
13944	Q8TCT1
13945	Q8TCT6
13946	Q8TCT7
13947	Q8TCT8
13948	Q8TCT9
13949	Q8TCU3
13950	Q8TCU4
13951	Q8TCU5
13952	Q8TCU6
13953	Q8TCV5
13954	Q8TCW7
13955	Q8TCW9
13956	Q8TCX1
13957	Q8TCX5
13958	Q8TCY5
13959	Q8TCY9
13960	Q8TCZ2
13961	Q8TCZ7
13962	Q8TD06
13963	Q8TD07
13964	Q8TD08
13965	Q8TD10
13966	Q8TD16
13967	Q8TD17
13968	Q8TD19
13969	Q8TD20
13970	Q8TD22
13971	Q8TD23
13972	Q8TD26
13973	Q8TD30
13974	Q8TD31
13975	Q8TD33
13976	Q8TD35
13977	Q8TD43
13978	Q8TD46
13979	Q8TD47
13980	Q8TD55
13981	Q8TD57
13982	Q8TD84
13983	Q8TD86
13984	Q8TD90
13985	Q8TD91
13986	Q8TD94
13987	Q8TDB4
13988	Q8TDB6
13989	Q8TDB8
13990	Q8TDC0
13991	Q8TDC3
13992	Q8TDD1
13993	Q8TDD2
13994	Q8TDD5
13995	Q8TDE3
13996	Q8TDF5
13997	Q8TDF6
13998	Q8TDG2
13999	Q8TDG4
14000	Q8TDH9
14001	Q8TDI0
14002	Q8TDI7
14003	Q8TDI8
14004	Q8TDJ6
14005	Q8TDL5
14006	Q8TDM0
14007	Q8TDM5
14008	Q8TDM6
14009	Q8TDN1
14010	Q8TDN2
14011	Q8TDN4
14012	Q8TDN6
14013	Q8TDN7
14014	Q8TDP1
14015	Q8TDQ0
14016	Q8TDQ1
14017	Q8TDQ7
14018	Q8TDR0
14019	Q8TDR2
14020	Q8TDR4
14021	Q8TDS4
14022	Q8TDS5
14023	Q8TDS7
14024	Q8TDT2
14025	Q8TDU5
14026	Q8TDU6
14027	Q8TDU9
14028	Q8TDV0
14029	Q8TDV2
14030	Q8TDV5
14031	Q8TDW0
14032	Q8TDW4
14033	Q8TDW5
14034	Q8TDW7
14035	Q8TDX5
14036	Q8TDX6
14037	Q8TDX7
14038	Q8TDX9
14039	Q8TDY2
14040	Q8TDY3
14041	Q8TDY4
14042	Q8TDY8
14043	Q8TDZ2
14044	Q8TE02
14045	Q8TE04
14046	Q8TE12
14047	Q8TE23
14048	Q8TE49
14049	Q8TE54
14050	Q8TE56
14051	Q8TE57
14052	Q8TE58
14053	Q8TE59
14054	Q8TE60
14055	Q8TE67
14056	Q8TE68
14057	Q8TE69
14058	Q8TE73
14059	Q8TE76
14060	Q8TE77
14061	Q8TE82
14062	Q8TE85
14063	Q8TE96
14064	Q8TE99
14065	Q8TEA1
14066	Q8TEA7
14067	Q8TEA8
14068	Q8TEB1
14069	Q8TEB7
14070	Q8TEB9
14071	Q8TEC5
14072	Q8TED0
14073	Q8TED1
14074	Q8TED4
14075	Q8TED9
14076	Q8TEE9
14077	Q8TEF2
14078	Q8TEH3
14079	Q8TEJ3
14080	Q8TEK3
14081	Q8TEL6
14082	Q8TEM1
14083	Q8TEP8
14084	Q8TEQ0
14085	Q8TEQ6
14086	Q8TEQ8
14087	Q8TER0
14088	Q8TER5
14089	Q8TES7
14090	Q8TET4
14091	Q8TEU7
14092	Q8TEU8
14093	Q8TEV8
14094	Q8TEV9
14095	Q8TEW0
14096	Q8TEW6
14097	Q8TEW8
14098	Q8TEX9
14099	Q8TEY5
14100	Q8TEY7
14101	Q8TEZ7
14102	Q8TF01
14103	Q8TF05
14104	Q8TF08
14105	Q8TF09
14106	Q8TF17
14107	Q8TF20
14108	Q8TF21
14109	Q8TF27
14110	Q8TF30
14111	Q8TF32
14112	Q8TF39
14113	Q8TF40
14114	Q8TF42
14115	Q8TF44
14116	Q8TF45
14117	Q8TF46
14118	Q8TF47
14119	Q8TF50
14120	Q8TF61
14121	Q8TF62
14122	Q8TF63
14123	Q8TF64
14124	Q8TF65
14125	Q8TF66
14126	Q8TF68
14127	Q8TF71
14128	Q8TF72
14129	Q8TF74
14130	Q8TF76
14131	Q8WTP8
14132	Q8WTP9
14133	Q8WTQ1
14134	Q8WTQ4
14135	Q8WTQ7
14136	Q8WTR2
14137	Q8WTR4
14138	Q8WTR7
14139	Q8WTR8
14140	Q8WTS1
14141	Q8WTS6
14142	Q8WTT0
14143	Q8WTT2
14144	Q8WTU0
14145	Q8WTU2
14146	Q8WTV0
14147	Q8WTV1
14148	Q8WTW3
14149	Q8WTW4
14150	Q8WTX7
14151	Q8WTX9
14152	Q8WTZ4
14153	Q8WU03
14154	Q8WU08
14155	Q8WU10
14156	Q8WU17
14157	Q8WU20
14158	Q8WU39
14159	Q8WU43
14160	Q8WU49
14161	Q8WU58
14162	Q8WU66
14163	Q8WU67
14164	Q8WU68
14165	Q8WU76
14166	Q8WU79
14167	Q8WU90
14168	Q8WUA2
14169	Q8WUA4
14170	Q8WUA7
14171	Q8WUA8
14172	Q8WUB2
14173	Q8WUB8
14174	Q8WUD1
14175	Q8WUD4
14176	Q8WUD6
14177	Q8WUE5
14178	Q8WUF5
14179	Q8WUF8
14180	Q8WUG5
14181	Q8WUH1
14182	Q8WUH2
14183	Q8WUH6
14184	Q8WUI4
14185	Q8WUJ0
14186	Q8WUJ1
14187	Q8WUJ3
14188	Q8WUK0
14189	Q8WUM0
14190	Q8WUM4
14191	Q8WUM9
14192	Q8WUN7
14193	Q8WUP2
14194	Q8WUQ7
14195	Q8WUR7
14196	Q8WUS8
14197	Q8WUT4
14198	Q8WUT9
14199	Q8WUU4
14200	Q8WUU5
14201	Q8WUU8
14202	Q8WUW1
14203	Q8WUX1
14204	Q8WUX2
14205	Q8WUX9
14206	Q8WUY1
14207	Q8WUY3
14208	Q8WUY8
14209	Q8WUY9
14210	Q8WUZ0
14211	Q8WV07
14212	Q8WV15
14213	Q8WV16
14214	Q8WV19
14215	Q8WV22
14216	Q8WV24
14217	Q8WV28
14218	Q8WV37
14219	Q8WV41
14220	Q8WV44
14221	Q8WV48
14222	Q8WV60
14223	Q8WV74
14224	Q8WV83
14225	Q8WV92
14226	Q8WV93
14227	Q8WV99
14228	Q8WVB3
14229	Q8WVB6
14230	Q8WVC0
14231	Q8WVC6
14232	Q8WVD3
14233	Q8WVD5
14234	Q8WVE0
14235	Q8WVE6
14236	Q8WVE7
14237	Q8WVF1
14238	Q8WVF2
14239	Q8WVF5
14240	Q8WVH0
14241	Q8WVI0
14242	Q8WVI7
14243	Q8WVJ2
14244	Q8WVJ9
14245	Q8WVK2
14246	Q8WVK7
14247	Q8WVL7
14248	Q8WVM0
14249	Q8WVM7
14250	Q8WVM8
14251	Q8WVN6
14252	Q8WVN8
14253	Q8WVP5
14254	Q8WVP7
14255	Q8WVQ1
14256	Q8WVR3
14257	Q8WVS4
14258	Q8WVT3
14259	Q8WVV4
14260	Q8WVV5
14261	Q8WVV9
14262	Q8WVX3
14263	Q8WVX9
14264	Q8WVY7
14265	Q8WVZ1
14266	Q8WVZ7
14267	Q8WVZ9
14268	Q8WW01
14269	Q8WW12
14270	Q8WW14
14271	Q8WW18
14272	Q8WW22
14273	Q8WW24
14274	Q8WW27
14275	Q8WW32
14276	Q8WW33
14277	Q8WW34
14278	Q8WW35
14279	Q8WW36
14280	Q8WW38
14281	Q8WW43
14282	Q8WW52
14283	Q8WW59
14284	Q8WW62
14285	Q8WWA0
14286	Q8WWA1
14287	Q8WWB3
14288	Q8WWB5
14289	Q8WWB7
14290	Q8WWC4
14291	Q8WWF1
14292	Q8WWF3
14293	Q8WWF5
14294	Q8WWF6
14295	Q8WWF8
14296	Q8WWG1
14297	Q8WWG9
14298	Q8WWH4
14299	Q8WWH5
14300	Q8WWI1
14301	Q8WWI5
14302	Q8WWK9
14303	Q8WWL2
14304	Q8WWL7
14305	Q8WWM1
14306	Q8WWM7
14307	Q8WWM9
14308	Q8WWN8
14309	Q8WWN9
14310	Q8WWP7
14311	Q8WWQ0
14312	Q8WWQ2
14313	Q8WWQ8
14314	Q8WWR8
14315	Q8WWR9
14316	Q8WWT9
14317	Q8WWU5
14318	Q8WWU7
14319	Q8WWV3
14320	Q8WWV6
14321	Q8WWW0
14322	Q8WWW8
14323	Q8WWX0
14324	Q8WWX8
14325	Q8WWX9
14326	Q8WWY3
14327	Q8WWY6
14328	Q8WWY7
14329	Q8WWY8
14330	Q8WWZ1
14331	Q8WWZ3
14332	Q8WWZ4
14333	Q8WWZ7
14334	Q8WWZ8
14335	Q8WX39
14336	Q8WX77
14337	Q8WX92
14338	Q8WX93
14339	Q8WX94
14340	Q8WXA2
14341	Q8WXA3
14342	Q8WXA8
14343	Q8WXA9
14344	Q8WXB1
14345	Q8WXB4
14346	Q8WXC3
14347	Q8WXC6
14348	Q8WXD0
14349	Q8WXD2
14350	Q8WXD5
14351	Q8WXD9
14352	Q8WXE0
14353	Q8WXE1
14354	Q8WXE9
14355	Q8WXF0
14356	Q8WXF1
14357	Q8WXF3
14358	Q8WXF5
14359	Q8WXF7
14360	Q8WXF8
14361	Q8WXG1
14362	Q8WXG6
14363	Q8WXG8
14364	Q8WXG9
14365	Q8WXH0
14366	Q8WXH2
14367	Q8WXH4
14368	Q8WXH5
14369	Q8WXH6
14370	Q8WXI2
14371	Q8WXI3
14372	Q8WXI4
14373	Q8WXI7
14374	Q8WXI8
14375	Q8WXI9
14376	Q8WXJ9
14377	Q8WXK1
14378	Q8WXK3
14379	Q8WXK4
14380	Q8WXQ3
14381	Q8WXQ8
14382	Q8WXR4
14383	Q8WXS3
14384	Q8WXS4
14385	Q8WXS5
14386	Q8WXS8
14387	Q8WXT5
14388	Q8WXU2
14389	Q8WXW3
14390	Q8WXX0
14391	Q8WXX5
14392	Q8WXX7
14393	Q8WY07
14394	Q8WY21
14395	Q8WY22
14396	Q8WY36
14397	Q8WY41
14398	Q8WY50
14399	Q8WY54
14400	Q8WY64
14401	Q8WY91
14402	Q8WY98
14403	Q8WYA0
14404	Q8WYA1
14405	Q8WYA6
14406	Q8WYB5
14407	Q8WYH8
14408	Q8WYJ6
14409	Q8WYK0
14410	Q8WYK1
14411	Q8WYK2
14412	Q8WYL5
14413	Q8WYN0
14414	Q8WYN3
14415	Q8WYP3
14416	Q8WYP5
14417	Q8WYQ3
14418	Q8WYQ4
14419	Q8WYQ5
14420	Q8WYQ9
14421	Q8WYR1
14422	Q8WYR4
14423	Q8WZ04
14424	Q8WZ19
14425	Q8WZ26
14426	Q8WZ33
14427	Q8WZ42
14428	Q8WZ55
14429	Q8WZ59
14430	Q8WZ60
14431	Q8WZ64
14432	Q8WZ69
14433	Q8WZ71
14434	Q8WZ73
14435	Q8WZ74
14436	Q8WZ75
14437	Q8WZ79
14438	Q8WZ82
14439	Q8WZ84
14440	Q8WZ92
14441	Q8WZ94
14442	Q8WZA0
14443	Q8WZA1
14444	Q8WZA2
14445	Q8WZA6
14446	Q8WZA8
14447	Q8WZA9
14448	Q8WZB0
14449	Q902F8
14450	Q902F9
14451	Q92185
14452	Q92186
14453	Q92187
14454	Q92466
14455	Q92478
14456	Q92481
14457	Q92482
14458	Q92484
14459	Q92485
14460	Q92496
14461	Q92499
14462	Q92502
14463	Q92503
14464	Q92504
14465	Q92506
14466	Q92508
14467	Q92519
14468	Q92520
14469	Q92521
14470	Q92522
14471	Q92523
14472	Q92526
14473	Q92527
14474	Q92529
14475	Q92530
14476	Q92535
14477	Q92536
14478	Q92537
14479	Q92538
14480	Q92539
14481	Q92540
14482	Q92541
14483	Q92542
14484	Q92543
14485	Q92544
14486	Q92545
14487	Q92546
14488	Q92547
14489	Q92551
14490	Q92552
14491	Q92556
14492	Q92558
14493	Q92560
14494	Q92561
14495	Q92562
14496	Q92563
14497	Q92564
14498	Q92565
14499	Q92567
14500	Q92569
14501	Q92570
14502	Q92572
14503	Q92574
14504	Q92575
14505	Q92576
14506	Q92581
14507	Q92583
14508	Q92585
14509	Q92597
14510	Q92598
14511	Q92599
14512	Q92600
14513	Q92604
14514	Q92608
14515	Q92609
14516	Q92610
14517	Q92611
14518	Q92613
14519	Q92614
14520	Q92615
14521	Q92616
14522	Q92617
14523	Q92618
14524	Q92619
14525	Q92620
14526	Q92621
14527	Q92622
14528	Q92623
14529	Q92624
14530	Q92625
14531	Q92626
14532	Q92628
14533	Q92629
14534	Q92630
14535	Q92633
14536	Q92636
14537	Q92637
14538	Q92643
14539	Q92664
14540	Q92665
14541	Q92667
14542	Q92670
14543	Q92673
14544	Q92674
14545	Q92681
14546	Q92685
14547	Q92686
14548	Q92688
14549	Q92692
14550	Q92696
14551	Q92698
14552	Q92729
14553	Q92730
14554	Q92731
14555	Q92733
14556	Q92734
14557	Q92736
14558	Q92737
14559	Q92738
14560	Q92743
14561	Q92747
14562	Q92748
14563	Q92750
14564	Q92752
14565	Q92753
14566	Q92754
14567	Q92759
14568	Q92764
14569	Q92765
14570	Q92766
14571	Q92769
14572	Q92771
14573	Q92772
14574	Q92777
14575	Q92781
14576	Q92782
14577	Q92783
14578	Q92784
14579	Q92785
14580	Q92786
14581	Q92791
14582	Q92793
14583	Q92794
14584	Q92796
14585	Q92797
14586	Q92800
14587	Q92802
14588	Q92804
14589	Q92805
14590	Q92806
14591	Q92813
14592	Q92817
14593	Q92819
14594	Q92820
14595	Q92823
14596	Q92824
14597	Q92826
14598	Q92828
14599	Q92830
14600	Q92831
14601	Q92832
14602	Q92833
14603	Q92834
14604	Q92835
14605	Q92837
14606	Q92838
14607	Q92839
14608	Q92841
14609	Q92843
14610	Q92844
14611	Q92845
14612	Q92847
14613	Q92851
14614	Q92854
14615	Q92858
14616	Q92859
14617	Q92870
14618	Q92871
14619	Q92874
14620	Q92876
14621	Q92878
14622	Q92879
14623	Q92882
14624	Q92886
14625	Q92887
14626	Q92888
14627	Q92889
14628	Q92890
14629	Q92896
14630	Q92900
14631	Q92901
14632	Q92902
14633	Q92903
14634	Q92904
14635	Q92905
14636	Q92908
14637	Q92911
14638	Q92913
14639	Q92914
14640	Q92915
14641	Q92917
14642	Q92918
14643	Q92922
14644	Q92925
14645	Q92928
14646	Q92930
14647	Q92932
14648	Q92934
14649	Q92935
14650	Q92945
14651	Q92947
14652	Q92949
14653	Q92952
14654	Q92953
14655	Q92954
14656	Q92956
14657	Q92959
14658	Q92963
14659	Q92966
14660	Q92968
14661	Q92973
14662	Q92974
14663	Q92979
14664	Q92982
14665	Q92985
14666	Q92988
14667	Q92989
14668	Q92990
14669	Q92993
14670	Q92994
14671	Q92995
14672	Q92997
14673	Q93008
14674	Q93009
14675	Q93015
14676	Q93033
14677	Q93034
14678	Q93038
14679	Q93045
14680	Q93050
14681	Q93052
14682	Q93062
14683	Q93063
14684	Q93070
14685	Q93073
14686	Q93074
14687	Q93075
14688	Q93077
14689	Q93079
14690	Q93083
14691	Q93084
14692	Q93086
14693	Q93088
14694	Q93091
14695	Q93096
14696	Q93097
14697	Q93098
14698	Q93099
14699	Q93100
14700	Q95460
14701	Q969D9
14702	Q969E1
14703	Q969E2
14704	Q969E3
14705	Q969E4
14706	Q969E8
14707	Q969F0
14708	Q969F1
14709	Q969F2
14710	Q969F8
14711	Q969F9
14712	Q969G2
14713	Q969G3
14714	Q969G5
14715	Q969G6
14716	Q969G9
14717	Q969H0
14718	Q969H4
14719	Q969H6
14720	Q969H8
14721	Q969H9
14722	Q969I3
14723	Q969I6
14724	Q969J2
14725	Q969J3
14726	Q969J5
14727	Q969K3
14728	Q969K4
14729	Q969K7
14730	Q969L2
14731	Q969L4
14732	Q969M1
14733	Q969M2
14734	Q969M3
14735	Q969M7
14736	Q969N2
14737	Q969N4
14738	Q969P0
14739	Q969P5
14740	Q969P6
14741	Q969Q0
14742	Q969Q1
14743	Q969Q4
14744	Q969Q5
14745	Q969Q6
14746	Q969R2
14747	Q969R5
14748	Q969R8
14749	Q969S0
14750	Q969S2
14751	Q969S3
14752	Q969S6
14753	Q969S8
14754	Q969S9
14755	Q969T3
14756	Q969T4
14757	Q969T7
14758	Q969T9
14759	Q969U6
14760	Q969U7
14761	Q969V1
14762	Q969V3
14763	Q969V4
14764	Q969V5
14765	Q969V6
14766	Q969W0
14767	Q969W1
14768	Q969W3
14769	Q969W8
14770	Q969W9
14771	Q969X0
14772	Q969X1
14773	Q969X2
14774	Q969X5
14775	Q969X6
14776	Q969Y0
14777	Q969Y2
14778	Q969Z0
14779	Q969Z3
14780	Q969Z4
14781	Q96A00
14782	Q96A04
14783	Q96A05
14784	Q96A08
14785	Q96A09
14786	Q96A11
14787	Q96A19
14788	Q96A22
14789	Q96A23
14790	Q96A25
14791	Q96A26
14792	Q96A28
14793	Q96A29
14794	Q96A32
14795	Q96A33
14796	Q96A35
14797	Q96A37
14798	Q96A44
14799	Q96A46
14800	Q96A47
14801	Q96A49
14802	Q96A54
14803	Q96A56
14804	Q96A57
14805	Q96A58
14806	Q96A59
14807	Q96A61
14808	Q96A65
14809	Q96A70
14810	Q96A72
14811	Q96A73
14812	Q96A83
14813	Q96A84
14814	Q96A98
14815	Q96A99
14816	Q96AA3
14817	Q96AA8
14818	Q96AB3
14819	Q96AB6
14820	Q96AC1
14821	Q96AC6
14822	Q96AD5
14823	Q96AE4
14824	Q96AE7
14825	Q96AG3
14826	Q96AG4
14827	Q96AH0
14828	Q96AH8
14829	Q96AJ1
14830	Q96AJ9
14831	Q96AK3
14832	Q96AM1
14833	Q96AN5
14834	Q96AP0
14835	Q96AP4
14836	Q96AP7
14837	Q96AQ1
14838	Q96AQ2
14839	Q96AQ6
14840	Q96AQ7
14841	Q96AQ8
14842	Q96AQ9
14843	Q96AT1
14844	Q96AT9
14845	Q96AV8
14846	Q96AW1
14847	Q96AX1
14848	Q96AX2
14849	Q96AX9
14850	Q96AY2
14851	Q96AY3
14852	Q96AY4
14853	Q96AZ1
14854	Q96AZ6
14855	Q96B01
14856	Q96B02
14857	Q96B18
14858	Q96B21
14859	Q96B23
14860	Q96B26
14861	Q96B33
14862	Q96B36
14863	Q96B42
14864	Q96B45
14865	Q96B49
14866	Q96B54
14867	Q96B67
14868	Q96B70
14869	Q96B77
14870	Q96B86
14871	Q96B96
14872	Q96B97
14873	Q96BA8
14874	Q96BD0
14875	Q96BD5
14876	Q96BD6
14877	Q96BD8
14878	Q96BF3
14879	Q96BF6
14880	Q96BH1
14881	Q96BH3
14882	Q96BI1
14883	Q96BI3
14884	Q96BJ3
14885	Q96BJ8
14886	Q96BK5
14887	Q96BM0
14888	Q96BM1
14889	Q96BM9
14890	Q96BN2
14891	Q96BN6
14892	Q96BN8
14893	Q96BP2
14894	Q96BP3
14895	Q96BQ1
14896	Q96BQ3
14897	Q96BQ5
14898	Q96BR1
14899	Q96BR5
14900	Q96BR6
14901	Q96BR9
14902	Q96BS2
14903	Q96BT1
14904	Q96BT3
14905	Q96BT7
14906	Q96BU1
14907	Q96BV0
14908	Q96BW1
14909	Q96BW5
14910	Q96BW9
14911	Q96BX8
14912	Q96BY2
14913	Q96BY6
14914	Q96BY7
14915	Q96BY9
14916	Q96BZ4
14917	Q96BZ8
14918	Q96BZ9
14919	Q96C00
14920	Q96C01
14921	Q96C03
14922	Q96C10
14923	Q96C11
14924	Q96C12
14925	Q96C19
14926	Q96C23
14927	Q96C24
14928	Q96C28
14929	Q96C34
14930	Q96C36
14931	Q96C45
14932	Q96C55
14933	Q96C57
14934	Q96C74
14935	Q96C86
14936	Q96C90
14937	Q96C92
14938	Q96CA5
14939	Q96CB5
14940	Q96CB8
14941	Q96CB9
14942	Q96CC6
14943	Q96CD0
14944	Q96CD2
14945	Q96CE8
14946	Q96CF2
14947	Q96CG3
14948	Q96CG8
14949	Q96CH1
14950	Q96CJ1
14951	Q96CK0
14952	Q96CM3
14953	Q96CM4
14954	Q96CM8
14955	Q96CN4
14956	Q96CN5
14957	Q96CN7
14958	Q96CN9
14959	Q96CP2
14960	Q96CP6
14961	Q96CP7
14962	Q96CQ1
14963	Q96CS2
14964	Q96CS3
14965	Q96CS4
14966	Q96CS7
14967	Q96CT2
14968	Q96CT7
14969	Q96CU9
14970	Q96CV9
14971	Q96CW1
14972	Q96CW5
14973	Q96CW6
14974	Q96CW9
14975	Q96CX2
14976	Q96CX3
14977	Q96CX6
14978	Q96D03
14979	Q96D05
14980	Q96D09
14981	Q96D15
14982	Q96D21
14983	Q96D31
14984	Q96D42
14985	Q96D46
14986	Q96D53
14987	Q96D59
14988	Q96D70
14989	Q96D71
14990	Q96D96
14991	Q96D98
14992	Q96DA0
14993	Q96DA2
14994	Q96DA6
14995	Q96DB2
14996	Q96DB5
14997	Q96DB9
14998	Q96DC7
14999	Q96DC8
15000	Q96DC9
15001	Q96DD0
15002	Q96DD7
15003	Q96DE0
15004	Q96DE5
15005	Q96DE9
15006	Q96DF8
15007	Q96DG6
15008	Q96DH6
15009	Q96DI7
15010	Q96DL1
15011	Q96DM1
15012	Q96DM3
15013	Q96DN0
15014	Q96DN2
15015	Q96DN5
15016	Q96DN6
15017	Q96DP5
15018	Q96DR4
15019	Q96DR5
15020	Q96DR7
15021	Q96DR8
15022	Q96DS6
15023	Q96DT0
15024	Q96DT5
15025	Q96DT6
15026	Q96DT7
15027	Q96DU3
15028	Q96DU7
15029	Q96DU9
15030	Q96DV4
15031	Q96DW6
15032	Q96DX4
15033	Q96DX5
15034	Q96DX7
15035	Q96DX8
15036	Q96DY2
15037	Q96DY7
15038	Q96DZ1
15039	Q96DZ5
15040	Q96DZ7
15041	Q96DZ9
15042	Q96E09
15043	Q96E11
15044	Q96E14
15045	Q96E16
15046	Q96E17
15047	Q96E22
15048	Q96E29
15049	Q96E35
15050	Q96E39
15051	Q96E40
15052	Q96E52
15053	Q96E66
15054	Q96E93
15055	Q96EA4
15056	Q96EB1
15057	Q96EB6
15058	Q96EC8
15059	Q96ED9
15060	Q96EE3
15061	Q96EE4
15062	Q96EF0
15063	Q96EF6
15064	Q96EF9
15065	Q96EG1
15066	Q96EG3
15067	Q96EH3
15068	Q96EH5
15069	Q96EH8
15070	Q96EI5
15071	Q96EK2
15072	Q96EK4
15073	Q96EK5
15074	Q96EK6
15075	Q96EK7
15076	Q96EK9
15077	Q96EL1
15078	Q96EL2
15079	Q96EL3
15080	Q96EM0
15081	Q96EN8
15082	Q96EN9
15083	Q96EP0
15084	Q96EP1
15085	Q96EP5
15086	Q96EP9
15087	Q96EQ0
15088	Q96EQ8
15089	Q96ER3
15090	Q96ER9
15091	Q96ES6
15092	Q96ES7
15093	Q96ET8
15094	Q96EU6
15095	Q96EU7
15096	Q96EV2
15097	Q96EV8
15098	Q96EW2
15099	Q96EX1
15100	Q96EX2
15101	Q96EX3
15102	Q96EY1
15103	Q96EY4
15104	Q96EY5
15105	Q96EY7
15106	Q96EY8
15107	Q96EY9
15108	Q96EZ4
15109	Q96EZ8
15110	Q96F05
15111	Q96F07
15112	Q96F10
15113	Q96F15
15114	Q96F24
15115	Q96F25
15116	Q96F44
15117	Q96F45
15118	Q96F46
15119	Q96F63
15120	Q96F81
15121	Q96F83
15122	Q96F85
15123	Q96F86
15124	Q96FA3
15125	Q96FA7
15126	Q96FB5
15127	Q96FC7
15128	Q96FC9
15129	Q96FE5
15130	Q96FE7
15131	Q96FF7
15132	Q96FF9
15133	Q96FG2
15134	Q96FH0
15135	Q96FI4
15136	Q96FJ0
15137	Q96FJ2
15138	Q96FK6
15139	Q96FL8
15140	Q96FL9
15141	Q96FM1
15142	Q96FN4
15143	Q96FN5
15144	Q96FN9
15145	Q96FQ6
15146	Q96FQ7
15147	Q96FS4
15148	Q96FT7
15149	Q96FT9
15150	Q96FV0
15151	Q96FV2
15152	Q96FV3
15153	Q96FV9
15154	Q96FW1
15155	Q96FX2
15156	Q96FX7
15157	Q96FX8
15158	Q96FZ2
15159	Q96FZ5
15160	Q96FZ7
15161	Q96G01
15162	Q96G03
15163	Q96G04
15164	Q96G21
15165	Q96G23
15166	Q96G25
15167	Q96G27
15168	Q96G28
15169	Q96G30
15170	Q96G42
15171	Q96G46
15172	Q96G61
15173	Q96G74
15174	Q96G75
15175	Q96G79
15176	Q96G91
15177	Q96G97
15178	Q96GA3
15179	Q96GA7
15180	Q96GC5
15181	Q96GC6
15182	Q96GC9
15183	Q96GD0
15184	Q96GD3
15185	Q96GD4
15186	Q96GE4
15187	Q96GE5
15188	Q96GE6
15189	Q96GE9
15190	Q96GF1
15191	Q96GG9
15192	Q96GI7
15193	Q96GJ1
15194	Q96GK7
15195	Q96GL9
15196	Q96GM1
15197	Q96GM5
15198	Q96GM8
15199	Q96GN5
15200	Q96GP6
15201	Q96GQ5
15202	Q96GQ7
15203	Q96GR2
15204	Q96GR4
15205	Q96GS4
15206	Q96GS6
15207	Q96GT9
15208	Q96GU1
15209	Q96GV9
15210	Q96GW7
15211	Q96GW9
15212	Q96GX1
15213	Q96GX2
15214	Q96GX5
15215	Q96GX8
15216	Q96GX9
15217	Q96GY0
15218	Q96GY3
15219	Q96GZ6
15220	Q96H12
15221	Q96H15
15222	Q96H20
15223	Q96H22
15224	Q96H35
15225	Q96H40
15226	Q96H55
15227	Q96H72
15228	Q96H78
15229	Q96H79
15230	Q96H86
15231	Q96H96
15232	Q96HA1
15233	Q96HA4
15234	Q96HA7
15235	Q96HA8
15236	Q96HA9
15237	Q96HB5
15238	Q96HC4
15239	Q96HD1
15240	Q96HD9
15241	Q96HE7
15242	Q96HE8
15243	Q96HE9
15244	Q96HF1
15245	Q96HG1
15246	Q96HH4
15247	Q96HH6
15248	Q96HH9
15249	Q96HI0
15250	Q96HJ3
15251	Q96HJ5
15252	Q96HJ9
15253	Q96HL8
15254	Q96HM7
15255	Q96HN2
15256	Q96HP0
15257	Q96HP4
15258	Q96HP8
15259	Q96HQ0
15260	Q96HQ2
15261	Q96HR3
15262	Q96HR8
15263	Q96HR9
15264	Q96HS1
15265	Q96HT8
15266	Q96HU1
15267	Q96HU8
15268	Q96HV5
15269	Q96HW7
15270	Q96HY6
15271	Q96HY7
15272	Q96HZ4
15273	Q96HZ7
15274	Q96I13
15275	Q96I15
15276	Q96I23
15277	Q96I24
15278	Q96I25
15279	Q96I27
15280	Q96I34
15281	Q96I36
15282	Q96I45
15283	Q96I51
15284	Q96I59
15285	Q96I76
15286	Q96I82
15287	Q96I99
15288	Q96IC2
15289	Q96ID5
15290	Q96IF1
15291	Q96IG2
15292	Q96II8
15293	Q96IJ6
15294	Q96IK0
15295	Q96IK1
15296	Q96IK5
15297	Q96IL0
15298	Q96IM9
15299	Q96IP4
15300	Q96IQ7
15301	Q96IQ9
15302	Q96IR2
15303	Q96IR3
15304	Q96IR7
15305	Q96IS3
15306	Q96IT1
15307	Q96IT6
15308	Q96IU2
15309	Q96IU4
15310	Q96IV0
15311	Q96IV6
15312	Q96IW2
15313	Q96IW7
15314	Q96IX5
15315	Q96IX9
15316	Q96IY1
15317	Q96IY4
15318	Q96IZ0
15319	Q96IZ2
15320	Q96IZ5
15321	Q96IZ6
15322	Q96IZ7
15323	Q96J01
15324	Q96J02
15325	Q96J42
15326	Q96J65
15327	Q96J66
15328	Q96J77
15329	Q96J84
15330	Q96J86
15331	Q96J87
15332	Q96J88
15333	Q96J92
15334	Q96J94
15335	Q96JA1
15336	Q96JA3
15337	Q96JA4
15338	Q96JB1
15339	Q96JB2
15340	Q96JB3
15341	Q96JB5
15342	Q96JB6
15343	Q96JB8
15344	Q96JC1
15345	Q96JC4
15346	Q96JC9
15347	Q96JD6
15348	Q96JE7
15349	Q96JE9
15350	Q96JF0
15351	Q96JF6
15352	Q96JG6
15353	Q96JG8
15354	Q96JG9
15355	Q96JH7
15356	Q96JH8
15357	Q96JI7
15358	Q96JJ3
15359	Q96JJ6
15360	Q96JJ7
15361	Q96JK2
15362	Q96JK4
15363	Q96JK9
15364	Q96JL9
15365	Q96JM2
15366	Q96JM3
15367	Q96JM4
15368	Q96JM7
15369	Q96JN0
15370	Q96JN2
15371	Q96JN8
15372	Q96JP0
15373	Q96JP2
15374	Q96JP5
15375	Q96JP9
15376	Q96JQ0
15377	Q96JQ2
15378	Q96JQ5
15379	Q96JS3
15380	Q96JT2
15381	Q96JW4
15382	Q96JX3
15383	Q96JY0
15384	Q96JY6
15385	Q96JZ2
15386	Q96K12
15387	Q96K17
15388	Q96K19
15389	Q96K21
15390	Q96K30
15391	Q96K31
15392	Q96K37
15393	Q96K49
15394	Q96K58
15395	Q96K62
15396	Q96K75
15397	Q96K76
15398	Q96K78
15399	Q96K80
15400	Q96K83
15401	Q96KA5
15402	Q96KB5
15403	Q96KC2
15404	Q96KC8
15405	Q96KC9
15406	Q96KD3
15407	Q96KE9
15408	Q96KF2
15409	Q96KF7
15410	Q96KG7
15411	Q96KG9
15412	Q96KJ4
15413	Q96KJ9
15414	Q96KK3
15415	Q96KK4
15416	Q96KK5
15417	Q96KM6
15418	Q96KN1
15419	Q96KN2
15420	Q96KN3
15421	Q96KN4
15422	Q96KN7
15423	Q96KN8
15424	Q96KN9
15425	Q96KP1
15426	Q96KP4
15427	Q96KP6
15428	Q96KQ4
15429	Q96KQ7
15430	Q96KR1
15431	Q96KR4
15432	Q96KR6
15433	Q96KR7
15434	Q96KS0
15435	Q96KS9
15436	Q96KT0
15437	Q96KT6
15438	Q96KT7
15439	Q96KV6
15440	Q96KV7
15441	Q96KW2
15442	Q96KW9
15443	Q96KX0
15444	Q96KX1
15445	Q96KX2
15446	Q96L03
15447	Q96L08
15448	Q96L11
15449	Q96L12
15450	Q96L14
15451	Q96L15
15452	Q96L21
15453	Q96L33
15454	Q96L34
15455	Q96L42
15456	Q96L46
15457	Q96L50
15458	Q96L58
15459	Q96L73
15460	Q96L91
15461	Q96L92
15462	Q96L93
15463	Q96L94
15464	Q96L96
15465	Q96LA5
15466	Q96LA6
15467	Q96LA8
15468	Q96LA9
15469	Q96LB0
15470	Q96LB1
15471	Q96LB2
15472	Q96LB3
15473	Q96LB4
15474	Q96LB8
15475	Q96LB9
15476	Q96LC7
15477	Q96LC9
15478	Q96LD1
15479	Q96LD4
15480	Q96LD8
15481	Q96LI5
15482	Q96LI6
15483	Q96LI9
15484	Q96LJ7
15485	Q96LJ8
15486	Q96LK0
15487	Q96LK8
15488	Q96LL3
15489	Q96LL4
15490	Q96LL9
15491	Q96LM1
15492	Q96LM5
15493	Q96LM6
15494	Q96LM9
15495	Q96LP2
15496	Q96LP6
15497	Q96LQ0
15498	Q96LR2
15499	Q96LR4
15500	Q96LR5
15501	Q96LR7
15502	Q96LR9
15503	Q96LS8
15504	Q96LT4
15505	Q96LT6
15506	Q96LT7
15507	Q96LT9
15508	Q96LU5
15509	Q96LU7
15510	Q96LW1
15511	Q96LW2
15512	Q96LW4
15513	Q96LW7
15514	Q96LW9
15515	Q96LX7
15516	Q96LX8
15517	Q96LY2
15518	Q96LZ2
15519	Q96LZ3
15520	Q96LZ7
15521	Q96M02
15522	Q96M11
15523	Q96M15
15524	Q96M19
15525	Q96M20
15526	Q96M27
15527	Q96M29
15528	Q96M32
15529	Q96M34
15530	Q96M42
15531	Q96M43
15532	Q96M53
15533	Q96M60
15534	Q96M61
15535	Q96M63
15536	Q96M66
15537	Q96M69
15538	Q96M78
15539	Q96M83
15540	Q96M85
15541	Q96M86
15542	Q96M89
15543	Q96M91
15544	Q96M93
15545	Q96M94
15546	Q96M95
15547	Q96M96
15548	Q96M98
15549	Q96MA1
15550	Q96MA6
15551	Q96MB7
15552	Q96MC2
15553	Q96MC4
15554	Q96MC5
15555	Q96MC6
15556	Q96MC9
15557	Q96MD2
15558	Q96MD7
15559	Q96ME1
15560	Q96ME7
15561	Q96MF0
15562	Q96MF2
15563	Q96MF4
15564	Q96MF6
15565	Q96MF7
15566	Q96MG2
15567	Q96MG7
15568	Q96MG8
15569	Q96MH2
15570	Q96MH6
15571	Q96MH7
15572	Q96MI6
15573	Q96MI9
15574	Q96MK2
15575	Q96MK3
15576	Q96MM3
15577	Q96MM6
15578	Q96MM7
15579	Q96MN2
15580	Q96MN5
15581	Q96MN9
15582	Q96MP5
15583	Q96MP8
15584	Q96MR6
15585	Q96MR7
15586	Q96MR9
15587	Q96MS0
15588	Q96MS3
15589	Q96MT0
15590	Q96MT1
15591	Q96MT3
15592	Q96MT4
15593	Q96MT7
15594	Q96MT8
15595	Q96MU5
15596	Q96MU6
15597	Q96MU7
15598	Q96MU8
15599	Q96MV1
15600	Q96MV8
15601	Q96MW1
15602	Q96MW5
15603	Q96MW7
15604	Q96MX0
15605	Q96MX3
15606	Q96MX6
15607	Q96MY1
15608	Q96MY7
15609	Q96MZ0
15610	Q96MZ4
15611	Q96N03
15612	Q96N06
15613	Q96N11
15614	Q96N16
15615	Q96N19
15616	Q96N20
15617	Q96N21
15618	Q96N22
15619	Q96N23
15620	Q96N28
15621	Q96N35
15622	Q96N38
15623	Q96N46
15624	Q96N53
15625	Q96N58
15626	Q96N64
15627	Q96N66
15628	Q96N67
15629	Q96N68
15630	Q96N76
15631	Q96N77
15632	Q96N87
15633	Q96N95
15634	Q96N96
15635	Q96NA2
15636	Q96NA8
15637	Q96NB1
15638	Q96NB2
15639	Q96NB3
15640	Q96NC0
15641	Q96ND0
15642	Q96ND8
15643	Q96NE9
15644	Q96NG3
15645	Q96NG5
15646	Q96NG8
15647	Q96NH3
15648	Q96NI6
15649	Q96NI8
15650	Q96NJ1
15651	Q96NJ3
15652	Q96NJ5
15653	Q96NJ6
15654	Q96NK8
15655	Q96NL0
15656	Q96NL1
15657	Q96NL3
15658	Q96NL6
15659	Q96NL8
15660	Q96NM4
15661	Q96NN9
15662	Q96NR3
15663	Q96NR7
15664	Q96NR8
15665	Q96NS1
15666	Q96NS5
15667	Q96NS8
15668	Q96NT0
15669	Q96NT1
15670	Q96NT3
15671	Q96NT5
15672	Q96NU0
15673	Q96NU1
15674	Q96NU7
15675	Q96NW4
15676	Q96NW7
15677	Q96NX5
15678	Q96NX9
15679	Q96NY7
15680	Q96NY8
15681	Q96NY9
15682	Q96NZ1
15683	Q96NZ8
15684	Q96NZ9
15685	Q96P09
15686	Q96P11
15687	Q96P15
15688	Q96P16
15689	Q96P20
15690	Q96P26
15691	Q96P31
15692	Q96P44
15693	Q96P47
15694	Q96P48
15695	Q96P50
15696	Q96P53
15697	Q96P56
15698	Q96P63
15699	Q96P64
15700	Q96P65
15701	Q96P66
15702	Q96P67
15703	Q96P68
15704	Q96P69
15705	Q96P70
15706	Q96P71
15707	Q96P88
15708	Q96PB1
15709	Q96PB7
15710	Q96PB8
15711	Q96PC2
15712	Q96PC3
15713	Q96PC5
15714	Q96PD2
15715	Q96PD4
15716	Q96PD5
15717	Q96PD6
15718	Q96PD7
15719	Q96PE1
15720	Q96PE2
15721	Q96PE3
15722	Q96PE5
15723	Q96PE6
15724	Q96PE7
15725	Q96PF1
15726	Q96PF2
15727	Q96PG1
15728	Q96PG2
15729	Q96PG8
15730	Q96PH1
15731	Q96PH6
15732	Q96PI1
15733	Q96PJ5
15734	Q96PK6
15735	Q96PL1
15736	Q96PL2
15737	Q96PL5
15738	Q96PM5
15739	Q96PM9
15740	Q96PN6
15741	Q96PN7
15742	Q96PN8
15743	Q96PP4
15744	Q96PP8
15745	Q96PP9
15746	Q96PQ0
15747	Q96PQ1
15748	Q96PQ5
15749	Q96PQ6
15750	Q96PQ7
15751	Q96PR1
15752	Q96PS1
15753	Q96PS6
15754	Q96PS8
15755	Q96PT3
15756	Q96PT4
15757	Q96PU4
15758	Q96PU5
15759	Q96PU8
15760	Q96PU9
15761	Q96PV0
15762	Q96PV4
15763	Q96PV6
15764	Q96PV7
15765	Q96PX1
15766	Q96PX6
15767	Q96PX8
15768	Q96PX9
15769	Q96PY0
15770	Q96PY5
15771	Q96PY6
15772	Q96PZ0
15773	Q96PZ2
15774	Q96PZ7
15775	Q96Q04
15776	Q96Q05
15777	Q96Q06
15778	Q96Q07
15779	Q96Q11
15780	Q96Q15
15781	Q96Q27
15782	Q96Q35
15783	Q96Q40
15784	Q96Q42
15785	Q96Q45
15786	Q96Q77
15787	Q96Q80
15788	Q96Q83
15789	Q96Q89
15790	Q96Q91
15791	Q96QA5
15792	Q96QA6
15793	Q96QB1
15794	Q96QC0
15795	Q96QD5
15796	Q96QD8
15797	Q96QD9
15798	Q96QE2
15799	Q96QE3
15800	Q96QE4
15801	Q96QE5
15802	Q96QF0
15803	Q96QF7
15804	Q96QG7
15805	Q96QH2
15806	Q96QH8
15807	Q96QI5
15808	Q96QK1
15809	Q96QK8
15810	Q96QP1
15811	Q96QR1
15812	Q96QR8
15813	Q96QS1
15814	Q96QS3
15815	Q96QS6
15816	Q96QT4
15817	Q96QT6
15818	Q96QU1
15819	Q96QU4
15820	Q96QU6
15821	Q96QU8
15822	Q96QV1
15823	Q96QV6
15824	Q96QZ0
15825	Q96QZ7
15826	Q96R05
15827	Q96R06
15828	Q96R08
15829	Q96R09
15830	Q96R27
15831	Q96R28
15832	Q96R30
15833	Q96R45
15834	Q96R47
15835	Q96R48
15836	Q96R54
15837	Q96R67
15838	Q96R69
15839	Q96R72
15840	Q96R84
15841	Q96RA2
15842	Q96RB7
15843	Q96RC9
15844	Q96RD0
15845	Q96RD1
15846	Q96RD2
15847	Q96RD3
15848	Q96RD6
15849	Q96RD7
15850	Q96RD9
15851	Q96RE7
15852	Q96RE9
15853	Q96RF0
15854	Q96RG2
15855	Q96RI0
15856	Q96RI1
15857	Q96RI8
15858	Q96RI9
15859	Q96RJ0
15860	Q96RJ3
15861	Q96RJ6
15862	Q96RK0
15863	Q96RK1
15864	Q96RK4
15865	Q96RL1
15866	Q96RL6
15867	Q96RL7
15868	Q96RM1
15869	Q96RN1
15870	Q96RN5
15871	Q96RP3
15872	Q96RP7
15873	Q96RP8
15874	Q96RP9
15875	Q96RQ1
15876	Q96RQ3
15877	Q96RQ9
15878	Q96RR1
15879	Q96RR4
15880	Q96RS0
15881	Q96RS6
15882	Q96RT1
15883	Q96RT6
15884	Q96RT7
15885	Q96RT8
15886	Q96RU2
15887	Q96RU3
15888	Q96RU7
15889	Q96RU8
15890	Q96RV3
15891	Q96RW7
15892	Q96RY5
15893	Q96RY7
15894	Q96S06
15895	Q96S15
15896	Q96S16
15897	Q96S19
15898	Q96S21
15899	Q96S37
15900	Q96S38
15901	Q96S42
15902	Q96S44
15903	Q96S52
15904	Q96S53
15905	Q96S55
15906	Q96S59
15907	Q96S65
15908	Q96S66
15909	Q96S79
15910	Q96S82
15911	Q96S86
15912	Q96S90
15913	Q96S94
15914	Q96S95
15915	Q96S96
15916	Q96S97
15917	Q96S99
15918	Q96SA4
15919	Q96SB3
15920	Q96SB4
15921	Q96SB8
15922	Q96SC8
15923	Q96SD1
15924	Q96SE0
15925	Q96SE7
15926	Q96SF2
15927	Q96SF7
15928	Q96SI1
15929	Q96SI9
15930	Q96SJ8
15931	Q96SK2
15932	Q96SK3
15933	Q96SL1
15934	Q96SL4
15935	Q96SL8
15936	Q96SM3
15937	Q96SN7
15938	Q96SN8
15939	Q96SQ5
15940	Q96SQ7
15941	Q96SQ9
15942	Q96SR6
15943	Q96ST2
15944	Q96ST3
15945	Q96ST8
15946	Q96SU4
15947	Q96SW2
15948	Q96SY0
15949	Q96SZ4
15950	Q96SZ5
15951	Q96SZ6
15952	Q96T17
15953	Q96T21
15954	Q96T23
15955	Q96T25
15956	Q96T37
15957	Q96T49
15958	Q96T51
15959	Q96T52
15960	Q96T53
15961	Q96T54
15962	Q96T55
15963	Q96T58
15964	Q96T59
15965	Q96T60
15966	Q96T66
15967	Q96T68
15968	Q96T75
15969	Q96T76
15970	Q96T83
15971	Q96T88
15972	Q96T91
15973	Q96T92
15974	Q96TA0
15975	Q96TA1
15976	Q96TA2
15977	Q96TC7
15978	Q99062
15979	Q99075
15980	Q99081
15981	Q99102
15982	Q99217
15983	Q99218
15984	Q99250
15985	Q99259
15986	Q99417
15987	Q99418
15988	Q99424
15989	Q99426
15990	Q99435
15991	Q99436
15992	Q99437
15993	Q99439
15994	Q99440
15995	Q99442
15996	Q99445
15997	Q99447
15998	Q99453
15999	Q99456
16000	Q99457
16001	Q99459
16002	Q99460
16003	Q99463
16004	Q99466
16005	Q99467
16006	Q99469
16007	Q99470
16008	Q99471
16009	Q99487
16010	Q99489
16011	Q99490
16012	Q99496
16013	Q99497
16014	Q99500
16015	Q99501
16016	Q99502
16017	Q99504
16018	Q99518
16019	Q99519
16020	Q99523
16021	Q99525
16022	Q99527
16023	Q99536
16024	Q99538
16025	Q99541
16026	Q99542
16027	Q99543
16028	Q99547
16029	Q99549
16030	Q99550
16031	Q99551
16032	Q99558
16033	Q99567
16034	Q99569
16035	Q99570
16036	Q99571
16037	Q99572
16038	Q99574
16039	Q99575
16040	Q99576
16041	Q99578
16042	Q99581
16043	Q99583
16044	Q99584
16045	Q99590
16046	Q99592
16047	Q99593
16048	Q99594
16049	Q99595
16050	Q99598
16051	Q99603
16052	Q99607
16053	Q99608
16054	Q99611
16055	Q99612
16056	Q99613
16057	Q99614
16058	Q99615
16059	Q99616
16060	Q99618
16061	Q99619
16062	Q99622
16063	Q99623
16064	Q99624
16065	Q99626
16066	Q99627
16067	Q99633
16068	Q99638
16069	Q99640
16070	Q99643
16071	Q99645
16072	Q99650
16073	Q99653
16074	Q99661
16075	Q99665
16076	Q99666
16077	Q99674
16078	Q99675
16079	Q99676
16080	Q99677
16081	Q99678
16082	Q99679
16083	Q99680
16084	Q99683
16085	Q99684
16086	Q99685
16087	Q99687
16088	Q99689
16089	Q99697
16090	Q99698
16091	Q99700
16092	Q99704
16093	Q99705
16094	Q99706
16095	Q99707
16096	Q99708
16097	Q99712
16098	Q99714
16099	Q99715
16100	Q99717
16101	Q99719
16102	Q99720
16103	Q99726
16104	Q99727
16105	Q99728
16106	Q99729
16107	Q99731
16108	Q99732
16109	Q99733
16110	Q99735
16111	Q99741
16112	Q99742
16113	Q99743
16114	Q99747
16115	Q99748
16116	Q99750
16117	Q99755
16118	Q99757
16119	Q99758
16120	Q99759
16121	Q99766
16122	Q99767
16123	Q99784
16124	Q99788
16125	Q99795
16126	Q99797
16127	Q99798
16128	Q99801
16129	Q99805
16130	Q99807
16131	Q99808
16132	Q99811
16133	Q99814
16134	Q99816
16135	Q99819
16136	Q99828
16137	Q99829
16138	Q99832
16139	Q99835
16140	Q99836
16141	Q99848
16142	Q99853
16143	Q99856
16144	Q99865
16145	Q99871
16146	Q99873
16147	Q99877
16148	Q99878
16149	Q99879
16150	Q99880
16151	Q99884
16152	Q99895
16153	Q99909
16154	Q99928
16155	Q99929
16156	Q99932
16157	Q99933
16158	Q99935
16159	Q99941
16160	Q99942
16161	Q99943
16162	Q99944
16163	Q99946
16164	Q99952
16165	Q99954
16166	Q99956
16167	Q99958
16168	Q99959
16169	Q99961
16170	Q99962
16171	Q99963
16172	Q99965
16173	Q99966
16174	Q99967
16175	Q99969
16176	Q99972
16177	Q99973
16178	Q99983
16179	Q99985
16180	Q99986
16181	Q99988
16182	Q99990
16183	Q99996
16184	Q99999
16185	Q9BPU6
16186	Q9BPU9
16187	Q9BPV8
16188	Q9BPW4
16189	Q9BPW5
16190	Q9BPW8
16191	Q9BPW9
16192	Q9BPX1
16193	Q9BPX3
16194	Q9BPX5
16195	Q9BPX6
16196	Q9BPX7
16197	Q9BPY3
16198	Q9BPY8
16199	Q9BPZ2
16200	Q9BPZ3
16201	Q9BPZ7
16202	Q9BQ04
16203	Q9BQ08
16204	Q9BQ13
16205	Q9BQ15
16206	Q9BQ16
16207	Q9BQ24
16208	Q9BQ31
16209	Q9BQ39
16210	Q9BQ48
16211	Q9BQ49
16212	Q9BQ50
16213	Q9BQ51
16214	Q9BQ52
16215	Q9BQ61
16216	Q9BQ65
16217	Q9BQ66
16218	Q9BQ67
16219	Q9BQ69
16220	Q9BQ70
16221	Q9BQ75
16222	Q9BQ83
16223	Q9BQ87
16224	Q9BQ89
16225	Q9BQ90
16226	Q9BQ95
16227	Q9BQA1
16228	Q9BQA5
16229	Q9BQA9
16230	Q9BQB4
16231	Q9BQB6
16232	Q9BQC3
16233	Q9BQC6
16234	Q9BQD1
16235	Q9BQD3
16236	Q9BQD7
16237	Q9BQE3
16238	Q9BQE4
16239	Q9BQE5
16240	Q9BQE6
16241	Q9BQE9
16242	Q9BQF6
16243	Q9BQG0
16244	Q9BQG1
16245	Q9BQG2
16246	Q9BQI0
16247	Q9BQI3
16248	Q9BQI4
16249	Q9BQI5
16250	Q9BQI6
16251	Q9BQI7
16252	Q9BQI9
16253	Q9BQJ4
16254	Q9BQK8
16255	Q9BQL6
16256	Q9BQM9
16257	Q9BQN1
16258	Q9BQP7
16259	Q9BQP9
16260	Q9BQQ3
16261	Q9BQQ7
16262	Q9BQR3
16263	Q9BQS2
16264	Q9BQS6
16265	Q9BQS7
16266	Q9BQS8
16267	Q9BQT8
16268	Q9BQT9
16269	Q9BQW3
16270	Q9BQY4
16271	Q9BQY6
16272	Q9BQY9
16273	Q9BR01
16274	Q9BR09
16275	Q9BR10
16276	Q9BR11
16277	Q9BR26
16278	Q9BR39
16279	Q9BR46
16280	Q9BR61
16281	Q9BR76
16282	Q9BR77
16283	Q9BR84
16284	Q9BRA0
16285	Q9BRA2
16286	Q9BRB3
16287	Q9BRC7
16288	Q9BRD0
16289	Q9BRF8
16290	Q9BRG1
16291	Q9BRG2
16292	Q9BRH9
16293	Q9BRI3
16294	Q9BRJ2
16295	Q9BRJ6
16296	Q9BRJ7
16297	Q9BRJ9
16298	Q9BRK0
16299	Q9BRK3
16300	Q9BRK4
16301	Q9BRK5
16302	Q9BRL6
16303	Q9BRL7
16304	Q9BRN9
16305	Q9BRP0
16306	Q9BRP1
16307	Q9BRP4
16308	Q9BRP7
16309	Q9BRP8
16310	Q9BRP9
16311	Q9BRQ0
16312	Q9BRQ3
16313	Q9BRQ4
16314	Q9BRQ5
16315	Q9BRQ6
16316	Q9BRQ8
16317	Q9BRR0
16318	Q9BRR3
16319	Q9BRR6
16320	Q9BRR8
16321	Q9BRR9
16322	Q9BRS2
16323	Q9BRS8
16324	Q9BRT2
16325	Q9BRT3
16326	Q9BRT6
16327	Q9BRT8
16328	Q9BRT9
16329	Q9BRU2
16330	Q9BRU9
16331	Q9BRV3
16332	Q9BRV8
16333	Q9BRX2
16334	Q9BRX5
16335	Q9BRX8
16336	Q9BRX9
16337	Q9BRY0
16338	Q9BRZ2
16339	Q9BS16
16340	Q9BS18
16341	Q9BS26
16342	Q9BS31
16343	Q9BS34
16344	Q9BS40
16345	Q9BS86
16346	Q9BS91
16347	Q9BS92
16348	Q9BSA4
16349	Q9BSA9
16350	Q9BSB4
16351	Q9BSC4
16352	Q9BSD3
16353	Q9BSD7
16354	Q9BSE2
16355	Q9BSE4
16356	Q9BSE5
16357	Q9BSF0
16358	Q9BSF4
16359	Q9BSF8
16360	Q9BSG0
16361	Q9BSG1
16362	Q9BSG5
16363	Q9BSH3
16364	Q9BSH4
16365	Q9BSH5
16366	Q9BSI4
16367	Q9BSJ1
16368	Q9BSJ2
16369	Q9BSJ5
16370	Q9BSJ6
16371	Q9BSJ8
16372	Q9BSK0
16373	Q9BSK1
16374	Q9BSK2
16375	Q9BSK4
16376	Q9BSL1
16377	Q9BSM1
16378	Q9BSN7
16379	Q9BSQ5
16380	Q9BSR8
16381	Q9BST9
16382	Q9BSU1
16383	Q9BSU3
16384	Q9BSV6
16385	Q9BSW2
16386	Q9BSW7
16387	Q9BSY4
16388	Q9BSY9
16389	Q9BT04
16390	Q9BT09
16391	Q9BT17
16392	Q9BT22
16393	Q9BT23
16394	Q9BT25
16395	Q9BT30
16396	Q9BT40
16397	Q9BT43
16398	Q9BT49
16399	Q9BT56
16400	Q9BT67
16401	Q9BT73
16402	Q9BT76
16403	Q9BT78
16404	Q9BT81
16405	Q9BT88
16406	Q9BT92
16407	Q9BTA0
16408	Q9BTA9
16409	Q9BTC0
16410	Q9BTC8
16411	Q9BTD1
16412	Q9BTD3
16413	Q9BTD8
16414	Q9BTE0
16415	Q9BTE1
16416	Q9BTE3
16417	Q9BTE6
16418	Q9BTE7
16419	Q9BTF0
16420	Q9BTK2
16421	Q9BTK6
16422	Q9BTL3
16423	Q9BTL4
16424	Q9BTM1
16425	Q9BTM9
16426	Q9BTN0
16427	Q9BTP6
16428	Q9BTP7
16429	Q9BTT0
16430	Q9BTT4
16431	Q9BTT6
16432	Q9BTU6
16433	Q9BTV4
16434	Q9BTV5
16435	Q9BTV6
16436	Q9BTV7
16437	Q9BTW9
16438	Q9BTX1
16439	Q9BTX3
16440	Q9BTX7
16441	Q9BTY2
16442	Q9BTY7
16443	Q9BTZ2
16444	Q9BU02
16445	Q9BU19
16446	Q9BU20
16447	Q9BU23
16448	Q9BU40
16449	Q9BU61
16450	Q9BU64
16451	Q9BU68
16452	Q9BU70
16453	Q9BU76
16454	Q9BU79
16455	Q9BU89
16456	Q9BUA3
16457	Q9BUA6
16458	Q9BUB4
16459	Q9BUB5
16460	Q9BUB7
16461	Q9BUD6
16462	Q9BUE0
16463	Q9BUE6
16464	Q9BUF5
16465	Q9BUF7
16466	Q9BUG6
16467	Q9BUH6
16468	Q9BUH8
16469	Q9BUI4
16470	Q9BUJ0
16471	Q9BUJ2
16472	Q9BUK0
16473	Q9BUK6
16474	Q9BUL5
16475	Q9BUL8
16476	Q9BUL9
16477	Q9BUM1
16478	Q9BUN1
16479	Q9BUN5
16480	Q9BUN8
16481	Q9BUP0
16482	Q9BUP3
16483	Q9BUQ8
16484	Q9BUR4
16485	Q9BUR5
16486	Q9BUT1
16487	Q9BUT9
16488	Q9BUU2
16489	Q9BUV0
16490	Q9BUV8
16491	Q9BUW7
16492	Q9BUX1
16493	Q9BUY5
16494	Q9BUY7
16495	Q9BUZ4
16496	Q9BV10
16497	Q9BV19
16498	Q9BV20
16499	Q9BV23
16500	Q9BV29
16501	Q9BV35
16502	Q9BV36
16503	Q9BV38
16504	Q9BV40
16505	Q9BV44
16506	Q9BV47
16507	Q9BV57
16508	Q9BV68
16509	Q9BV73
16510	Q9BV79
16511	Q9BV81
16512	Q9BV86
16513	Q9BV87
16514	Q9BV90
16515	Q9BV94
16516	Q9BV97
16517	Q9BV99
16518	Q9BVA0
16519	Q9BVA1
16520	Q9BVA6
16521	Q9BVC3
16522	Q9BVC4
16523	Q9BVC5
16524	Q9BVC6
16525	Q9BVG3
16526	Q9BVG4
16527	Q9BVG8
16528	Q9BVG9
16529	Q9BVH7
16530	Q9BVI0
16531	Q9BVI4
16532	Q9BVJ6
16533	Q9BVJ7
16534	Q9BVK2
16535	Q9BVK6
16536	Q9BVK8
16537	Q9BVL2
16538	Q9BVL4
16539	Q9BVM2
16540	Q9BVM4
16541	Q9BVN2
16542	Q9BVP2
16543	Q9BVQ7
16544	Q9BVR0
16545	Q9BVS4
16546	Q9BVS5
16547	Q9BVT8
16548	Q9BVV2
16549	Q9BVV6
16550	Q9BVV7
16551	Q9BVV8
16552	Q9BVW5
16553	Q9BVW6
16554	Q9BVX2
16555	Q9BW04
16556	Q9BW11
16557	Q9BW19
16558	Q9BW27
16559	Q9BW30
16560	Q9BW60
16561	Q9BW61
16562	Q9BW62
16563	Q9BW66
16564	Q9BW71
16565	Q9BW72
16566	Q9BW83
16567	Q9BW85
16568	Q9BW91
16569	Q9BW92
16570	Q9BWC9
16571	Q9BWD1
16572	Q9BWD3
16573	Q9BWE0
16574	Q9BWF2
16575	Q9BWF3
16576	Q9BWG4
16577	Q9BWG6
16578	Q9BWH2
16579	Q9BWH6
16580	Q9BWJ2
16581	Q9BWJ5
16582	Q9BWK5
16583	Q9BWL3
16584	Q9BWM5
16585	Q9BWM7
16586	Q9BWN1
16587	Q9BWP8
16588	Q9BWQ6
16589	Q9BWQ8
16590	Q9BWS9
16591	Q9BWT1
16592	Q9BWT3
16593	Q9BWT6
16594	Q9BWT7
16595	Q9BWU0
16596	Q9BWU1
16597	Q9BWV1
16598	Q9BWV2
16599	Q9BWV3
16600	Q9BWV7
16601	Q9BWW4
16602	Q9BWW7
16603	Q9BWW8
16604	Q9BWW9
16605	Q9BWX1
16606	Q9BWX5
16607	Q9BX10
16608	Q9BX26
16609	Q9BX40
16610	Q9BX46
16611	Q9BX51
16612	Q9BX59
16613	Q9BX63
16614	Q9BX66
16615	Q9BX67
16616	Q9BX68
16617	Q9BX69
16618	Q9BX70
16619	Q9BX73
16620	Q9BX74
16621	Q9BX79
16622	Q9BX82
16623	Q9BX84
16624	Q9BX93
16625	Q9BX95
16626	Q9BX97
16627	Q9BXA5
16628	Q9BXA6
16629	Q9BXA7
16630	Q9BXA9
16631	Q9BXB1
16632	Q9BXB4
16633	Q9BXB5
16634	Q9BXB7
16635	Q9BXC0
16636	Q9BXC1
16637	Q9BXC9
16638	Q9BXD5
16639	Q9BXE9
16640	Q9BXF3
16641	Q9BXF6
16642	Q9BXF9
16643	Q9BXG8
16644	Q9BXH1
16645	Q9BXI2
16646	Q9BXI3
16647	Q9BXI6
16648	Q9BXI9
16649	Q9BXJ0
16650	Q9BXJ1
16651	Q9BXJ2
16652	Q9BXJ3
16653	Q9BXJ4
16654	Q9BXJ5
16655	Q9BXJ7
16656	Q9BXJ8
16657	Q9BXJ9
16658	Q9BXK1
16659	Q9BXK5
16660	Q9BXL5
16661	Q9BXL6
16662	Q9BXL7
16663	Q9BXL8
16664	Q9BXM0
16665	Q9BXM7
16666	Q9BXM9
16667	Q9BXN1
16668	Q9BXN2
16669	Q9BXN6
16670	Q9BXP2
16671	Q9BXP5
16672	Q9BXP8
16673	Q9BXQ6
16674	Q9BXR0
16675	Q9BXR3
16676	Q9BXR5
16677	Q9BXR6
16678	Q9BXS0
16679	Q9BXS1
16680	Q9BXS4
16681	Q9BXS5
16682	Q9BXS6
16683	Q9BXS9
16684	Q9BXT2
16685	Q9BXT4
16686	Q9BXT5
16687	Q9BXT6
16688	Q9BXT8
16689	Q9BXU0
16690	Q9BXU1
16691	Q9BXU2
16692	Q9BXU3
16693	Q9BXU7
16694	Q9BXU8
16695	Q9BXU9
16696	Q9BXV9
16697	Q9BXW3
16698	Q9BXW4
16699	Q9BXW6
16700	Q9BXW7
16701	Q9BXW9
16702	Q9BXX0
16703	Q9BXX2
16704	Q9BXX3
16705	Q9BXY0
16706	Q9BXY4
16707	Q9BXY5
16708	Q9BXY8
16709	Q9BY07
16710	Q9BY08
16711	Q9BY10
16712	Q9BY11
16713	Q9BY12
16714	Q9BY14
16715	Q9BY15
16716	Q9BY19
16717	Q9BY21
16718	Q9BY27
16719	Q9BY31
16720	Q9BY32
16721	Q9BY41
16722	Q9BY42
16723	Q9BY43
16724	Q9BY44
16725	Q9BY49
16726	Q9BY50
16727	Q9BY60
16728	Q9BY64
16729	Q9BY66
16730	Q9BY67
16731	Q9BY71
16732	Q9BY76
16733	Q9BY77
16734	Q9BY78
16735	Q9BY79
16736	Q9BY84
16737	Q9BY89
16738	Q9BYB0
16739	Q9BYB4
16740	Q9BYC2
16741	Q9BYC5
16742	Q9BYC8
16743	Q9BYC9
16744	Q9BYD1
16745	Q9BYD2
16746	Q9BYD3
16747	Q9BYD5
16748	Q9BYD6
16749	Q9BYD9
16750	Q9BYE0
16751	Q9BYE2
16752	Q9BYE3
16753	Q9BYE4
16754	Q9BYE7
16755	Q9BYE9
16756	Q9BYF1
16757	Q9BYG0
16758	Q9BYG3
16759	Q9BYG4
16760	Q9BYG5
16761	Q9BYG7
16762	Q9BYG8
16763	Q9BYH1
16764	Q9BYH8
16765	Q9BYI3
16766	Q9BYJ0
16767	Q9BYJ1
16768	Q9BYJ4
16769	Q9BYJ9
16770	Q9BYK8
16771	Q9BYL1
16772	Q9BYM8
16773	Q9BYN0
16774	Q9BYN7
16775	Q9BYN8
16776	Q9BYP7
16777	Q9BYP8
16778	Q9BYP9
16779	Q9BYQ0
16780	Q9BYQ2
16781	Q9BYQ3
16782	Q9BYQ4
16783	Q9BYQ5
16784	Q9BYQ6
16785	Q9BYQ7
16786	Q9BYQ8
16787	Q9BYQ9
16788	Q9BYR0
16789	Q9BYR2
16790	Q9BYR3
16791	Q9BYR4
16792	Q9BYR5
16793	Q9BYR6
16794	Q9BYR7
16795	Q9BYR8
16796	Q9BYR9
16797	Q9BYS1
16798	Q9BYS8
16799	Q9BYT1
16800	Q9BYT3
16801	Q9BYT5
16802	Q9BYT8
16803	Q9BYT9
16804	Q9BYU1
16805	Q9BYU5
16806	Q9BYV1
16807	Q9BYV2
16808	Q9BYV6
16809	Q9BYV7
16810	Q9BYV8
16811	Q9BYV9
16812	Q9BYW1
16813	Q9BYW2
16814	Q9BYW3
16815	Q9BYX2
16816	Q9BYX4
16817	Q9BYX7
16818	Q9BYZ2
16819	Q9BYZ6
16820	Q9BYZ8
16821	Q9BZ11
16822	Q9BZ19
16823	Q9BZ23
16824	Q9BZ29
16825	Q9BZ67
16826	Q9BZ68
16827	Q9BZ71
16828	Q9BZ72
16829	Q9BZ76
16830	Q9BZ81
16831	Q9BZ95
16832	Q9BZ97
16833	Q9BZ98
16834	Q9BZA0
16835	Q9BZA5
16836	Q9BZA7
16837	Q9BZA8
16838	Q9BZB8
16839	Q9BZC1
16840	Q9BZC7
16841	Q9BZD2
16842	Q9BZD4
16843	Q9BZD6
16844	Q9BZD7
16845	Q9BZE0
16846	Q9BZE1
16847	Q9BZE2
16848	Q9BZE3
16849	Q9BZE4
16850	Q9BZE7
16851	Q9BZE9
16852	Q9BZF1
16853	Q9BZF2
16854	Q9BZF3
16855	Q9BZF9
16856	Q9BZG1
16857	Q9BZG2
16858	Q9BZG8
16859	Q9BZH6
16860	Q9BZI1
16861	Q9BZI7
16862	Q9BZJ0
16863	Q9BZJ3
16864	Q9BZJ4
16865	Q9BZJ6
16866	Q9BZJ7
16867	Q9BZJ8
16868	Q9BZK3
16869	Q9BZK7
16870	Q9BZK8
16871	Q9BZL1
16872	Q9BZL3
16873	Q9BZL4
16874	Q9BZL6
16875	Q9BZM1
16876	Q9BZM2
16877	Q9BZM3
16878	Q9BZM4
16879	Q9BZM5
16880	Q9BZM6
16881	Q9BZP3
16882	Q9BZP6
16883	Q9BZQ2
16884	Q9BZQ4
16885	Q9BZQ6
16886	Q9BZQ8
16887	Q9BZR6
16888	Q9BZR8
16889	Q9BZR9
16890	Q9BZS1
16891	Q9BZS9
16892	Q9BZV1
16893	Q9BZV2
16894	Q9BZV3
16895	Q9BZW2
16896	Q9BZW4
16897	Q9BZW5
16898	Q9BZW7
16899	Q9BZW8
16900	Q9BZX2
16901	Q9BZX4
16902	Q9BZY9
16903	Q9BZZ2
16904	Q9BZZ5
16905	Q9C000
16906	Q9C002
16907	Q9C004
16908	Q9C005
16909	Q9C009
16910	Q9C010
16911	Q9C019
16912	Q9C026
16913	Q9C029
16914	Q9C030
16915	Q9C035
16916	Q9C037
16917	Q9C040
16918	Q9C056
16919	Q9C073
16920	Q9C075
16921	Q9C086
16922	Q9C091
16923	Q9C093
16924	Q9C098
16925	Q9C099
16926	Q9C0A0
16927	Q9C0A1
16928	Q9C0A6
16929	Q9C0B0
16930	Q9C0B1
16931	Q9C0B2
16932	Q9C0B5
16933	Q9C0B6
16934	Q9C0B7
16935	Q9C0B9
16936	Q9C0C2
16937	Q9C0C4
16938	Q9C0C6
16939	Q9C0C7
16940	Q9C0C9
16941	Q9C0D0
16942	Q9C0D2
16943	Q9C0D3
16944	Q9C0D4
16945	Q9C0D5
16946	Q9C0D6
16947	Q9C0D7
16948	Q9C0D9
16949	Q9C0E2
16950	Q9C0E4
16951	Q9C0E8
16952	Q9C0F0
16953	Q9C0F1
16954	Q9C0F3
16955	Q9C0G0
16956	Q9C0G6
16957	Q9C0H2
16958	Q9C0H5
16959	Q9C0H6
16960	Q9C0H9
16961	Q9C0I1
16962	Q9C0I3
16963	Q9C0I4
16964	Q9C0I9
16965	Q9C0J1
16966	Q9C0J8
16967	Q9C0J9
16968	Q9C0K0
16969	Q9C0K1
16970	Q9C0K3
16971	Q9C0K7
16972	Q9GIP4
16973	Q9GZK3
16974	Q9GZK4
16975	Q9GZK6
16976	Q9GZK7
16977	Q9GZL7
16978	Q9GZL8
16979	Q9GZM3
16980	Q9GZM5
16981	Q9GZM6
16982	Q9GZM7
16983	Q9GZM8
16984	Q9GZN0
16985	Q9GZN1
16986	Q9GZN2
16987	Q9GZN4
16988	Q9GZN6
16989	Q9GZN7
16990	Q9GZN8
16991	Q9GZP0
16992	Q9GZP1
16993	Q9GZP4
16994	Q9GZP7
16995	Q9GZP8
16996	Q9GZP9
16997	Q9GZQ3
16998	Q9GZQ4
16999	Q9GZQ6
17000	Q9GZQ8
17001	Q9GZR1
17002	Q9GZR2
17003	Q9GZR5
17004	Q9GZR7
17005	Q9GZS0
17006	Q9GZS1
17007	Q9GZS3
17008	Q9GZS9
17009	Q9GZT3
17010	Q9GZT4
17011	Q9GZT5
17012	Q9GZT6
17013	Q9GZT8
17014	Q9GZT9
17015	Q9GZU0
17016	Q9GZU1
17017	Q9GZU2
17018	Q9GZU3
17019	Q9GZU5
17020	Q9GZU7
17021	Q9GZU8
17022	Q9GZV1
17023	Q9GZV3
17024	Q9GZV4
17025	Q9GZV5
17026	Q9GZV7
17027	Q9GZV8
17028	Q9GZV9
17029	Q9GZW5
17030	Q9GZW8
17031	Q9GZX3
17032	Q9GZX5
17033	Q9GZX6
17034	Q9GZX7
17035	Q9GZX9
17036	Q9GZY0
17037	Q9GZY1
17038	Q9GZY4
17039	Q9GZY6
17040	Q9GZY8
17041	Q9GZZ0
17042	Q9GZZ1
17043	Q9GZZ6
17044	Q9GZZ7
17045	Q9GZZ8
17046	Q9GZZ9
17047	Q9H000
17048	Q9H008
17049	Q9H009
17050	Q9H013
17051	Q9H015
17052	Q9H019
17053	Q9H040
17054	Q9H061
17055	Q9H063
17056	Q9H069
17057	Q9H074
17058	Q9H078
17059	Q9H079
17060	Q9H081
17061	Q9H082
17062	Q9H089
17063	Q9H091
17064	Q9H093
17065	Q9H094
17066	Q9H095
17067	Q9H098
17068	Q9H0A0
17069	Q9H0A3
17070	Q9H0A6
17071	Q9H0A8
17072	Q9H0A9
17073	Q9H0B3
17074	Q9H0B6
17075	Q9H0B8
17076	Q9H0C1
17077	Q9H0C2
17078	Q9H0C3
17079	Q9H0C5
17080	Q9H0C8
17081	Q9H0D2
17082	Q9H0D6
17083	Q9H0E2
17084	Q9H0E3
17085	Q9H0E7
17086	Q9H0E9
17087	Q9H0F5
17088	Q9H0F6
17089	Q9H0F7
17090	Q9H0G5
17091	Q9H0H0
17092	Q9H0H3
17093	Q9H0H5
17094	Q9H0H9
17095	Q9H0I2
17096	Q9H0I3
17097	Q9H0I9
17098	Q9H0J4
17099	Q9H0J9
17100	Q9H0K1
17101	Q9H0K4
17102	Q9H0K6
17103	Q9H0L4
17104	Q9H0M0
17105	Q9H0M4
17106	Q9H0M5
17107	Q9H0N0
17108	Q9H0N5
17109	Q9H0P0
17110	Q9H0P7
17111	Q9H0Q0
17112	Q9H0Q3
17113	Q9H0R1
17114	Q9H0R3
17115	Q9H0R4
17116	Q9H0R5
17117	Q9H0R6
17118	Q9H0R8
17119	Q9H0S4
17120	Q9H0T7
17121	Q9H0U3
17122	Q9H0U4
17123	Q9H0U6
17124	Q9H0U9
17125	Q9H0V1
17126	Q9H0V9
17127	Q9H0W5
17128	Q9H0W7
17129	Q9H0W8
17130	Q9H0W9
17131	Q9H0X4
17132	Q9H0X6
17133	Q9H0X9
17134	Q9H0Y0
17135	Q9H0Z9
17136	Q9H106
17137	Q9H112
17138	Q9H114
17139	Q9H115
17140	Q9H116
17141	Q9H147
17142	Q9H156
17143	Q9H158
17144	Q9H159
17145	Q9H160
17146	Q9H161
17147	Q9H165
17148	Q9H169
17149	Q9H171
17150	Q9H172
17151	Q9H173
17152	Q9H175
17153	Q9H190
17154	Q9H195
17155	Q9H1A3
17156	Q9H1A4
17157	Q9H1A7
17158	Q9H1B4
17159	Q9H1B5
17160	Q9H1B7
17161	Q9H1C0
17162	Q9H1C3
17163	Q9H1C4
17164	Q9H1C7
17165	Q9H1D0
17166	Q9H1D9
17167	Q9H1E1
17168	Q9H1E3
17169	Q9H1E5
17170	Q9H1F0
17171	Q9H1H1
17172	Q9H1H9
17173	Q9H1I8
17174	Q9H1J1
17175	Q9H1J5
17176	Q9H1J7
17177	Q9H1K0
17178	Q9H1K1
17179	Q9H1K4
17180	Q9H1K6
17181	Q9H1L0
17182	Q9H1M0
17183	Q9H1M3
17184	Q9H1M4
17185	Q9H1N7
17186	Q9H1P3
17187	Q9H1P6
17188	Q9H1Q7
17189	Q9H1R2
17190	Q9H1R3
17191	Q9H1U4
17192	Q9H1U9
17193	Q9H1V8
17194	Q9H1X1
17195	Q9H1X3
17196	Q9H1Y0
17197	Q9H1Y3
17198	Q9H1Z4
17199	Q9H1Z8
17200	Q9H1Z9
17201	Q9H201
17202	Q9H204
17203	Q9H205
17204	Q9H207
17205	Q9H208
17206	Q9H209
17207	Q9H210
17208	Q9H211
17209	Q9H213
17210	Q9H221
17211	Q9H222
17212	Q9H223
17213	Q9H227
17214	Q9H228
17215	Q9H237
17216	Q9H239
17217	Q9H244
17218	Q9H246
17219	Q9H251
17220	Q9H252
17221	Q9H254
17222	Q9H255
17223	Q9H257
17224	Q9H267
17225	Q9H269
17226	Q9H270
17227	Q9H293
17228	Q9H295
17229	Q9H299
17230	Q9H2A2
17231	Q9H2A3
17232	Q9H2A7
17233	Q9H2A9
17234	Q9H2B2
17235	Q9H2B4
17236	Q9H2C0
17237	Q9H2C1
17238	Q9H2C2
17239	Q9H2C5
17240	Q9H2C8
17241	Q9H2D1
17242	Q9H2D6
17243	Q9H2E6
17244	Q9H2F3
17245	Q9H2F5
17246	Q9H2F9
17247	Q9H2G2
17248	Q9H2G4
17249	Q9H2G9
17250	Q9H2H0
17251	Q9H2H8
17252	Q9H2H9
17253	Q9H2I8
17254	Q9H2J1
17255	Q9H2J4
17256	Q9H2J7
17257	Q9H2K0
17258	Q9H2K2
17259	Q9H2K8
17260	Q9H2L4
17261	Q9H2L5
17262	Q9H2M3
17263	Q9H2M9
17264	Q9H2P0
17265	Q9H2P9
17266	Q9H2R5
17267	Q9H2S1
17268	Q9H2S5
17269	Q9H2S6
17270	Q9H2S9
17271	Q9H2T7
17272	Q9H2U1
17273	Q9H2U2
17274	Q9H2U6
17275	Q9H2U9
17276	Q9H2V7
17277	Q9H2W1
17278	Q9H2W2
17279	Q9H2W6
17280	Q9H2X0
17281	Q9H2X3
17282	Q9H2X6
17283	Q9H2X8
17284	Q9H2X9
17285	Q9H2Y7
17286	Q9H2Y9
17287	Q9H2Z4
17288	Q9H300
17289	Q9H305
17290	Q9H306
17291	Q9H307
17292	Q9H310
17293	Q9H313
17294	Q9H320
17295	Q9H321
17296	Q9H322
17297	Q9H324
17298	Q9H329
17299	Q9H330
17300	Q9H334
17301	Q9H336
17302	Q9H339
17303	Q9H340
17304	Q9H341
17305	Q9H342
17306	Q9H343
17307	Q9H344
17308	Q9H346
17309	Q9H347
17310	Q9H354
17311	Q9H361
17312	Q9H379
17313	Q9H3C7
17314	Q9H3D4
17315	Q9H3E2
17316	Q9H3F6
17317	Q9H3G5
17318	Q9H3H1
17319	Q9H3H3
17320	Q9H3H5
17321	Q9H3H9
17322	Q9H3J6
17323	Q9H3K2
17324	Q9H3K6
17325	Q9H3L0
17326	Q9H3M0
17327	Q9H3M7
17328	Q9H3M9
17329	Q9H3N1
17330	Q9H3N8
17331	Q9H3P2
17332	Q9H3P7
17333	Q9H3Q1
17334	Q9H3Q3
17335	Q9H3R0
17336	Q9H3R1
17337	Q9H3R2
17338	Q9H3R5
17339	Q9H3S1
17340	Q9H3S3
17341	Q9H3S4
17342	Q9H3S5
17343	Q9H3S7
17344	Q9H3T2
17345	Q9H3T3
17346	Q9H3U1
17347	Q9H3U5
17348	Q9H3U7
17349	Q9H3V2
17350	Q9H3W5
17351	Q9H3Y0
17352	Q9H3Y6
17353	Q9H3Y8
17354	Q9H3Z4
17355	Q9H3Z7
17356	Q9H400
17357	Q9H410
17358	Q9H422
17359	Q9H425
17360	Q9H426
17361	Q9H427
17362	Q9H444
17363	Q9H446
17364	Q9H461
17365	Q9H467
17366	Q9H469
17367	Q9H477
17368	Q9H478
17369	Q9H479
17370	Q9H488
17371	Q9H489
17372	Q9H490
17373	Q9H492
17374	Q9H496
17375	Q9H497
17376	Q9H4A3
17377	Q9H4A4
17378	Q9H4A5
17379	Q9H4A6
17380	Q9H4A9
17381	Q9H4B0
17382	Q9H4B4
17383	Q9H4B6
17384	Q9H4B7
17385	Q9H4B8
17386	Q9H4D0
17387	Q9H4D5
17388	Q9H4E5
17389	Q9H4E7
17390	Q9H4F1
17391	Q9H4F8
17392	Q9H4G0
17393	Q9H4G1
17394	Q9H4G4
17395	Q9H4G8
17396	Q9H4H8
17397	Q9H4I0
17398	Q9H4I2
17399	Q9H4I3
17400	Q9H4I8
17401	Q9H4I9
17402	Q9H4K1
17403	Q9H4K7
17404	Q9H4L4
17405	Q9H4L5
17406	Q9H4L7
17407	Q9H4M3
17408	Q9H4M7
17409	Q9H4M9
17410	Q9H4P4
17411	Q9H4Q3
17412	Q9H4Q4
17413	Q9H4R4
17414	Q9H4S2
17415	Q9H4T2
17416	Q9H4W6
17417	Q9H4X1
17418	Q9H4Y5
17419	Q9H4Z2
17420	Q9H4Z3
17421	Q9H501
17422	Q9H503
17423	Q9H511
17424	Q9H521
17425	Q9H553
17426	Q9H560
17427	Q9H568
17428	Q9H579
17429	Q9H582
17430	Q9H583
17431	Q9H596
17432	Q9H598
17433	Q9H5F2
17434	Q9H5H4
17435	Q9H5I1
17436	Q9H5I5
17437	Q9H5J0
17438	Q9H5J4
17439	Q9H5J8
17440	Q9H5K3
17441	Q9H5L6
17442	Q9H5N1
17443	Q9H5P4
17444	Q9H5Q4
17445	Q9H5U6
17446	Q9H5V7
17447	Q9H5V8
17448	Q9H5V9
17449	Q9H5X1
17450	Q9H5Y7
17451	Q9H5Z1
17452	Q9H5Z6
17453	Q9H606
17454	Q9H607
17455	Q9H609
17456	Q9H611
17457	Q9H628
17458	Q9H633
17459	Q9H649
17460	Q9H665
17461	Q9H668
17462	Q9H672
17463	Q9H693
17464	Q9H694
17465	Q9H6A0
17466	Q9H6A9
17467	Q9H6B1
17468	Q9H6B4
17469	Q9H6B9
17470	Q9H6D3
17471	Q9H6D7
17472	Q9H6D8
17473	Q9H6E4
17474	Q9H6E5
17475	Q9H6F2
17476	Q9H6F5
17477	Q9H6H4
17478	Q9H6I2
17479	Q9H6J7
17480	Q9H6K1
17481	Q9H6K4
17482	Q9H6K5
17483	Q9H6L2
17484	Q9H6L4
17485	Q9H6L5
17486	Q9H6N6
17487	Q9H6P5
17488	Q9H6Q3
17489	Q9H6Q4
17490	Q9H6R0
17491	Q9H6R3
17492	Q9H6R4
17493	Q9H6R6
17494	Q9H6R7
17495	Q9H6S0
17496	Q9H6S1
17497	Q9H6S3
17498	Q9H6T0
17499	Q9H6T3
17500	Q9H6U6
17501	Q9H6U8
17502	Q9H6V9
17503	Q9H6W3
17504	Q9H6X2
17505	Q9H6X4
17506	Q9H6X5
17507	Q9H6Y2
17508	Q9H6Y5
17509	Q9H6Y7
17510	Q9H6Z4
17511	Q9H6Z9
17512	Q9H706
17513	Q9H707
17514	Q9H714
17515	Q9H720
17516	Q9H741
17517	Q9H756
17518	Q9H765
17519	Q9H772
17520	Q9H773
17521	Q9H777
17522	Q9H788
17523	Q9H790
17524	Q9H792
17525	Q9H799
17526	Q9H7B2
17527	Q9H7B4
17528	Q9H7B7
17529	Q9H7C4
17530	Q9H7C9
17531	Q9H7D0
17532	Q9H7D7
17533	Q9H7E2
17534	Q9H7E9
17535	Q9H7F0
17536	Q9H7F4
17537	Q9H7H0
17538	Q9H7J1
17539	Q9H7L2
17540	Q9H7L9
17541	Q9H7M6
17542	Q9H7M9
17543	Q9H7N4
17544	Q9H7P6
17545	Q9H7P9
17546	Q9H7R0
17547	Q9H7R5
17548	Q9H7S9
17549	Q9H7T0
17550	Q9H7T3
17551	Q9H7T9
17552	Q9H7U1
17553	Q9H7V2
17554	Q9H7X0
17555	Q9H7X2
17556	Q9H7X3
17557	Q9H7X7
17558	Q9H7Y0
17559	Q9H7Z3
17560	Q9H7Z6
17561	Q9H7Z7
17562	Q9H808
17563	Q9H813
17564	Q9H814
17565	Q9H816
17566	Q9H819
17567	Q9H825
17568	Q9H832
17569	Q9H840
17570	Q9H841
17571	Q9H845
17572	Q9H853
17573	Q9H857
17574	Q9H867
17575	Q9H869
17576	Q9H871
17577	Q9H875
17578	Q9H892
17579	Q9H898
17580	Q9H8E8
17581	Q9H8G1
17582	Q9H8G2
17583	Q9H8H0
17584	Q9H8H2
17585	Q9H8H3
17586	Q9H8J5
17587	Q9H8K7
17588	Q9H8L6
17589	Q9H8M1
17590	Q9H8M2
17591	Q9H8M5
17592	Q9H8M7
17593	Q9H8M9
17594	Q9H8N7
17595	Q9H8P0
17596	Q9H8Q6
17597	Q9H8S5
17598	Q9H8S9
17599	Q9H8T0
17600	Q9H8U3
17601	Q9H8V3
17602	Q9H8V8
17603	Q9H8W2
17604	Q9H8W3
17605	Q9H8W4
17606	Q9H8W5
17607	Q9H8X2
17608	Q9H8X3
17609	Q9H8X9
17610	Q9H8Y1
17611	Q9H8Y5
17612	Q9H8Y8
17613	Q9H900
17614	Q9H902
17615	Q9H903
17616	Q9H910
17617	Q9H920
17618	Q9H930
17619	Q9H936
17620	Q9H939
17621	Q9H944
17622	Q9H963
17623	Q9H967
17624	Q9H972
17625	Q9H974
17626	Q9H977
17627	Q9H981
17628	Q9H987
17629	Q9H992
17630	Q9H993
17631	Q9H999
17632	Q9H9A5
17633	Q9H9A6
17634	Q9H9A7
17635	Q9H9B1
17636	Q9H9B4
17637	Q9H9C1
17638	Q9H9D4
17639	Q9H9E1
17640	Q9H9E3
17641	Q9H9F9
17642	Q9H9G7
17643	Q9H9H4
17644	Q9H9H5
17645	Q9H9J2
17646	Q9H9J4
17647	Q9H9K5
17648	Q9H9L3
17649	Q9H9L4
17650	Q9H9L7
17651	Q9H9P2
17652	Q9H9P5
17653	Q9H9P8
17654	Q9H9Q2
17655	Q9H9Q4
17656	Q9H9R9
17657	Q9H9S0
17658	Q9H9S3
17659	Q9H9S4
17660	Q9H9S5
17661	Q9H9T3
17662	Q9H9V4
17663	Q9H9V9
17664	Q9H9Y2
17665	Q9H9Y4
17666	Q9H9Y6
17667	Q9H9Z2
17668	Q9HA38
17669	Q9HA47
17670	Q9HA64
17671	Q9HA65
17672	Q9HA72
17673	Q9HA77
17674	Q9HA82
17675	Q9HA90
17676	Q9HA92
17677	Q9HAA7
17678	Q9HAB3
17679	Q9HAB8
17680	Q9HAC7
17681	Q9HAC8
17682	Q9HAD4
17683	Q9HAE3
17684	Q9HAF1
17685	Q9HAH1
17686	Q9HAH7
17687	Q9HAI6
17688	Q9HAJ7
17689	Q9HAK2
17690	Q9HAN9
17691	Q9HAP2
17692	Q9HAP6
17693	Q9HAQ2
17694	Q9HAR2
17695	Q9HAS0
17696	Q9HAS3
17697	Q9HAT0
17698	Q9HAT1
17699	Q9HAT2
17700	Q9HAT8
17701	Q9HAU0
17702	Q9HAU4
17703	Q9HAU5
17704	Q9HAU6
17705	Q9HAU8
17706	Q9HAV0
17707	Q9HAV4
17708	Q9HAV5
17709	Q9HAV7
17710	Q9HAW0
17711	Q9HAW4
17712	Q9HAW7
17713	Q9HAW8
17714	Q9HAW9
17715	Q9HAY2
17716	Q9HAY6
17717	Q9HAZ1
17718	Q9HAZ2
17719	Q9HB03
17720	Q9HB07
17721	Q9HB09
17722	Q9HB14
17723	Q9HB15
17724	Q9HB19
17725	Q9HB20
17726	Q9HB21
17727	Q9HB29
17728	Q9HB31
17729	Q9HB40
17730	Q9HB55
17731	Q9HB58
17732	Q9HB63
17733	Q9HB65
17734	Q9HB71
17735	Q9HB75
17736	Q9HB89
17737	Q9HB90
17738	Q9HB96
17739	Q9HBA0
17740	Q9HBA9
17741	Q9HBB8
17742	Q9HBD1
17743	Q9HBE1
17744	Q9HBE4
17745	Q9HBE5
17746	Q9HBF4
17747	Q9HBF5
17748	Q9HBG4
17749	Q9HBG6
17750	Q9HBG7
17751	Q9HBH0
17752	Q9HBH1
17753	Q9HBH5
17754	Q9HBH7
17755	Q9HBH9
17756	Q9HBI0
17757	Q9HBI1
17758	Q9HBI5
17759	Q9HBI6
17760	Q9HBJ0
17761	Q9HBJ7
17762	Q9HBJ8
17763	Q9HBK9
17764	Q9HBL0
17765	Q9HBL6
17766	Q9HBL7
17767	Q9HBL8
17768	Q9HBM0
17769	Q9HBM1
17770	Q9HBM6
17771	Q9HBQ8
17772	Q9HBR0
17773	Q9HBT6
17774	Q9HBT7
17775	Q9HBT8
17776	Q9HBU1
17777	Q9HBU6
17778	Q9HBU9
17779	Q9HBV1
17780	Q9HBV2
17781	Q9HBW0
17782	Q9HBW1
17783	Q9HBW9
17784	Q9HBX3
17785	Q9HBX8
17786	Q9HBX9
17787	Q9HBY0
17788	Q9HBY8
17789	Q9HBZ2
17790	Q9HC07
17791	Q9HC10
17792	Q9HC16
17793	Q9HC21
17794	Q9HC23
17795	Q9HC24
17796	Q9HC29
17797	Q9HC35
17798	Q9HC36
17799	Q9HC38
17800	Q9HC44
17801	Q9HC47
17802	Q9HC52
17803	Q9HC56
17804	Q9HC57
17805	Q9HC58
17806	Q9HC62
17807	Q9HC73
17808	Q9HC77
17809	Q9HC78
17810	Q9HC84
17811	Q9HC96
17812	Q9HC97
17813	Q9HC98
17814	Q9HCB6
17815	Q9HCC0
17816	Q9HCC6
17817	Q9HCC8
17818	Q9HCC9
17819	Q9HCD5
17820	Q9HCD6
17821	Q9HCE0
17822	Q9HCE1
17823	Q9HCE3
17824	Q9HCE5
17825	Q9HCE6
17826	Q9HCE7
17827	Q9HCE9
17828	Q9HCF6
17829	Q9HCG1
17830	Q9HCG7
17831	Q9HCG8
17832	Q9HCH0
17833	Q9HCH3
17834	Q9HCH5
17835	Q9HCI5
17836	Q9HCI6
17837	Q9HCI7
17838	Q9HCJ0
17839	Q9HCJ1
17840	Q9HCJ2
17841	Q9HCJ3
17842	Q9HCJ5
17843	Q9HCJ6
17844	Q9HCK0
17845	Q9HCK1
17846	Q9HCK4
17847	Q9HCK5
17848	Q9HCK8
17849	Q9HCL0
17850	Q9HCL2
17851	Q9HCL3
17852	Q9HCM1
17853	Q9HCM2
17854	Q9HCM3
17855	Q9HCM4
17856	Q9HCM7
17857	Q9HCM9
17858	Q9HCN2
17859	Q9HCN3
17860	Q9HCN4
17861	Q9HCN6
17862	Q9HCN8
17863	Q9HCP0
17864	Q9HCP6
17865	Q9HCQ5
17866	Q9HCQ7
17867	Q9HCR9
17868	Q9HCS2
17869	Q9HCS4
17870	Q9HCS5
17871	Q9HCS7
17872	Q9HCT0
17873	Q9HCU0
17874	Q9HCU4
17875	Q9HCU5
17876	Q9HCU8
17877	Q9HCU9
17878	Q9HCX3
17879	Q9HCX4
17880	Q9HCY8
17881	Q9HCZ1
17882	Q9HD15
17883	Q9HD20
17884	Q9HD23
17885	Q9HD26
17886	Q9HD33
17887	Q9HD34
17888	Q9HD36
17889	Q9HD40
17890	Q9HD42
17891	Q9HD43
17892	Q9HD45
17893	Q9HD47
17894	Q9HD64
17895	Q9HD67
17896	Q9HD87
17897	Q9HD89
17898	Q9HD90
17899	Q9HDB5
17900	Q9HDB8
17901	Q9HDB9
17902	Q9HDC5
17903	Q9HDC9
17904	Q9HDD0
17905	Q9N2J8
17906	Q9N2K0
17907	Q9NNW5
17908	Q9NNW7
17909	Q9NNX1
17910	Q9NNX6
17911	Q9NNX9
17912	Q9NNZ3
17913	Q9NNZ6
17914	Q9NP08
17915	Q9NP31
17916	Q9NP50
17917	Q9NP55
17918	Q9NP56
17919	Q9NP58
17920	Q9NP59
17921	Q9NP60
17922	Q9NP61
17923	Q9NP62
17924	Q9NP64
17925	Q9NP66
17926	Q9NP70
17927	Q9NP71
17928	Q9NP72
17929	Q9NP73
17930	Q9NP74
17931	Q9NP77
17932	Q9NP78
17933	Q9NP79
17934	Q9NP80
17935	Q9NP81
17936	Q9NP84
17937	Q9NP85
17938	Q9NP86
17939	Q9NP87
17940	Q9NP90
17941	Q9NP91
17942	Q9NP92
17943	Q9NP94
17944	Q9NP95
17945	Q9NP97
17946	Q9NP98
17947	Q9NP99
17948	Q9NPA0
17949	Q9NPA1
17950	Q9NPA2
17951	Q9NPA3
17952	Q9NPA8
17953	Q9NPB0
17954	Q9NPB1
17955	Q9NPB3
17956	Q9NPB6
17957	Q9NPB8
17958	Q9NPB9
17959	Q9NPC1
17960	Q9NPC2
17961	Q9NPC3
17962	Q9NPC4
17963	Q9NPC6
17964	Q9NPC7
17965	Q9NPC8
17966	Q9NPD3
17967	Q9NPD5
17968	Q9NPD7
17969	Q9NPD8
17970	Q9NPE2
17971	Q9NPE3
17972	Q9NPE6
17973	Q9NPF0
17974	Q9NPF2
17975	Q9NPF4
17976	Q9NPF5
17977	Q9NPF7
17978	Q9NPF8
17979	Q9NPG1
17980	Q9NPG2
17981	Q9NPG3
17982	Q9NPG4
17983	Q9NPG8
17984	Q9NPH0
17985	Q9NPH2
17986	Q9NPH3
17987	Q9NPH5
17988	Q9NPH6
17989	Q9NPH9
17990	Q9NPI0
17991	Q9NPI1
17992	Q9NPI5
17993	Q9NPI6
17994	Q9NPI7
17995	Q9NPI8
17996	Q9NPI9
17997	Q9NPJ1
17998	Q9NPJ3
17999	Q9NPJ4
18000	Q9NPJ6
18001	Q9NPJ8
18002	Q9NPL8
18003	Q9NPP4
18004	Q9NPQ8
18005	Q9NPR2
18006	Q9NPR9
18007	Q9NPU4
18008	Q9NPY3
18009	Q9NPZ5
18010	Q9NQ03
18011	Q9NQ11
18012	Q9NQ25
18013	Q9NQ29
18014	Q9NQ30
18015	Q9NQ31
18016	Q9NQ32
18017	Q9NQ33
18018	Q9NQ34
18019	Q9NQ35
18020	Q9NQ36
18021	Q9NQ38
18022	Q9NQ39
18023	Q9NQ40
18024	Q9NQ48
18025	Q9NQ50
18026	Q9NQ55
18027	Q9NQ60
18028	Q9NQ66
18029	Q9NQ69
18030	Q9NQ75
18031	Q9NQ76
18032	Q9NQ79
18033	Q9NQ84
18034	Q9NQ86
18035	Q9NQ87
18036	Q9NQ88
18037	Q9NQ89
18038	Q9NQ90
18039	Q9NQ92
18040	Q9NQ94
18041	Q9NQA3
18042	Q9NQA5
18043	Q9NQB0
18044	Q9NQC1
18045	Q9NQC3
18046	Q9NQC7
18047	Q9NQC8
18048	Q9NQE7
18049	Q9NQE9
18050	Q9NQF3
18051	Q9NQG1
18052	Q9NQG5
18053	Q9NQG6
18054	Q9NQG7
18055	Q9NQH7
18056	Q9NQI0
18057	Q9NQL2
18058	Q9NQL9
18059	Q9NQM4
18060	Q9NQN1
18061	Q9NQP4
18062	Q9NQQ7
18063	Q9NQR1
18064	Q9NQR4
18065	Q9NQR7
18066	Q9NQR9
18067	Q9NQS1
18068	Q9NQS3
18069	Q9NQS5
18070	Q9NQS7
18071	Q9NQT4
18072	Q9NQT5
18073	Q9NQT6
18074	Q9NQT8
18075	Q9NQU5
18076	Q9NQV5
18077	Q9NQV6
18078	Q9NQV7
18079	Q9NQV8
18080	Q9NQW1
18081	Q9NQW5
18082	Q9NQW6
18083	Q9NQW7
18084	Q9NQW8
18085	Q9NQX0
18086	Q9NQX1
18087	Q9NQX3
18088	Q9NQX4
18089	Q9NQX5
18090	Q9NQX6
18091	Q9NQX7
18092	Q9NQY0
18093	Q9NQZ2
18094	Q9NQZ3
18095	Q9NQZ5
18096	Q9NQZ6
18097	Q9NQZ7
18098	Q9NQZ8
18099	Q9NR00
18100	Q9NR09
18101	Q9NR11
18102	Q9NR12
18103	Q9NR16
18104	Q9NR19
18105	Q9NR20
18106	Q9NR21
18107	Q9NR22
18108	Q9NR23
18109	Q9NR28
18110	Q9NR30
18111	Q9NR31
18112	Q9NR33
18113	Q9NR34
18114	Q9NR45
18115	Q9NR46
18116	Q9NR48
18117	Q9NR50
18118	Q9NR55
18119	Q9NR56
18120	Q9NR61
18121	Q9NR63
18122	Q9NR64
18123	Q9NR71
18124	Q9NR77
18125	Q9NR80
18126	Q9NR81
18127	Q9NR82
18128	Q9NR83
18129	Q9NR90
18130	Q9NR96
18131	Q9NR97
18132	Q9NR99
18133	Q9NRA0
18134	Q9NRA1
18135	Q9NRA2
18136	Q9NRA8
18137	Q9NRB3
18138	Q9NRC1
18139	Q9NRC6
18140	Q9NRC8
18141	Q9NRC9
18142	Q9NRD0
18143	Q9NRD1
18144	Q9NRD5
18145	Q9NRD8
18146	Q9NRD9
18147	Q9NRE1
18148	Q9NRE2
18149	Q9NRF2
18150	Q9NRF8
18151	Q9NRF9
18152	Q9NRG0
18153	Q9NRG1
18154	Q9NRG4
18155	Q9NRG7
18156	Q9NRG9
18157	Q9NRH1
18158	Q9NRH2
18159	Q9NRH3
18160	Q9NRI5
18161	Q9NRI6
18162	Q9NRI7
18163	Q9NRJ1
18164	Q9NRJ2
18165	Q9NRJ3
18166	Q9NRJ4
18167	Q9NRJ5
18168	Q9NRJ7
18169	Q9NRK6
18170	Q9NRL2
18171	Q9NRL3
18172	Q9NRM0
18173	Q9NRM1
18174	Q9NRM2
18175	Q9NRM6
18176	Q9NRM7
18177	Q9NRN5
18178	Q9NRN7
18179	Q9NRN9
18180	Q9NRP0
18181	Q9NRP2
18182	Q9NRP4
18183	Q9NRP7
18184	Q9NRQ2
18185	Q9NRQ5
18186	Q9NRR1
18187	Q9NRR2
18188	Q9NRR3
18189	Q9NRR4
18190	Q9NRR5
18191	Q9NRR6
18192	Q9NRR8
18193	Q9NRS4
18194	Q9NRS6
18195	Q9NRU3
18196	Q9NRV9
18197	Q9NRW1
18198	Q9NRW3
18199	Q9NRW4
18200	Q9NRW7
18201	Q9NRX1
18202	Q9NRX2
18203	Q9NRX3
18204	Q9NRX4
18205	Q9NRX5
18206	Q9NRX6
18207	Q9NRY2
18208	Q9NRY4
18209	Q9NRY5
18210	Q9NRY6
18211	Q9NRY7
18212	Q9NRZ5
18213	Q9NRZ7
18214	Q9NRZ9
18215	Q9NS00
18216	Q9NS15
18217	Q9NS18
18218	Q9NS23
18219	Q9NS25
18220	Q9NS26
18221	Q9NS28
18222	Q9NS37
18223	Q9NS39
18224	Q9NS40
18225	Q9NS56
18226	Q9NS61
18227	Q9NS62
18228	Q9NS64
18229	Q9NS66
18230	Q9NS67
18231	Q9NS68
18232	Q9NS69
18233	Q9NS71
18234	Q9NS73
18235	Q9NS75
18236	Q9NS82
18237	Q9NS84
18238	Q9NS85
18239	Q9NS86
18240	Q9NS87
18241	Q9NS91
18242	Q9NS93
18243	Q9NS98
18244	Q9NSA0
18245	Q9NSA1
18246	Q9NSA2
18247	Q9NSA3
18248	Q9NSB2
18249	Q9NSB4
18250	Q9NSB8
18251	Q9NSC2
18252	Q9NSC5
18253	Q9NSC7
18254	Q9NSD4
18255	Q9NSD5
18256	Q9NSD7
18257	Q9NSD9
18258	Q9NSE2
18259	Q9NSE4
18260	Q9NSG2
18261	Q9NSI2
18262	Q9NSI5
18263	Q9NSI6
18264	Q9NSI8
18265	Q9NSJ1
18266	Q9NSK0
18267	Q9NSK7
18268	Q9NSN8
18269	Q9NSP4
18270	Q9NSQ0
18271	Q9NST1
18272	Q9NSU2
18273	Q9NSV4
18274	Q9NSY0
18275	Q9NSY1
18276	Q9NSY2
18277	Q9NT22
18278	Q9NT62
18279	Q9NT68
18280	Q9NT99
18281	Q9NTG1
18282	Q9NTG7
18283	Q9NTI2
18284	Q9NTI5
18285	Q9NTI7
18286	Q9NTJ3
18287	Q9NTJ4
18288	Q9NTJ5
18289	Q9NTK1
18290	Q9NTK5
18291	Q9NTM9
18292	Q9NTN3
18293	Q9NTN9
18294	Q9NTQ9
18295	Q9NTU4
18296	Q9NTU7
18297	Q9NTW7
18298	Q9NTX5
18299	Q9NTX7
18300	Q9NTX9
18301	Q9NTZ6
18302	Q9NU02
18303	Q9NU19
18304	Q9NU22
18305	Q9NU23
18306	Q9NU39
18307	Q9NU53
18308	Q9NU63
18309	Q9NUA8
18310	Q9NUB1
18311	Q9NUB4
18312	Q9NUC0
18313	Q9NUD5
18314	Q9NUD7
18315	Q9NUD9
18316	Q9NUE0
18317	Q9NUG4
18318	Q9NUG6
18319	Q9NUH8
18320	Q9NUI1
18321	Q9NUJ1
18322	Q9NUJ3
18323	Q9NUJ7
18324	Q9NUK0
18325	Q9NUL3
18326	Q9NUL5
18327	Q9NUL7
18328	Q9NUM3
18329	Q9NUM4
18330	Q9NUN5
18331	Q9NUN7
18332	Q9NUP1
18333	Q9NUP7
18334	Q9NUP9
18335	Q9NUQ2
18336	Q9NUQ3
18337	Q9NUQ6
18338	Q9NUQ7
18339	Q9NUQ8
18340	Q9NUQ9
18341	Q9NUR3
18342	Q9NUS5
18343	Q9NUT2
18344	Q9NUU6
18345	Q9NUU7
18346	Q9NUV7
18347	Q9NUV9
18348	Q9NUW8
18349	Q9NUX5
18350	Q9NUY8
18351	Q9NUZ1
18352	Q9NV06
18353	Q9NV12
18354	Q9NV23
18355	Q9NV29
18356	Q9NV31
18357	Q9NV35
18358	Q9NV39
18359	Q9NV56
18360	Q9NV58
18361	Q9NV64
18362	Q9NV66
18363	Q9NV70
18364	Q9NV72
18365	Q9NV79
18366	Q9NV88
18367	Q9NV92
18368	Q9NV96
18369	Q9NVA1
18370	Q9NVA2
18371	Q9NVA4
18372	Q9NVC3
18373	Q9NVC6
18374	Q9NVD3
18375	Q9NVD7
18376	Q9NVE4
18377	Q9NVE5
18378	Q9NVE7
18379	Q9NVF7
18380	Q9NVF9
18381	Q9NVG8
18382	Q9NVH0
18383	Q9NVH1
18384	Q9NVH2
18385	Q9NVH6
18386	Q9NVI1
18387	Q9NVI7
18388	Q9NVJ2
18389	Q9NVK5
18390	Q9NVL1
18391	Q9NVL8
18392	Q9NVM1
18393	Q9NVM4
18394	Q9NVM6
18395	Q9NVM9
18396	Q9NVN3
18397	Q9NVN8
18398	Q9NVP1
18399	Q9NVP2
18400	Q9NVP4
18401	Q9NVQ4
18402	Q9NVR0
18403	Q9NVR2
18404	Q9NVR5
18405	Q9NVR7
18406	Q9NVS2
18407	Q9NVS9
18408	Q9NVT9
18409	Q9NVU0
18410	Q9NVU7
18411	Q9NVV0
18412	Q9NVV2
18413	Q9NVV4
18414	Q9NVV5
18415	Q9NVV9
18416	Q9NVW2
18417	Q9NVX0
18418	Q9NVX2
18419	Q9NVX7
18420	Q9NVZ3
18421	Q9NW07
18422	Q9NW08
18423	Q9NW13
18424	Q9NW15
18425	Q9NW38
18426	Q9NW61
18427	Q9NW64
18428	Q9NW68
18429	Q9NW75
18430	Q9NW81
18431	Q9NW82
18432	Q9NW97
18433	Q9NWA0
18434	Q9NWB1
18435	Q9NWB6
18436	Q9NWB7
18437	Q9NWC5
18438	Q9NWD8
18439	Q9NWD9
18440	Q9NWF4
18441	Q9NWF9
18442	Q9NWH2
18443	Q9NWH7
18444	Q9NWH9
18445	Q9NWK9
18446	Q9NWL6
18447	Q9NWM0
18448	Q9NWM3
18449	Q9NWM8
18450	Q9NWN3
18451	Q9NWQ4
18452	Q9NWQ8
18453	Q9NWQ9
18454	Q9NWR8
18455	Q9NWS0
18456	Q9NWS1
18457	Q9NWS6
18458	Q9NWS8
18459	Q9NWS9
18460	Q9NWT1
18461	Q9NWT6
18462	Q9NWT8
18463	Q9NWU1
18464	Q9NWU2
18465	Q9NWU5
18466	Q9NWV4
18467	Q9NWV8
18468	Q9NWW0
18469	Q9NWW5
18470	Q9NWW6
18471	Q9NWW7
18472	Q9NWW9
18473	Q9NWX5
18474	Q9NWX6
18475	Q9NWY4
18476	Q9NWZ3
18477	Q9NWZ5
18478	Q9NWZ8
18479	Q9NX00
18480	Q9NX01
18481	Q9NX02
18482	Q9NX04
18483	Q9NX05
18484	Q9NX07
18485	Q9NX08
18486	Q9NX09
18487	Q9NX14
18488	Q9NX18
18489	Q9NX20
18490	Q9NX24
18491	Q9NX31
18492	Q9NX36
18493	Q9NX38
18494	Q9NX40
18495	Q9NX45
18496	Q9NX46
18497	Q9NX47
18498	Q9NX52
18499	Q9NX55
18500	Q9NX57
18501	Q9NX58
18502	Q9NX61
18503	Q9NX62
18504	Q9NX63
18505	Q9NX65
18506	Q9NX70
18507	Q9NX74
18508	Q9NX76
18509	Q9NX77
18510	Q9NX78
18511	Q9NX94
18512	Q9NX95
18513	Q9NXA8
18514	Q9NXB0
18515	Q9NXB9
18516	Q9NXC2
18517	Q9NXC5
18518	Q9NXD2
18519	Q9NXE4
18520	Q9NXE8
18521	Q9NXF1
18522	Q9NXF7
18523	Q9NXF8
18524	Q9NXG0
18525	Q9NXG2
18526	Q9NXG6
18527	Q9NXH3
18528	Q9NXH8
18529	Q9NXH9
18530	Q9NXI6
18531	Q9NXJ0
18532	Q9NXJ5
18533	Q9NXK6
18534	Q9NXK8
18535	Q9NXL2
18536	Q9NXL6
18537	Q9NXL9
18538	Q9NXN4
18539	Q9NXP7
18540	Q9NXR1
18541	Q9NXR5
18542	Q9NXR7
18543	Q9NXR8
18544	Q9NXS2
18545	Q9NXS3
18546	Q9NXT0
18547	Q9NXU5
18548	Q9NXV2
18549	Q9NXV6
18550	Q9NXW2
18551	Q9NXW9
18552	Q9NXX6
18553	Q9NXZ1
18554	Q9NXZ2
18555	Q9NY12
18556	Q9NY15
18557	Q9NY25
18558	Q9NY26
18559	Q9NY27
18560	Q9NY28
18561	Q9NY30
18562	Q9NY33
18563	Q9NY35
18564	Q9NY37
18565	Q9NY43
18566	Q9NY46
18567	Q9NY47
18568	Q9NY56
18569	Q9NY57
18570	Q9NY59
18571	Q9NY61
18572	Q9NY64
18573	Q9NY65
18574	Q9NY72
18575	Q9NY74
18576	Q9NY87
18577	Q9NY91
18578	Q9NY93
18579	Q9NY97
18580	Q9NY99
18581	Q9NYA1
18582	Q9NYA3
18583	Q9NYA4
18584	Q9NYB0
18585	Q9NYB5
18586	Q9NYB9
18587	Q9NYC9
18588	Q9NYD6
18589	Q9NYF0
18590	Q9NYF3
18591	Q9NYF5
18592	Q9NYF8
18593	Q9NYG2
18594	Q9NYG5
18595	Q9NYG8
18596	Q9NYH9
18597	Q9NYI0
18598	Q9NYJ1
18599	Q9NYJ7
18600	Q9NYJ8
18601	Q9NYK1
18602	Q9NYK5
18603	Q9NYK6
18604	Q9NYL2
18605	Q9NYL4
18606	Q9NYL5
18607	Q9NYL9
18608	Q9NYM4
18609	Q9NYM9
18610	Q9NYN1
18611	Q9NYP3
18612	Q9NYP7
18613	Q9NYP8
18614	Q9NYP9
18615	Q9NYQ3
18616	Q9NYQ6
18617	Q9NYQ7
18618	Q9NYQ8
18619	Q9NYR8
18620	Q9NYR9
18621	Q9NYS0
18622	Q9NYS7
18623	Q9NYT0
18624	Q9NYT6
18625	Q9NYU1
18626	Q9NYU2
18627	Q9NYV4
18628	Q9NYV6
18629	Q9NYV7
18630	Q9NYV8
18631	Q9NYV9
18632	Q9NYW0
18633	Q9NYW1
18634	Q9NYW2
18635	Q9NYW3
18636	Q9NYW4
18637	Q9NYW5
18638	Q9NYW6
18639	Q9NYW7
18640	Q9NYW8
18641	Q9NYX4
18642	Q9NYY1
18643	Q9NYY3
18644	Q9NYY8
18645	Q9NYZ1
18646	Q9NYZ2
18647	Q9NYZ3
18648	Q9NYZ4
18649	Q9NZ01
18650	Q9NZ08
18651	Q9NZ09
18652	Q9NZ20
18653	Q9NZ32
18654	Q9NZ38
18655	Q9NZ42
18656	Q9NZ43
18657	Q9NZ45
18658	Q9NZ52
18659	Q9NZ53
18660	Q9NZ56
18661	Q9NZ63
18662	Q9NZ71
18663	Q9NZ72
18664	Q9NZ81
18665	Q9NZ94
18666	Q9NZA1
18667	Q9NZB2
18668	Q9NZB8
18669	Q9NZC2
18670	Q9NZC3
18671	Q9NZC4
18672	Q9NZC7
18673	Q9NZC9
18674	Q9NZD1
18675	Q9NZD2
18676	Q9NZD4
18677	Q9NZD8
18678	Q9NZE8
18679	Q9NZF1
18680	Q9NZG7
18681	Q9NZH0
18682	Q9NZH4
18683	Q9NZH5
18684	Q9NZH6
18685	Q9NZH7
18686	Q9NZH8
18687	Q9NZI2
18688	Q9NZI5
18689	Q9NZI6
18690	Q9NZI7
18691	Q9NZI8
18692	Q9NZJ0
18693	Q9NZJ4
18694	Q9NZJ5
18695	Q9NZJ6
18696	Q9NZJ7
18697	Q9NZJ9
18698	Q9NZK5
18699	Q9NZK7
18700	Q9NZL3
18701	Q9NZL4
18702	Q9NZL6
18703	Q9NZL9
18704	Q9NZM1
18705	Q9NZM3
18706	Q9NZM4
18707	Q9NZM5
18708	Q9NZM6
18709	Q9NZN1
18710	Q9NZN3
18711	Q9NZN4
18712	Q9NZN5
18713	Q9NZN8
18714	Q9NZN9
18715	Q9NZP0
18716	Q9NZP2
18717	Q9NZP5
18718	Q9NZP6
18719	Q9NZP8
18720	Q9NZQ0
18721	Q9NZQ3
18722	Q9NZQ7
18723	Q9NZQ8
18724	Q9NZQ9
18725	Q9NZR1
18726	Q9NZR2
18727	Q9NZR4
18728	Q9NZS2
18729	Q9NZS9
18730	Q9NZT1
18731	Q9NZT2
18732	Q9NZU0
18733	Q9NZU1
18734	Q9NZU5
18735	Q9NZU7
18736	Q9NZV1
18737	Q9NZV5
18738	Q9NZV6
18739	Q9NZV7
18740	Q9NZV8
18741	Q9NZW4
18742	Q9NZW5
18743	Q9NZY2
18744	Q9NZZ3
18745	Q9P000
18746	Q9P003
18747	Q9P013
18748	Q9P015
18749	Q9P016
18750	Q9P021
18751	Q9P031
18752	Q9P032
18753	Q9P035
18754	Q9P055
18755	Q9P086
18756	Q9P0B6
18757	Q9P0G3
18758	Q9P0I2
18759	Q9P0J0
18760	Q9P0J1
18761	Q9P0J6
18762	Q9P0J7
18763	Q9P0K1
18764	Q9P0K7
18765	Q9P0K8
18766	Q9P0K9
18767	Q9P0L0
18768	Q9P0L1
18769	Q9P0L2
18770	Q9P0L9
18771	Q9P0M2
18772	Q9P0M4
18773	Q9P0M6
18774	Q9P0M9
18775	Q9P0N5
18776	Q9P0N8
18777	Q9P0N9
18778	Q9P0P0
18779	Q9P0P8
18780	Q9P0R6
18781	Q9P0S2
18782	Q9P0S3
18783	Q9P0S9
18784	Q9P0T4
18785	Q9P0T7
18786	Q9P0U1
18787	Q9P0U3
18788	Q9P0U4
18789	Q9P0V3
18790	Q9P0V8
18791	Q9P0V9
18792	Q9P0W0
18793	Q9P0W2
18794	Q9P0W8
18795	Q9P0X4
18796	Q9P0Z9
18797	Q9P104
18798	Q9P107
18799	Q9P109
18800	Q9P121
18801	Q9P126
18802	Q9P127
18803	Q9P1A2
18804	Q9P1A6
18805	Q9P1C3
18806	Q9P1D8
18807	Q9P1F3
18808	Q9P1G2
18809	Q9P1J3
18810	Q9P1P4
18811	Q9P1P5
18812	Q9P1Q0
18813	Q9P1Q5
18814	Q9P1T7
18815	Q9P1U0
18816	Q9P1U1
18817	Q9P1V8
18818	Q9P1W3
18819	Q9P1W8
18820	Q9P1W9
18821	Q9P1Y5
18822	Q9P1Y6
18823	Q9P1Z0
18824	Q9P1Z2
18825	Q9P1Z3
18826	Q9P1Z9
18827	Q9P202
18828	Q9P203
18829	Q9P206
18830	Q9P209
18831	Q9P212
18832	Q9P215
18833	Q9P217
18834	Q9P218
18835	Q9P219
18836	Q9P225
18837	Q9P227
18838	Q9P232
18839	Q9P241
18840	Q9P242
18841	Q9P243
18842	Q9P244
18843	Q9P246
18844	Q9P253
18845	Q9P255
18846	Q9P258
18847	Q9P260
18848	Q9P265
18849	Q9P266
18850	Q9P267
18851	Q9P270
18852	Q9P272
18853	Q9P273
18854	Q9P275
18855	Q9P278
18856	Q9P281
18857	Q9P283
18858	Q9P286
18859	Q9P287
18860	Q9P289
18861	Q9P291
18862	Q9P296
18863	Q9P298
18864	Q9P299
18865	Q9P2A4
18866	Q9P2B2
18867	Q9P2B4
18868	Q9P2B7
18869	Q9P2C4
18870	Q9P2D0
18871	Q9P2D1
18872	Q9P2D3
18873	Q9P2D6
18874	Q9P2D7
18875	Q9P2D8
18876	Q9P2E2
18877	Q9P2E3
18878	Q9P2E5
18879	Q9P2E7
18880	Q9P2E8
18881	Q9P2E9
18882	Q9P2F5
18883	Q9P2F6
18884	Q9P2F8
18885	Q9P2F9
18886	Q9P2G1
18887	Q9P2G3
18888	Q9P2G4
18889	Q9P2G9
18890	Q9P2H0
18891	Q9P2H3
18892	Q9P2H5
18893	Q9P2I0
18894	Q9P2J2
18895	Q9P2J3
18896	Q9P2J5
18897	Q9P2J8
18898	Q9P2J9
18899	Q9P2K1
18900	Q9P2K2
18901	Q9P2K3
18902	Q9P2K5
18903	Q9P2K6
18904	Q9P2K8
18905	Q9P2K9
18906	Q9P2L0
18907	Q9P2M1
18908	Q9P2M4
18909	Q9P2M7
18910	Q9P2N2
18911	Q9P2N4
18912	Q9P2N5
18913	Q9P2N6
18914	Q9P2N7
18915	Q9P2P1
18916	Q9P2P5
18917	Q9P2P6
18918	Q9P2Q2
18919	Q9P2R3
18920	Q9P2R6
18921	Q9P2R7
18922	Q9P2S2
18923	Q9P2S5
18924	Q9P2S6
18925	Q9P2T0
18926	Q9P2T1
18927	Q9P2U7
18928	Q9P2U8
18929	Q9P2V4
18930	Q9P2W1
18931	Q9P2W3
18932	Q9P2W6
18933	Q9P2W7
18934	Q9P2W9
18935	Q9P2X0
18936	Q9P2X3
18937	Q9P2X7
18938	Q9P2X8
18939	Q9P2Y4
18940	Q9P2Y5
18941	Q9P2Z0
18942	Q9QC07
18943	Q9UBB4
18944	Q9UBB5
18945	Q9UBB6
18946	Q9UBB9
18947	Q9UBC0
18948	Q9UBC1
18949	Q9UBC2
18950	Q9UBC3
18951	Q9UBC5
18952	Q9UBC7
18953	Q9UBC9
18954	Q9UBD0
18955	Q9UBD3
18956	Q9UBD5
18957	Q9UBD6
18958	Q9UBD9
18959	Q9UBE0
18960	Q9UBE8
18961	Q9UBF1
18962	Q9UBF2
18963	Q9UBF6
18964	Q9UBF8
18965	Q9UBF9
18966	Q9UBG0
18967	Q9UBG3
18968	Q9UBG7
18969	Q9UBH0
18970	Q9UBH6
18971	Q9UBI1
18972	Q9UBI4
18973	Q9UBI6
18974	Q9UBI9
18975	Q9UBJ2
18976	Q9UBK2
18977	Q9UBK5
18978	Q9UBK7
18979	Q9UBK8
18980	Q9UBK9
18981	Q9UBL0
18982	Q9UBL3
18983	Q9UBL6
18984	Q9UBL9
18985	Q9UBM1
18986	Q9UBM4
18987	Q9UBM7
18988	Q9UBM8
18989	Q9UBN1
18990	Q9UBN4
18991	Q9UBN6
18992	Q9UBN7
18993	Q9UBP0
18994	Q9UBP4
18995	Q9UBP5
18996	Q9UBP6
18997	Q9UBP8
18998	Q9UBP9
18999	Q9UBQ0
19000	Q9UBQ5
19001	Q9UBQ6
19002	Q9UBQ7
19003	Q9UBR1
19004	Q9UBR2
19005	Q9UBR4
19006	Q9UBR5
19007	Q9UBS0
19008	Q9UBS3
19009	Q9UBS4
19010	Q9UBS5
19011	Q9UBS8
19012	Q9UBS9
19013	Q9UBT2
19014	Q9UBT3
19015	Q9UBT6
19016	Q9UBT7
19017	Q9UBU2
19018	Q9UBU3
19019	Q9UBU6
19020	Q9UBU7
19021	Q9UBU8
19022	Q9UBU9
19023	Q9UBV2
19024	Q9UBV4
19025	Q9UBV7
19026	Q9UBV8
19027	Q9UBW5
19028	Q9UBW7
19029	Q9UBW8
19030	Q9UBX0
19031	Q9UBX1
19032	Q9UBX2
19033	Q9UBX3
19034	Q9UBX5
19035	Q9UBX7
19036	Q9UBX8
19037	Q9UBY0
19038	Q9UBY5
19039	Q9UBY8
19040	Q9UBY9
19041	Q9UBZ4
19042	Q9UBZ9
19043	Q9UC06
19044	Q9UC07
19045	Q9UD57
19046	Q9UD71
19047	Q9UDR5
19048	Q9UDT6
19049	Q9UDV6
19050	Q9UDV7
19051	Q9UDW1
19052	Q9UDW3
19053	Q9UDX3
19054	Q9UDX4
19055	Q9UDX5
19056	Q9UDY2
19057	Q9UDY4
19058	Q9UDY6
19059	Q9UDY8
19060	Q9UEE5
19061	Q9UEE9
19062	Q9UEF7
19063	Q9UEG4
19064	Q9UER7
19065	Q9UET6
19066	Q9UEU0
19067	Q9UEU5
19068	Q9UEW3
19069	Q9UEW8
19070	Q9UEY8
19071	Q9UF02
19072	Q9UF11
19073	Q9UF12
19074	Q9UF33
19075	Q9UF47
19076	Q9UF56
19077	Q9UF83
19078	Q9UFB7
19079	Q9UFC0
19080	Q9UFD9
19081	Q9UFE4
19082	Q9UFF9
19083	Q9UFG5
19084	Q9UFH2
19085	Q9UFN0
19086	Q9UFP1
19087	Q9UFV1
19088	Q9UFV3
19089	Q9UFW8
19090	Q9UG01
19091	Q9UG22
19092	Q9UG56
19093	Q9UG63
19094	Q9UGB7
19095	Q9UGC6
19096	Q9UGC7
19097	Q9UGF5
19098	Q9UGF6
19099	Q9UGF7
19100	Q9UGH3
19101	Q9UGI0
19102	Q9UGI6
19103	Q9UGI8
19104	Q9UGI9
19105	Q9UGJ0
19106	Q9UGJ1
19107	Q9UGK3
19108	Q9UGK8
19109	Q9UGL1
19110	Q9UGL9
19111	Q9UGM1
19112	Q9UGM3
19113	Q9UGM5
19114	Q9UGM6
19115	Q9UGN4
19116	Q9UGN5
19117	Q9UGP4
19118	Q9UGP5
19119	Q9UGP8
19120	Q9UGQ2
19121	Q9UGQ3
19122	Q9UGR2
19123	Q9UGT4
19124	Q9UGU0
19125	Q9UGU5
19126	Q9UGV2
19127	Q9UGY1
19128	Q9UH03
19129	Q9UH17
19130	Q9UH36
19131	Q9UH62
19132	Q9UH64
19133	Q9UH65
19134	Q9UH73
19135	Q9UH77
19136	Q9UH90
19137	Q9UH92
19138	Q9UH99
19139	Q9UHA2
19140	Q9UHA3
19141	Q9UHA4
19142	Q9UHA7
19143	Q9UHB4
19144	Q9UHB6
19145	Q9UHB7
19146	Q9UHB9
19147	Q9UHC1
19148	Q9UHC3
19149	Q9UHC6
19150	Q9UHC7
19151	Q9UHC9
19152	Q9UHD0
19153	Q9UHD1
19154	Q9UHD2
19155	Q9UHD4
19156	Q9UHD8
19157	Q9UHD9
19158	Q9UHE5
19159	Q9UHE8
19160	Q9UHF0
19161	Q9UHF1
19162	Q9UHF3
19163	Q9UHF4
19164	Q9UHF5
19165	Q9UHF7
19166	Q9UHG0
19167	Q9UHG2
19168	Q9UHG3
19169	Q9UHH9
19170	Q9UHI5
19171	Q9UHI6
19172	Q9UHI7
19173	Q9UHI8
19174	Q9UHJ3
19175	Q9UHJ6
19176	Q9UHJ9
19177	Q9UHK0
19178	Q9UHK6
19179	Q9UHL0
19180	Q9UHL3
19181	Q9UHL4
19182	Q9UHL9
19183	Q9UHM6
19184	Q9UHN1
19185	Q9UHN6
19186	Q9UHP3
19187	Q9UHP6
19188	Q9UHP7
19189	Q9UHP9
19190	Q9UHQ1
19191	Q9UHQ4
19192	Q9UHQ7
19193	Q9UHQ9
19194	Q9UHR4
19195	Q9UHR5
19196	Q9UHR6
19197	Q9UHT4
19198	Q9UHU1
19199	Q9UHV2
19200	Q9UHV5
19201	Q9UHV7
19202	Q9UHV8
19203	Q9UHV9
19204	Q9UHW5
19205	Q9UHW9
19206	Q9UHX1
19207	Q9UHX3
19208	Q9UHY1
19209	Q9UHY7
19210	Q9UHY8
19211	Q9UI08
19212	Q9UI09
19213	Q9UI10
19214	Q9UI12
19215	Q9UI14
19216	Q9UI15
19217	Q9UI17
19218	Q9UI25
19219	Q9UI26
19220	Q9UI30
19221	Q9UI32
19222	Q9UI33
19223	Q9UI36
19224	Q9UI38
19225	Q9UI40
19226	Q9UI42
19227	Q9UI43
19228	Q9UI46
19229	Q9UI47
19230	Q9UI54
19231	Q9UI72
19232	Q9UI95
19233	Q9UIA0
19234	Q9UIA9
19235	Q9UIB8
19236	Q9UIC8
19237	Q9UID3
19238	Q9UID6
19239	Q9UIE0
19240	Q9UIF3
19241	Q9UIF7
19242	Q9UIF8
19243	Q9UIF9
19244	Q9UIG0
19245	Q9UIG4
19246	Q9UIG5
19247	Q9UIG8
19248	Q9UIH9
19249	Q9UII2
19250	Q9UII4
19251	Q9UII5
19252	Q9UII6
19253	Q9UIJ5
19254	Q9UIJ7
19255	Q9UIK4
19256	Q9UIK5
19257	Q9UIL1
19258	Q9UIL4
19259	Q9UIL8
19260	Q9UIM3
19261	Q9UIQ6
19262	Q9UIR0
19263	Q9UIS9
19264	Q9UIU6
19265	Q9UIV1
19266	Q9UIV8
19267	Q9UIW0
19268	Q9UIW2
19269	Q9UIX4
19270	Q9UIY3
19271	Q9UJ04
19272	Q9UJ14
19273	Q9UJ37
19274	Q9UJ41
19275	Q9UJ42
19276	Q9UJ55
19277	Q9UJ68
19278	Q9UJ70
19279	Q9UJ71
19280	Q9UJ72
19281	Q9UJ78
19282	Q9UJ83
19283	Q9UJ90
19284	Q9UJ96
19285	Q9UJ98
19286	Q9UJ99
19287	Q9UJA2
19288	Q9UJA3
19289	Q9UJA5
19290	Q9UJA9
19291	Q9UJC3
19292	Q9UJC5
19293	Q9UJD0
19294	Q9UJF2
19295	Q9UJG1
19296	Q9UJH8
19297	Q9UJJ7
19298	Q9UJJ9
19299	Q9UJK0
19300	Q9UJL9
19301	Q9UJM3
19302	Q9UJM8
19303	Q9UJN7
19304	Q9UJP4
19305	Q9UJQ1
19306	Q9UJQ4
19307	Q9UJQ7
19308	Q9UJS0
19309	Q9UJT0
19310	Q9UJT1
19311	Q9UJT2
19312	Q9UJT9
19313	Q9UJU2
19314	Q9UJU3
19315	Q9UJU5
19316	Q9UJU6
19317	Q9UJV3
19318	Q9UJV8
19319	Q9UJV9
19320	Q9UJW0
19321	Q9UJW2
19322	Q9UJW3
19323	Q9UJW7
19324	Q9UJW8
19325	Q9UJW9
19326	Q9UJX0
19327	Q9UJX2
19328	Q9UJX3
19329	Q9UJX4
19330	Q9UJX5
19331	Q9UJX6
19332	Q9UJY1
19333	Q9UJY4
19334	Q9UJY5
19335	Q9UJZ1
19336	Q9UK00
19337	Q9UK05
19338	Q9UK08
19339	Q9UK10
19340	Q9UK11
19341	Q9UK12
19342	Q9UK13
19343	Q9UK17
19344	Q9UK22
19345	Q9UK23
19346	Q9UK28
19347	Q9UK32
19348	Q9UK33
19349	Q9UK39
19350	Q9UK41
19351	Q9UK45
19352	Q9UK53
19353	Q9UK55
19354	Q9UK58
19355	Q9UK59
19356	Q9UK61
19357	Q9UK73
19358	Q9UK76
19359	Q9UK80
19360	Q9UK85
19361	Q9UK96
19362	Q9UK97
19363	Q9UK99
19364	Q9UKA1
19365	Q9UKA2
19366	Q9UKA4
19367	Q9UKA8
19368	Q9UKA9
19369	Q9UKB1
19370	Q9UKB3
19371	Q9UKB5
19372	Q9UKC9
19373	Q9UKD1
19374	Q9UKD2
19375	Q9UKE5
19376	Q9UKF2
19377	Q9UKF5
19378	Q9UKF6
19379	Q9UKF7
19380	Q9UKG1
19381	Q9UKG4
19382	Q9UKG9
19383	Q9UKH3
19384	Q9UKI2
19385	Q9UKI3
19386	Q9UKI8
19387	Q9UKI9
19388	Q9UKJ0
19389	Q9UKJ1
19390	Q9UKJ3
19391	Q9UKJ5
19392	Q9UKJ8
19393	Q9UKK3
19394	Q9UKK6
19395	Q9UKK9
19396	Q9UKL0
19397	Q9UKL2
19398	Q9UKL3
19399	Q9UKL4
19400	Q9UKL6
19401	Q9UKM7
19402	Q9UKM9
19403	Q9UKN1
19404	Q9UKN5
19405	Q9UKN7
19406	Q9UKN8
19407	Q9UKP3
19408	Q9UKP4
19409	Q9UKP5
19410	Q9UKP6
19411	Q9UKQ2
19412	Q9UKQ9
19413	Q9UKR0
19414	Q9UKR3
19415	Q9UKR5
19416	Q9UKR8
19417	Q9UKS6
19418	Q9UKS7
19419	Q9UKT4
19420	Q9UKT5
19421	Q9UKT6
19422	Q9UKT7
19423	Q9UKT8
19424	Q9UKT9
19425	Q9UKU0
19426	Q9UKU6
19427	Q9UKU7
19428	Q9UKU9
19429	Q9UKV0
19430	Q9UKV3
19431	Q9UKV5
19432	Q9UKV8
19433	Q9UKW4
19434	Q9UKW6
19435	Q9UKX2
19436	Q9UKX3
19437	Q9UKX5
19438	Q9UKX7
19439	Q9UKY0
19440	Q9UKY1
19441	Q9UKY3
19442	Q9UKY4
19443	Q9UKY7
19444	Q9UKZ1
19445	Q9UKZ4
19446	Q9UKZ9
19447	Q9UL01
19448	Q9UL03
19449	Q9UL12
19450	Q9UL15
19451	Q9UL16
19452	Q9UL17
19453	Q9UL18
19454	Q9UL19
19455	Q9UL25
19456	Q9UL26
19457	Q9UL33
19458	Q9UL36
19459	Q9UL40
19460	Q9UL41
19461	Q9UL42
19462	Q9UL45
19463	Q9UL46
19464	Q9UL49
19465	Q9UL51
19466	Q9UL52
19467	Q9UL54
19468	Q9UL58
19469	Q9UL59
19470	Q9UL62
19471	Q9UL63
19472	Q9UL68
19473	Q9ULA0
19474	Q9ULB1
19475	Q9ULB4
19476	Q9ULB5
19477	Q9ULC0
19478	Q9ULC3
19479	Q9ULC4
19480	Q9ULC5
19481	Q9ULC6
19482	Q9ULC8
19483	Q9ULD0
19484	Q9ULD2
19485	Q9ULD4
19486	Q9ULD5
19487	Q9ULD6
19488	Q9ULD8
19489	Q9ULD9
19490	Q9ULE0
19491	Q9ULE3
19492	Q9ULE4
19493	Q9ULE6
19494	Q9ULF5
19495	Q9ULG1
19496	Q9ULG3
19497	Q9ULG6
19498	Q9ULH0
19499	Q9ULH1
19500	Q9ULH4
19501	Q9ULH7
19502	Q9ULI0
19503	Q9ULI1
19504	Q9ULI2
19505	Q9ULI3
19506	Q9ULI4
19507	Q9ULJ1
19508	Q9ULJ3
19509	Q9ULJ6
19510	Q9ULJ7
19511	Q9ULJ8
19512	Q9ULK0
19513	Q9ULK2
19514	Q9ULK4
19515	Q9ULK5
19516	Q9ULK6
19517	Q9ULL0
19518	Q9ULL1
19519	Q9ULL4
19520	Q9ULL5
19521	Q9ULL8
19522	Q9ULM0
19523	Q9ULM2
19524	Q9ULM3
19525	Q9ULM6
19526	Q9ULN7
19527	Q9ULP0
19528	Q9ULP9
19529	Q9ULQ0
19530	Q9ULQ1
19531	Q9ULR0
19532	Q9ULR3
19533	Q9ULR5
19534	Q9ULS5
19535	Q9ULS6
19536	Q9ULT0
19537	Q9ULT6
19538	Q9ULT8
19539	Q9ULU4
19540	Q9ULU8
19541	Q9ULV0
19542	Q9ULV1
19543	Q9ULV3
19544	Q9ULV4
19545	Q9ULV5
19546	Q9ULV8
19547	Q9ULW0
19548	Q9ULW2
19549	Q9ULW3
19550	Q9ULW5
19551	Q9ULW6
19552	Q9ULW8
19553	Q9ULX3
19554	Q9ULX5
19555	Q9ULX6
19556	Q9ULX7
19557	Q9ULX9
19558	Q9ULY5
19559	Q9ULZ0
19560	Q9ULZ1
19561	Q9ULZ2
19562	Q9ULZ3
19563	Q9ULZ9
19564	Q9UM00
19565	Q9UM01
19566	Q9UM07
19567	Q9UM11
19568	Q9UM13
19569	Q9UM19
19570	Q9UM21
19571	Q9UM22
19572	Q9UM44
19573	Q9UM47
19574	Q9UM54
19575	Q9UM63
19576	Q9UM73
19577	Q9UM82
19578	Q9UMD9
19579	Q9UMF0
19580	Q9UMN6
19581	Q9UMQ3
19582	Q9UMQ6
19583	Q9UMR2
19584	Q9UMR3
19585	Q9UMR5
19586	Q9UMR7
19587	Q9UMS0
19588	Q9UMS4
19589	Q9UMS5
19590	Q9UMS6
19591	Q9UMW8
19592	Q9UMX0
19593	Q9UMX1
19594	Q9UMX2
19595	Q9UMX3
19596	Q9UMX5
19597	Q9UMX6
19598	Q9UMX9
19599	Q9UMY1
19600	Q9UMY4
19601	Q9UMZ2
19602	Q9UMZ3
19603	Q9UN19
19604	Q9UN30
19605	Q9UN36
19606	Q9UN37
19607	Q9UN42
19608	Q9UN66
19609	Q9UN67
19610	Q9UN70
19611	Q9UN71
19612	Q9UN72
19613	Q9UN73
19614	Q9UN74
19615	Q9UN75
19616	Q9UN76
19617	Q9UN79
19618	Q9UN81
19619	Q9UN86
19620	Q9UN88
19621	Q9UNA0
19622	Q9UNA1
19623	Q9UNA3
19624	Q9UNA4
19625	Q9UND3
19626	Q9UNE0
19627	Q9UNE2
19628	Q9UNE7
19629	Q9UNF0
19630	Q9UNF1
19631	Q9UNG2
19632	Q9UNH5
19633	Q9UNH6
19634	Q9UNH7
19635	Q9UNI1
19636	Q9UNI6
19637	Q9UNK0
19638	Q9UNK4
19639	Q9UNK9
19640	Q9UNL2
19641	Q9UNL4
19642	Q9UNM6
19643	Q9UNN4
19644	Q9UNN5
19645	Q9UNN8
19646	Q9UNP4
19647	Q9UNP9
19648	Q9UNQ0
19649	Q9UNQ2
19650	Q9UNS1
19651	Q9UNS2
19652	Q9UNT1
19653	Q9UNU6
19654	Q9UNW1
19655	Q9UNW8
19656	Q9UNW9
19657	Q9UNX3
19658	Q9UNX4
19659	Q9UNX9
19660	Q9UNY4
19661	Q9UNY5
19662	Q9UNZ2
19663	Q9UNZ5
19664	Q9UP38
19665	Q9UP52
19666	Q9UP65
19667	Q9UP79
19668	Q9UP83
19669	Q9UP95
19670	Q9UPA5
19671	Q9UPC5
19672	Q9UPE1
19673	Q9UPG8
19674	Q9UPI3
19675	Q9UPM6
19676	Q9UPM8
19677	Q9UPM9
19678	Q9UPN3
19679	Q9UPN4
19680	Q9UPN6
19681	Q9UPN7
19682	Q9UPN9
19683	Q9UPP1
19684	Q9UPP2
19685	Q9UPQ0
19686	Q9UPQ3
19687	Q9UPQ4
19688	Q9UPQ7
19689	Q9UPQ8
19690	Q9UPQ9
19691	Q9UPR0
19692	Q9UPR3
19693	Q9UPR5
19694	Q9UPR6
19695	Q9UPS6
19696	Q9UPS8
19697	Q9UPT5
19698	Q9UPT6
19699	Q9UPT8
19700	Q9UPT9
19701	Q9UPU3
19702	Q9UPU5
19703	Q9UPU7
19704	Q9UPU9
19705	Q9UPV0
19706	Q9UPV7
19707	Q9UPV9
19708	Q9UPW0
19709	Q9UPW5
19710	Q9UPW6
19711	Q9UPW8
19712	Q9UPX0
19713	Q9UPX6
19714	Q9UPX8
19715	Q9UPY3
19716	Q9UPY5
19717	Q9UPY6
19718	Q9UPY8
19719	Q9UPZ3
19720	Q9UPZ6
19721	Q9UPZ9
19722	Q9UQ03
19723	Q9UQ05
19724	Q9UQ07
19725	Q9UQ10
19726	Q9UQ13
19727	Q9UQ16
19728	Q9UQ26
19729	Q9UQ35
19730	Q9UQ49
19731	Q9UQ52
19732	Q9UQ53
19733	Q9UQ72
19734	Q9UQ74
19735	Q9UQ80
19736	Q9UQ84
19737	Q9UQ88
19738	Q9UQ90
19739	Q9UQB3
19740	Q9UQB8
19741	Q9UQB9
19742	Q9UQC2
19743	Q9UQC9
19744	Q9UQD0
19745	Q9UQE7
19746	Q9UQF0
19747	Q9UQF2
19748	Q9UQG0
19749	Q9UQK1
19750	Q9UQL6
19751	Q9UQM7
19752	Q9UQN3
19753	Q9UQP3
19754	Q9UQQ1
19755	Q9UQQ2
19756	Q9UQR0
19757	Q9UQR1
19758	Q9UQV4
19759	Q9WJR5
19760	Q9XRX5
19761	Q9Y210
19762	Q9Y215
19763	Q9Y216
19764	Q9Y217
19765	Q9Y219
19766	Q9Y221
19767	Q9Y222
19768	Q9Y223
19769	Q9Y224
19770	Q9Y225
19771	Q9Y226
19772	Q9Y227
19773	Q9Y228
19774	Q9Y230
19775	Q9Y231
19776	Q9Y232
19777	Q9Y233
19778	Q9Y234
19779	Q9Y235
19780	Q9Y236
19781	Q9Y237
19782	Q9Y238
19783	Q9Y239
19784	Q9Y240
19785	Q9Y241
19786	Q9Y242
19787	Q9Y243
19788	Q9Y244
19789	Q9Y247
19790	Q9Y248
19791	Q9Y250
19792	Q9Y251
19793	Q9Y252
19794	Q9Y253
19795	Q9Y255
19796	Q9Y256
19797	Q9Y257
19798	Q9Y258
19799	Q9Y259
19800	Q9Y261
19801	Q9Y262
19802	Q9Y263
19803	Q9Y264
19804	Q9Y265
19805	Q9Y266
19806	Q9Y267
19807	Q9Y271
19808	Q9Y272
19809	Q9Y274
19810	Q9Y275
19811	Q9Y276
19812	Q9Y277
19813	Q9Y278
19814	Q9Y279
19815	Q9Y281
19816	Q9Y282
19817	Q9Y283
19818	Q9Y284
19819	Q9Y285
19820	Q9Y286
19821	Q9Y287
19822	Q9Y289
19823	Q9Y291
19824	Q9Y294
19825	Q9Y295
19826	Q9Y296
19827	Q9Y297
19828	Q9Y2A4
19829	Q9Y2A7
19830	Q9Y2A9
19831	Q9Y2B0
19832	Q9Y2B1
19833	Q9Y2B2
19834	Q9Y2B4
19835	Q9Y2B5
19836	Q9Y2B9
19837	Q9Y2C2
19838	Q9Y2C3
19839	Q9Y2C4
19840	Q9Y2C5
19841	Q9Y2C9
19842	Q9Y2D0
19843	Q9Y2D1
19844	Q9Y2D2
19845	Q9Y2D4
19846	Q9Y2D5
19847	Q9Y2D8
19848	Q9Y2D9
19849	Q9Y2E4
19850	Q9Y2E5
19851	Q9Y2E6
19852	Q9Y2E8
19853	Q9Y2F5
19854	Q9Y2F9
19855	Q9Y2G0
19856	Q9Y2G1
19857	Q9Y2G2
19858	Q9Y2G3
19859	Q9Y2G4
19860	Q9Y2G5
19861	Q9Y2G7
19862	Q9Y2G8
19863	Q9Y2G9
19864	Q9Y2H0
19865	Q9Y2H1
19866	Q9Y2H2
19867	Q9Y2H5
19868	Q9Y2H6
19869	Q9Y2H8
19870	Q9Y2H9
19871	Q9Y2I1
19872	Q9Y2I2
19873	Q9Y2I6
19874	Q9Y2I7
19875	Q9Y2I8
19876	Q9Y2I9
19877	Q9Y2J0
19878	Q9Y2J2
19879	Q9Y2J4
19880	Q9Y2J8
19881	Q9Y2K1
19882	Q9Y2K2
19883	Q9Y2K3
19884	Q9Y2K5
19885	Q9Y2K6
19886	Q9Y2K7
19887	Q9Y2K9
19888	Q9Y2L1
19889	Q9Y2L5
19890	Q9Y2L6
19891	Q9Y2L8
19892	Q9Y2L9
19893	Q9Y2M0
19894	Q9Y2M2
19895	Q9Y2M5
19896	Q9Y2N7
19897	Q9Y2P0
19898	Q9Y2P4
19899	Q9Y2P5
19900	Q9Y2P7
19901	Q9Y2P8
19902	Q9Y2Q0
19903	Q9Y2Q1
19904	Q9Y2Q3
19905	Q9Y2Q5
19906	Q9Y2Q9
19907	Q9Y2R0
19908	Q9Y2R2
19909	Q9Y2R4
19910	Q9Y2R5
19911	Q9Y2R9
19912	Q9Y2S2
19913	Q9Y2S6
19914	Q9Y2S7
19915	Q9Y2T1
19916	Q9Y2T2
19917	Q9Y2T3
19918	Q9Y2T4
19919	Q9Y2T5
19920	Q9Y2T6
19921	Q9Y2T7
19922	Q9Y2U2
19923	Q9Y2U5
19924	Q9Y2U8
19925	Q9Y2U9
19926	Q9Y2V0
19927	Q9Y2V2
19928	Q9Y2V3
19929	Q9Y2V7
19930	Q9Y2W1
19931	Q9Y2W2
19932	Q9Y2W3
19933	Q9Y2W6
19934	Q9Y2W7
19935	Q9Y2X0
19936	Q9Y2X3
19937	Q9Y2X7
19938	Q9Y2X8
19939	Q9Y2X9
19940	Q9Y2Y0
19941	Q9Y2Y1
19942	Q9Y2Y4
19943	Q9Y2Y6
19944	Q9Y2Y8
19945	Q9Y2Y9
19946	Q9Y2Z0
19947	Q9Y2Z2
19948	Q9Y2Z4
19949	Q9Y2Z9
19950	Q9Y303
19951	Q9Y305
19952	Q9Y312
19953	Q9Y314
19954	Q9Y315
19955	Q9Y316
19956	Q9Y320
19957	Q9Y324
19958	Q9Y328
19959	Q9Y330
19960	Q9Y333
19961	Q9Y334
19962	Q9Y336
19963	Q9Y337
19964	Q9Y342
19965	Q9Y343
19966	Q9Y345
19967	Q9Y365
19968	Q9Y366
19969	Q9Y371
19970	Q9Y375
19971	Q9Y376
19972	Q9Y383
19973	Q9Y385
19974	Q9Y388
19975	Q9Y394
19976	Q9Y397
19977	Q9Y399
19978	Q9Y3A0
19979	Q9Y3A2
19980	Q9Y3A3
19981	Q9Y3A4
19982	Q9Y3A5
19983	Q9Y3A6
19984	Q9Y3B1
19985	Q9Y3B2
19986	Q9Y3B3
19987	Q9Y3B4
19988	Q9Y3B6
19989	Q9Y3B7
19990	Q9Y3B8
19991	Q9Y3B9
19992	Q9Y3C0
19993	Q9Y3C1
19994	Q9Y3C4
19995	Q9Y3C5
19996	Q9Y3C6
19997	Q9Y3C7
19998	Q9Y3C8
19999	Q9Y3D0
20000	Q9Y3D2
20001	Q9Y3D3
20002	Q9Y3D5
20003	Q9Y3D6
20004	Q9Y3D7
20005	Q9Y3D8
20006	Q9Y3D9
20007	Q9Y3E0
20008	Q9Y3E1
20009	Q9Y3E2
20010	Q9Y3E5
20011	Q9Y3E7
20012	Q9Y3F1
20013	Q9Y3F4
20014	Q9Y3I0
20015	Q9Y3I1
20016	Q9Y3L3
20017	Q9Y3L5
20018	Q9Y3M2
20019	Q9Y3M8
20020	Q9Y3M9
20021	Q9Y3N9
20022	Q9Y3P4
20023	Q9Y3P8
20024	Q9Y3P9
20025	Q9Y3Q0
20026	Q9Y3Q3
20027	Q9Y3Q4
20028	Q9Y3Q7
20029	Q9Y3Q8
20030	Q9Y3R0
20031	Q9Y3R4
20032	Q9Y3R5
20033	Q9Y3S1
20034	Q9Y3S2
20035	Q9Y3T6
20036	Q9Y3T9
20037	Q9Y3U8
20038	Q9Y3V2
20039	Q9Y3X0
20040	Q9Y3Y2
20041	Q9Y3Y4
20042	Q9Y3Z3
20043	Q9Y421
20044	Q9Y426
20045	Q9Y442
20046	Q9Y446
20047	Q9Y448
20048	Q9Y450
20049	Q9Y458
20050	Q9Y462
20051	Q9Y463
20052	Q9Y466
20053	Q9Y467
20054	Q9Y468
20055	Q9Y471
20056	Q9Y473
20057	Q9Y478
20058	Q9Y483
20059	Q9Y484
20060	Q9Y485
20061	Q9Y487
20062	Q9Y490
20063	Q9Y493
20064	Q9Y496
20065	Q9Y4A0
20066	Q9Y4A5
20067	Q9Y4A8
20068	Q9Y4A9
20069	Q9Y4B4
20070	Q9Y4B5
20071	Q9Y4B6
20072	Q9Y4C0
20073	Q9Y4C1
20074	Q9Y4C2
20075	Q9Y4C4
20076	Q9Y4C5
20077	Q9Y4C8
20078	Q9Y4D1
20079	Q9Y4D2
20080	Q9Y4D7
20081	Q9Y4D8
20082	Q9Y4E1
20083	Q9Y4E5
20084	Q9Y4E6
20085	Q9Y4E8
20086	Q9Y4F1
20087	Q9Y4F3
20088	Q9Y4F4
20089	Q9Y4F5
20090	Q9Y4F9
20091	Q9Y4G2
20092	Q9Y4G6
20093	Q9Y4G8
20094	Q9Y4H2
20095	Q9Y4H4
20096	Q9Y4I1
20097	Q9Y4I5
20098	Q9Y4J8
20099	Q9Y4K0
20100	Q9Y4K1
20101	Q9Y4K3
20102	Q9Y4K4
20103	Q9Y4L1
20104	Q9Y4L5
20105	Q9Y4M8
20106	Q9Y4P1
20107	Q9Y4P3
20108	Q9Y4P8
20109	Q9Y4P9
20110	Q9Y4R7
20111	Q9Y4R8
20112	Q9Y4U1
20113	Q9Y4W2
20114	Q9Y4W6
20115	Q9Y4X0
20116	Q9Y4X3
20117	Q9Y4X4
20118	Q9Y4X5
20119	Q9Y4Y9
20120	Q9Y4Z0
20121	Q9Y4Z2
20122	Q9Y508
20123	Q9Y512
20124	Q9Y519
20125	Q9Y520
20126	Q9Y530
20127	Q9Y534
20128	Q9Y535
20129	Q9Y536
20130	Q9Y543
20131	Q9Y546
20132	Q9Y547
20133	Q9Y548
20134	Q9Y561
20135	Q9Y566
20136	Q9Y570
20137	Q9Y572
20138	Q9Y573
20139	Q9Y574
20140	Q9Y575
20141	Q9Y576
20142	Q9Y577
20143	Q9Y580
20144	Q9Y581
20145	Q9Y584
20146	Q9Y585
20147	Q9Y586
20148	Q9Y587
20149	Q9Y592
20150	Q9Y597
20151	Q9Y5A6
20152	Q9Y5A7
20153	Q9Y5A9
20154	Q9Y5B0
20155	Q9Y5B6
20156	Q9Y5B8
20157	Q9Y5B9
20158	Q9Y5C1
20159	Q9Y5E1
20160	Q9Y5E2
20161	Q9Y5E3
20162	Q9Y5E4
20163	Q9Y5E5
20164	Q9Y5E6
20165	Q9Y5E7
20166	Q9Y5E8
20167	Q9Y5E9
20168	Q9Y5F0
20169	Q9Y5F1
20170	Q9Y5F2
20171	Q9Y5F3
20172	Q9Y5F6
20173	Q9Y5F7
20174	Q9Y5F8
20175	Q9Y5F9
20176	Q9Y5G0
20177	Q9Y5G1
20178	Q9Y5G2
20179	Q9Y5G3
20180	Q9Y5G4
20181	Q9Y5G5
20182	Q9Y5G6
20183	Q9Y5G7
20184	Q9Y5G8
20185	Q9Y5G9
20186	Q9Y5H0
20187	Q9Y5H1
20188	Q9Y5H2
20189	Q9Y5H3
20190	Q9Y5H4
20191	Q9Y5H5
20192	Q9Y5H6
20193	Q9Y5H7
20194	Q9Y5H8
20195	Q9Y5H9
20196	Q9Y5I0
20197	Q9Y5I1
20198	Q9Y5I2
20199	Q9Y5I3
20200	Q9Y5I4
20201	Q9Y5I7
20202	Q9Y5J1
20203	Q9Y5J3
20204	Q9Y5J5
20205	Q9Y5J6
20206	Q9Y5J7
20207	Q9Y5J9
20208	Q9Y5K1
20209	Q9Y5K2
20210	Q9Y5K3
20211	Q9Y5K5
20212	Q9Y5K6
20213	Q9Y5K8
20214	Q9Y5L0
20215	Q9Y5L2
20216	Q9Y5L3
20217	Q9Y5L4
20218	Q9Y5L5
20219	Q9Y5M1
20220	Q9Y5M8
20221	Q9Y5N1
20222	Q9Y5N5
20223	Q9Y5N6
20224	Q9Y5P0
20225	Q9Y5P1
20226	Q9Y5P2
20227	Q9Y5P3
20228	Q9Y5P4
20229	Q9Y5P6
20230	Q9Y5P8
20231	Q9Y5Q0
20232	Q9Y5Q3
20233	Q9Y5Q5
20234	Q9Y5Q6
20235	Q9Y5Q8
20236	Q9Y5Q9
20237	Q9Y5R2
20238	Q9Y5R4
20239	Q9Y5R5
20240	Q9Y5R6
20241	Q9Y5R8
20242	Q9Y5S1
20243	Q9Y5S2
20244	Q9Y5S8
20245	Q9Y5S9
20246	Q9Y5T4
20247	Q9Y5T5
20248	Q9Y5U2
20249	Q9Y5U4
20250	Q9Y5U5
20251	Q9Y5U8
20252	Q9Y5U9
20253	Q9Y5V0
20254	Q9Y5V3
20255	Q9Y5W3
20256	Q9Y5W5
20257	Q9Y5W7
20258	Q9Y5W8
20259	Q9Y5W9
20260	Q9Y5X0
20261	Q9Y5X1
20262	Q9Y5X2
20263	Q9Y5X3
20264	Q9Y5X4
20265	Q9Y5X5
20266	Q9Y5X9
20267	Q9Y5Y0
20268	Q9Y5Y2
20269	Q9Y5Y3
20270	Q9Y5Y4
20271	Q9Y5Y5
20272	Q9Y5Y6
20273	Q9Y5Y7
20274	Q9Y5Y9
20275	Q9Y5Z0
20276	Q9Y5Z4
20277	Q9Y5Z6
20278	Q9Y5Z7
20279	Q9Y5Z9
20280	Q9Y600
20281	Q9Y603
20282	Q9Y605
20283	Q9Y606
20284	Q9Y608
20285	Q9Y613
20286	Q9Y614
20287	Q9Y615
20288	Q9Y616
20289	Q9Y617
20290	Q9Y618
20291	Q9Y619
20292	Q9Y620
20293	Q9Y623
20294	Q9Y624
20295	Q9Y625
20296	Q9Y639
20297	Q9Y644
20298	Q9Y646
20299	Q9Y651
20300	Q9Y653
20301	Q9Y657
20302	Q9Y661
20303	Q9Y662
20304	Q9Y663
20305	Q9Y664
20306	Q9Y666
20307	Q9Y672
20308	Q9Y673
20309	Q9Y675
20310	Q9Y676
20311	Q9Y678
20312	Q9Y679
20313	Q9Y680
20314	Q9Y689
20315	Q9Y691
20316	Q9Y692
20317	Q9Y693
20318	Q9Y694
20319	Q9Y696
20320	Q9Y697
20321	Q9Y698
20322	Q9Y6A1
20323	Q9Y6A2
20324	Q9Y6A4
20325	Q9Y6A5
20326	Q9Y6A9
20327	Q9Y6B2
20328	Q9Y6B6
20329	Q9Y6B7
20330	Q9Y6C2
20331	Q9Y6C5
20332	Q9Y6C7
20333	Q9Y6C9
20334	Q9Y6D0
20335	Q9Y6D5
20336	Q9Y6D6
20337	Q9Y6D9
20338	Q9Y6E0
20339	Q9Y6E2
20340	Q9Y6E7
20341	Q9Y6F1
20342	Q9Y6F6
20343	Q9Y6F7
20344	Q9Y6F8
20345	Q9Y6F9
20346	Q9Y6G1
20347	Q9Y6G3
20348	Q9Y6G5
20349	Q9Y6G9
20350	Q9Y6H1
20351	Q9Y6H3
20352	Q9Y6H5
20353	Q9Y6H6
20354	Q9Y6H8
20355	Q9Y6I0
20356	Q9Y6I3
20357	Q9Y6I4
20358	Q9Y6I7
20359	Q9Y6I8
20360	Q9Y6I9
20361	Q9Y6J0
20362	Q9Y6J3
20363	Q9Y6J6
20364	Q9Y6J8
20365	Q9Y6J9
20366	Q9Y6K0
20367	Q9Y6K1
20368	Q9Y6K5
20369	Q9Y6K8
20370	Q9Y6K9
20371	Q9Y6L6
20372	Q9Y6L7
20373	Q9Y6M0
20374	Q9Y6M1
20375	Q9Y6M4
20376	Q9Y6M5
20377	Q9Y6M7
20378	Q9Y6M9
20379	Q9Y6N1
20380	Q9Y6N5
20381	Q9Y6N6
20382	Q9Y6N7
20383	Q9Y6N8
20384	Q9Y6N9
20385	Q9Y6P5
20386	Q9Y6Q1
20387	Q9Y6Q2
20388	Q9Y6Q3
20389	Q9Y6Q5
20390	Q9Y6Q6
20391	Q9Y6Q9
20392	Q9Y6R0
20393	Q9Y6R1
20394	Q9Y6R4
20395	Q9Y6R6
20396	Q9Y6R7
20397	Q9Y6R9
20398	Q9Y6S9
20399	Q9Y6T7
20400	Q9Y6U3
20401	Q9Y6U7
20402	Q9Y6V0
20403	Q9Y6V7
20404	Q9Y6W3
20405	Q9Y6W5
20406	Q9Y6W6
20407	Q9Y6W8
20408	Q9Y6X0
20409	Q9Y6X1
20410	Q9Y6X2
20411	Q9Y6X3
20412	Q9Y6X4
20413	Q9Y6X5
20414	Q9Y6X6
20415	Q9Y6X8
20416	Q9Y6X9
20417	Q9Y6Y0
20418	Q9Y6Y1
20419	Q9Y6Y8
20420	Q9Y6Y9
20421	Q9Y6Z4
20422	Q9Y6Z7
20423	Q9YNA8
20424	S4R3P1
20425	S4R3Y5
20426	U3KPV4
20427	W5XKT8
20428	W6CW81
20429	X6R8D5
20430	X6R8R1
